panel,ticker,firm_name,base_year_t,forward_year_t1,predictor_variable,predictor_value_t,predictor_unit,outcome_variable,outcome_value_t1,outcome_unit,source_id_t,source_id_t1,notes
PANEL_A,GS,"Goldman Sachs Group, Inc.",2020,2021,share_repurchases,1928.0,USD Millions,roe,23.0,%,RAW_GS_2020_share_repurchases,RAW_GS_2021_roe,Exploratory lagged pair: share_repurchases in 2020 followed by roe in 2021.
PANEL_A,GS,"Goldman Sachs Group, Inc.",2020,2021,share_repurchases,1928.0,USD Millions,rotce_or_rote,24.3,%,RAW_GS_2020_share_repurchases,RAW_GS_2021_rotce_or_rote,Exploratory lagged pair: share_repurchases in 2020 followed by rotce_or_rote in 2021.
PANEL_A,GS,"Goldman Sachs Group, Inc.",2020,2021,share_repurchases,1928.0,USD Millions,efficiency_or_overhead_ratio,53.8,%,RAW_GS_2020_share_repurchases,RAW_GS_2021_efficiency_or_overhead_ratio,Exploratory lagged pair: share_repurchases in 2020 followed by efficiency_or_overhead_ratio in 2021.
PANEL_A,GS,"Goldman Sachs Group, Inc.",2020,2021,dividends_paid,2336.0,USD Millions,roe,23.0,%,RAW_GS_2020_dividends_paid,RAW_GS_2021_roe,Exploratory lagged pair: dividends_paid in 2020 followed by roe in 2021.
PANEL_A,GS,"Goldman Sachs Group, Inc.",2020,2021,dividends_paid,2336.0,USD Millions,rotce_or_rote,24.3,%,RAW_GS_2020_dividends_paid,RAW_GS_2021_rotce_or_rote,Exploratory lagged pair: dividends_paid in 2020 followed by rotce_or_rote in 2021.
PANEL_A,GS,"Goldman Sachs Group, Inc.",2020,2021,dividends_paid,2336.0,USD Millions,efficiency_or_overhead_ratio,53.8,%,RAW_GS_2020_dividends_paid,RAW_GS_2021_efficiency_or_overhead_ratio,Exploratory lagged pair: dividends_paid in 2020 followed by efficiency_or_overhead_ratio in 2021.
PANEL_A,GS,"Goldman Sachs Group, Inc.",2020,2021,total_cash_returned,4264.0,USD Millions,roe,23.0,%,DER_GS_2020_total_cash_returned,RAW_GS_2021_roe,Exploratory lagged pair: total_cash_returned in 2020 followed by roe in 2021.
PANEL_A,GS,"Goldman Sachs Group, Inc.",2020,2021,total_cash_returned,4264.0,USD Millions,rotce_or_rote,24.3,%,DER_GS_2020_total_cash_returned,RAW_GS_2021_rotce_or_rote,Exploratory lagged pair: total_cash_returned in 2020 followed by rotce_or_rote in 2021.
PANEL_A,GS,"Goldman Sachs Group, Inc.",2020,2021,total_cash_returned,4264.0,USD Millions,efficiency_or_overhead_ratio,53.8,%,DER_GS_2020_total_cash_returned,RAW_GS_2021_efficiency_or_overhead_ratio,Exploratory lagged pair: total_cash_returned in 2020 followed by efficiency_or_overhead_ratio in 2021.
PANEL_A,GS,"Goldman Sachs Group, Inc.",2020,2021,cet1_standardized,14.7,%,roe,23.0,%,RAW_GS_2020_cet1_standardized,RAW_GS_2021_roe,Exploratory lagged pair: cet1_standardized in 2020 followed by roe in 2021.
PANEL_A,GS,"Goldman Sachs Group, Inc.",2020,2021,cet1_standardized,14.7,%,rotce_or_rote,24.3,%,RAW_GS_2020_cet1_standardized,RAW_GS_2021_rotce_or_rote,Exploratory lagged pair: cet1_standardized in 2020 followed by rotce_or_rote in 2021.
PANEL_A,GS,"Goldman Sachs Group, Inc.",2020,2021,cet1_standardized,14.7,%,efficiency_or_overhead_ratio,53.8,%,RAW_GS_2020_cet1_standardized,RAW_GS_2021_efficiency_or_overhead_ratio,Exploratory lagged pair: cet1_standardized in 2020 followed by efficiency_or_overhead_ratio in 2021.
PANEL_A,GS,"Goldman Sachs Group, Inc.",2020,2021,investment_banking_revenue,9420.0,USD Millions,roe,23.0,%,RAW_GS_2020_investment_banking_revenue,RAW_GS_2021_roe,Exploratory lagged pair: investment_banking_revenue in 2020 followed by roe in 2021.
PANEL_A,GS,"Goldman Sachs Group, Inc.",2020,2021,investment_banking_revenue,9420.0,USD Millions,rotce_or_rote,24.3,%,RAW_GS_2020_investment_banking_revenue,RAW_GS_2021_rotce_or_rote,Exploratory lagged pair: investment_banking_revenue in 2020 followed by rotce_or_rote in 2021.
PANEL_A,GS,"Goldman Sachs Group, Inc.",2020,2021,investment_banking_revenue,9420.0,USD Millions,efficiency_or_overhead_ratio,53.8,%,RAW_GS_2020_investment_banking_revenue,RAW_GS_2021_efficiency_or_overhead_ratio,Exploratory lagged pair: investment_banking_revenue in 2020 followed by efficiency_or_overhead_ratio in 2021.
PANEL_A,GS,"Goldman Sachs Group, Inc.",2020,2021,shareholder_distribution_ratio,9.57,%,roe,23.0,%,RATIO_GS_2020_dist_ratio,RAW_GS_2021_roe,Exploratory lagged pair: shareholder_distribution_ratio in 2020 followed by roe in 2021.
PANEL_A,GS,"Goldman Sachs Group, Inc.",2020,2021,shareholder_distribution_ratio,9.57,%,rotce_or_rote,24.3,%,RATIO_GS_2020_dist_ratio,RAW_GS_2021_rotce_or_rote,Exploratory lagged pair: shareholder_distribution_ratio in 2020 followed by rotce_or_rote in 2021.
PANEL_A,GS,"Goldman Sachs Group, Inc.",2020,2021,shareholder_distribution_ratio,9.57,%,efficiency_or_overhead_ratio,53.8,%,RATIO_GS_2020_dist_ratio,RAW_GS_2021_efficiency_or_overhead_ratio,Exploratory lagged pair: shareholder_distribution_ratio in 2020 followed by efficiency_or_overhead_ratio in 2021.
PANEL_A,GS,"Goldman Sachs Group, Inc.",2021,2022,share_repurchases,5200.0,USD Millions,roe,10.2,%,RAW_GS_2021_share_repurchases,RAW_GS_2022_roe,Exploratory lagged pair: share_repurchases in 2021 followed by roe in 2022.
PANEL_A,GS,"Goldman Sachs Group, Inc.",2021,2022,share_repurchases,5200.0,USD Millions,rotce_or_rote,11.0,%,RAW_GS_2021_share_repurchases,RAW_GS_2022_rotce_or_rote,Exploratory lagged pair: share_repurchases in 2021 followed by rotce_or_rote in 2022.
PANEL_A,GS,"Goldman Sachs Group, Inc.",2021,2022,share_repurchases,5200.0,USD Millions,efficiency_or_overhead_ratio,65.8,%,RAW_GS_2021_share_repurchases,RAW_GS_2022_efficiency_or_overhead_ratio,Exploratory lagged pair: share_repurchases in 2021 followed by efficiency_or_overhead_ratio in 2022.
PANEL_A,GS,"Goldman Sachs Group, Inc.",2021,2022,dividends_paid,2725.0,USD Millions,roe,10.2,%,RAW_GS_2021_dividends_paid,RAW_GS_2022_roe,Exploratory lagged pair: dividends_paid in 2021 followed by roe in 2022.
PANEL_A,GS,"Goldman Sachs Group, Inc.",2021,2022,dividends_paid,2725.0,USD Millions,rotce_or_rote,11.0,%,RAW_GS_2021_dividends_paid,RAW_GS_2022_rotce_or_rote,Exploratory lagged pair: dividends_paid in 2021 followed by rotce_or_rote in 2022.
PANEL_A,GS,"Goldman Sachs Group, Inc.",2021,2022,dividends_paid,2725.0,USD Millions,efficiency_or_overhead_ratio,65.8,%,RAW_GS_2021_dividends_paid,RAW_GS_2022_efficiency_or_overhead_ratio,Exploratory lagged pair: dividends_paid in 2021 followed by efficiency_or_overhead_ratio in 2022.
PANEL_A,GS,"Goldman Sachs Group, Inc.",2021,2022,total_cash_returned,7925.0,USD Millions,roe,10.2,%,DER_GS_2021_total_cash_returned,RAW_GS_2022_roe,Exploratory lagged pair: total_cash_returned in 2021 followed by roe in 2022.
PANEL_A,GS,"Goldman Sachs Group, Inc.",2021,2022,total_cash_returned,7925.0,USD Millions,rotce_or_rote,11.0,%,DER_GS_2021_total_cash_returned,RAW_GS_2022_rotce_or_rote,Exploratory lagged pair: total_cash_returned in 2021 followed by rotce_or_rote in 2022.
PANEL_A,GS,"Goldman Sachs Group, Inc.",2021,2022,total_cash_returned,7925.0,USD Millions,efficiency_or_overhead_ratio,65.8,%,DER_GS_2021_total_cash_returned,RAW_GS_2022_efficiency_or_overhead_ratio,Exploratory lagged pair: total_cash_returned in 2021 followed by efficiency_or_overhead_ratio in 2022.
PANEL_A,GS,"Goldman Sachs Group, Inc.",2021,2022,cet1_standardized,14.2,%,roe,10.2,%,RAW_GS_2021_cet1_standardized,RAW_GS_2022_roe,Exploratory lagged pair: cet1_standardized in 2021 followed by roe in 2022.
PANEL_A,GS,"Goldman Sachs Group, Inc.",2021,2022,cet1_standardized,14.2,%,rotce_or_rote,11.0,%,RAW_GS_2021_cet1_standardized,RAW_GS_2022_rotce_or_rote,Exploratory lagged pair: cet1_standardized in 2021 followed by rotce_or_rote in 2022.
PANEL_A,GS,"Goldman Sachs Group, Inc.",2021,2022,cet1_standardized,14.2,%,efficiency_or_overhead_ratio,65.8,%,RAW_GS_2021_cet1_standardized,RAW_GS_2022_efficiency_or_overhead_ratio,Exploratory lagged pair: cet1_standardized in 2021 followed by efficiency_or_overhead_ratio in 2022.
PANEL_A,GS,"Goldman Sachs Group, Inc.",2021,2022,investment_banking_revenue,14877.0,USD Millions,roe,10.2,%,RAW_GS_2021_investment_banking_revenue,RAW_GS_2022_roe,Exploratory lagged pair: investment_banking_revenue in 2021 followed by roe in 2022.
PANEL_A,GS,"Goldman Sachs Group, Inc.",2021,2022,investment_banking_revenue,14877.0,USD Millions,rotce_or_rote,11.0,%,RAW_GS_2021_investment_banking_revenue,RAW_GS_2022_rotce_or_rote,Exploratory lagged pair: investment_banking_revenue in 2021 followed by rotce_or_rote in 2022.
PANEL_A,GS,"Goldman Sachs Group, Inc.",2021,2022,investment_banking_revenue,14877.0,USD Millions,efficiency_or_overhead_ratio,65.8,%,RAW_GS_2021_investment_banking_revenue,RAW_GS_2022_efficiency_or_overhead_ratio,Exploratory lagged pair: investment_banking_revenue in 2021 followed by efficiency_or_overhead_ratio in 2022.
PANEL_A,GS,"Goldman Sachs Group, Inc.",2021,2022,shareholder_distribution_ratio,13.36,%,roe,10.2,%,RATIO_GS_2021_dist_ratio,RAW_GS_2022_roe,Exploratory lagged pair: shareholder_distribution_ratio in 2021 followed by roe in 2022.
PANEL_A,GS,"Goldman Sachs Group, Inc.",2021,2022,shareholder_distribution_ratio,13.36,%,rotce_or_rote,11.0,%,RATIO_GS_2021_dist_ratio,RAW_GS_2022_rotce_or_rote,Exploratory lagged pair: shareholder_distribution_ratio in 2021 followed by rotce_or_rote in 2022.
PANEL_A,GS,"Goldman Sachs Group, Inc.",2021,2022,shareholder_distribution_ratio,13.36,%,efficiency_or_overhead_ratio,65.8,%,RATIO_GS_2021_dist_ratio,RAW_GS_2022_efficiency_or_overhead_ratio,Exploratory lagged pair: shareholder_distribution_ratio in 2021 followed by efficiency_or_overhead_ratio in 2022.
PANEL_A,GS,"Goldman Sachs Group, Inc.",2022,2023,share_repurchases,3500.0,USD Millions,roe,7.5,%,RAW_GS_2022_share_repurchases,RAW_GS_2023_roe,Exploratory lagged pair: share_repurchases in 2022 followed by roe in 2023.
PANEL_A,GS,"Goldman Sachs Group, Inc.",2022,2023,share_repurchases,3500.0,USD Millions,rotce_or_rote,8.1,%,RAW_GS_2022_share_repurchases,RAW_GS_2023_rotce_or_rote,Exploratory lagged pair: share_repurchases in 2022 followed by rotce_or_rote in 2023.
PANEL_A,GS,"Goldman Sachs Group, Inc.",2022,2023,share_repurchases,3500.0,USD Millions,efficiency_or_overhead_ratio,74.7,%,RAW_GS_2022_share_repurchases,RAW_GS_2023_efficiency_or_overhead_ratio,Exploratory lagged pair: share_repurchases in 2022 followed by efficiency_or_overhead_ratio in 2023.
PANEL_A,GS,"Goldman Sachs Group, Inc.",2022,2023,dividends_paid,3682.0,USD Millions,roe,7.5,%,RAW_GS_2022_dividends_paid,RAW_GS_2023_roe,Exploratory lagged pair: dividends_paid in 2022 followed by roe in 2023.
PANEL_A,GS,"Goldman Sachs Group, Inc.",2022,2023,dividends_paid,3682.0,USD Millions,rotce_or_rote,8.1,%,RAW_GS_2022_dividends_paid,RAW_GS_2023_rotce_or_rote,Exploratory lagged pair: dividends_paid in 2022 followed by rotce_or_rote in 2023.
PANEL_A,GS,"Goldman Sachs Group, Inc.",2022,2023,dividends_paid,3682.0,USD Millions,efficiency_or_overhead_ratio,74.7,%,RAW_GS_2022_dividends_paid,RAW_GS_2023_efficiency_or_overhead_ratio,Exploratory lagged pair: dividends_paid in 2022 followed by efficiency_or_overhead_ratio in 2023.
PANEL_A,GS,"Goldman Sachs Group, Inc.",2022,2023,total_cash_returned,7182.0,USD Millions,roe,7.5,%,DER_GS_2022_total_cash_returned,RAW_GS_2023_roe,Exploratory lagged pair: total_cash_returned in 2022 followed by roe in 2023.
PANEL_A,GS,"Goldman Sachs Group, Inc.",2022,2023,total_cash_returned,7182.0,USD Millions,rotce_or_rote,8.1,%,DER_GS_2022_total_cash_returned,RAW_GS_2023_rotce_or_rote,Exploratory lagged pair: total_cash_returned in 2022 followed by rotce_or_rote in 2023.
PANEL_A,GS,"Goldman Sachs Group, Inc.",2022,2023,total_cash_returned,7182.0,USD Millions,efficiency_or_overhead_ratio,74.7,%,DER_GS_2022_total_cash_returned,RAW_GS_2023_efficiency_or_overhead_ratio,Exploratory lagged pair: total_cash_returned in 2022 followed by efficiency_or_overhead_ratio in 2023.
PANEL_A,GS,"Goldman Sachs Group, Inc.",2022,2023,cet1_standardized,15.0,%,roe,7.5,%,RAW_GS_2022_cet1_standardized,RAW_GS_2023_roe,Exploratory lagged pair: cet1_standardized in 2022 followed by roe in 2023.
PANEL_A,GS,"Goldman Sachs Group, Inc.",2022,2023,cet1_standardized,15.0,%,rotce_or_rote,8.1,%,RAW_GS_2022_cet1_standardized,RAW_GS_2023_rotce_or_rote,Exploratory lagged pair: cet1_standardized in 2022 followed by rotce_or_rote in 2023.
PANEL_A,GS,"Goldman Sachs Group, Inc.",2022,2023,cet1_standardized,15.0,%,efficiency_or_overhead_ratio,74.7,%,RAW_GS_2022_cet1_standardized,RAW_GS_2023_efficiency_or_overhead_ratio,Exploratory lagged pair: cet1_standardized in 2022 followed by efficiency_or_overhead_ratio in 2023.
PANEL_A,GS,"Goldman Sachs Group, Inc.",2022,2023,investment_banking_revenue,7360.0,USD Millions,roe,7.5,%,RAW_GS_2022_investment_banking_revenue,RAW_GS_2023_roe,Exploratory lagged pair: investment_banking_revenue in 2022 followed by roe in 2023.
PANEL_A,GS,"Goldman Sachs Group, Inc.",2022,2023,investment_banking_revenue,7360.0,USD Millions,rotce_or_rote,8.1,%,RAW_GS_2022_investment_banking_revenue,RAW_GS_2023_rotce_or_rote,Exploratory lagged pair: investment_banking_revenue in 2022 followed by rotce_or_rote in 2023.
PANEL_A,GS,"Goldman Sachs Group, Inc.",2022,2023,investment_banking_revenue,7360.0,USD Millions,efficiency_or_overhead_ratio,74.7,%,RAW_GS_2022_investment_banking_revenue,RAW_GS_2023_efficiency_or_overhead_ratio,Exploratory lagged pair: investment_banking_revenue in 2022 followed by efficiency_or_overhead_ratio in 2023.
PANEL_A,GS,"Goldman Sachs Group, Inc.",2022,2023,shareholder_distribution_ratio,15.16,%,roe,7.5,%,RATIO_GS_2022_dist_ratio,RAW_GS_2023_roe,Exploratory lagged pair: shareholder_distribution_ratio in 2022 followed by roe in 2023.
PANEL_A,GS,"Goldman Sachs Group, Inc.",2022,2023,shareholder_distribution_ratio,15.16,%,rotce_or_rote,8.1,%,RATIO_GS_2022_dist_ratio,RAW_GS_2023_rotce_or_rote,Exploratory lagged pair: shareholder_distribution_ratio in 2022 followed by rotce_or_rote in 2023.
PANEL_A,GS,"Goldman Sachs Group, Inc.",2022,2023,shareholder_distribution_ratio,15.16,%,efficiency_or_overhead_ratio,74.7,%,RATIO_GS_2022_dist_ratio,RAW_GS_2023_efficiency_or_overhead_ratio,Exploratory lagged pair: shareholder_distribution_ratio in 2022 followed by efficiency_or_overhead_ratio in 2023.
PANEL_A,GS,"Goldman Sachs Group, Inc.",2023,2024,share_repurchases,5796.0,USD Millions,roe,11.0,%,RAW_GS_2023_share_repurchases,RAW_GS_2024_roe,Exploratory lagged pair: share_repurchases in 2023 followed by roe in 2024.
PANEL_A,GS,"Goldman Sachs Group, Inc.",2023,2024,share_repurchases,5796.0,USD Millions,rotce_or_rote,11.9,%,RAW_GS_2023_share_repurchases,RAW_GS_2024_rotce_or_rote,Exploratory lagged pair: share_repurchases in 2023 followed by rotce_or_rote in 2024.
PANEL_A,GS,"Goldman Sachs Group, Inc.",2023,2024,share_repurchases,5796.0,USD Millions,efficiency_or_overhead_ratio,64.9,%,RAW_GS_2023_share_repurchases,RAW_GS_2024_efficiency_or_overhead_ratio,Exploratory lagged pair: share_repurchases in 2023 followed by efficiency_or_overhead_ratio in 2024.
PANEL_A,GS,"Goldman Sachs Group, Inc.",2023,2024,dividends_paid,4189.0,USD Millions,roe,11.0,%,RAW_GS_2023_dividends_paid,RAW_GS_2024_roe,Exploratory lagged pair: dividends_paid in 2023 followed by roe in 2024.
PANEL_A,GS,"Goldman Sachs Group, Inc.",2023,2024,dividends_paid,4189.0,USD Millions,rotce_or_rote,11.9,%,RAW_GS_2023_dividends_paid,RAW_GS_2024_rotce_or_rote,Exploratory lagged pair: dividends_paid in 2023 followed by rotce_or_rote in 2024.
PANEL_A,GS,"Goldman Sachs Group, Inc.",2023,2024,dividends_paid,4189.0,USD Millions,efficiency_or_overhead_ratio,64.9,%,RAW_GS_2023_dividends_paid,RAW_GS_2024_efficiency_or_overhead_ratio,Exploratory lagged pair: dividends_paid in 2023 followed by efficiency_or_overhead_ratio in 2024.
PANEL_A,GS,"Goldman Sachs Group, Inc.",2023,2024,total_cash_returned,9985.0,USD Millions,roe,11.0,%,DER_GS_2023_total_cash_returned,RAW_GS_2024_roe,Exploratory lagged pair: total_cash_returned in 2023 followed by roe in 2024.
PANEL_A,GS,"Goldman Sachs Group, Inc.",2023,2024,total_cash_returned,9985.0,USD Millions,rotce_or_rote,11.9,%,DER_GS_2023_total_cash_returned,RAW_GS_2024_rotce_or_rote,Exploratory lagged pair: total_cash_returned in 2023 followed by rotce_or_rote in 2024.
PANEL_A,GS,"Goldman Sachs Group, Inc.",2023,2024,total_cash_returned,9985.0,USD Millions,efficiency_or_overhead_ratio,64.9,%,DER_GS_2023_total_cash_returned,RAW_GS_2024_efficiency_or_overhead_ratio,Exploratory lagged pair: total_cash_returned in 2023 followed by efficiency_or_overhead_ratio in 2024.
PANEL_A,GS,"Goldman Sachs Group, Inc.",2023,2024,cet1_standardized,14.4,%,roe,11.0,%,RAW_GS_2023_cet1_standardized,RAW_GS_2024_roe,Exploratory lagged pair: cet1_standardized in 2023 followed by roe in 2024.
PANEL_A,GS,"Goldman Sachs Group, Inc.",2023,2024,cet1_standardized,14.4,%,rotce_or_rote,11.9,%,RAW_GS_2023_cet1_standardized,RAW_GS_2024_rotce_or_rote,Exploratory lagged pair: cet1_standardized in 2023 followed by rotce_or_rote in 2024.
PANEL_A,GS,"Goldman Sachs Group, Inc.",2023,2024,cet1_standardized,14.4,%,efficiency_or_overhead_ratio,64.9,%,RAW_GS_2023_cet1_standardized,RAW_GS_2024_efficiency_or_overhead_ratio,Exploratory lagged pair: cet1_standardized in 2023 followed by efficiency_or_overhead_ratio in 2024.
PANEL_A,GS,"Goldman Sachs Group, Inc.",2023,2024,investment_banking_revenue,6218.0,USD Millions,roe,11.0,%,RAW_GS_2023_investment_banking_revenue,RAW_GS_2024_roe,Exploratory lagged pair: investment_banking_revenue in 2023 followed by roe in 2024.
PANEL_A,GS,"Goldman Sachs Group, Inc.",2023,2024,investment_banking_revenue,6218.0,USD Millions,rotce_or_rote,11.9,%,RAW_GS_2023_investment_banking_revenue,RAW_GS_2024_rotce_or_rote,Exploratory lagged pair: investment_banking_revenue in 2023 followed by rotce_or_rote in 2024.
PANEL_A,GS,"Goldman Sachs Group, Inc.",2023,2024,investment_banking_revenue,6218.0,USD Millions,efficiency_or_overhead_ratio,64.9,%,RAW_GS_2023_investment_banking_revenue,RAW_GS_2024_efficiency_or_overhead_ratio,Exploratory lagged pair: investment_banking_revenue in 2023 followed by efficiency_or_overhead_ratio in 2024.
PANEL_A,GS,"Goldman Sachs Group, Inc.",2023,2024,shareholder_distribution_ratio,21.59,%,roe,11.0,%,RATIO_GS_2023_dist_ratio,RAW_GS_2024_roe,Exploratory lagged pair: shareholder_distribution_ratio in 2023 followed by roe in 2024.
PANEL_A,GS,"Goldman Sachs Group, Inc.",2023,2024,shareholder_distribution_ratio,21.59,%,rotce_or_rote,11.9,%,RATIO_GS_2023_dist_ratio,RAW_GS_2024_rotce_or_rote,Exploratory lagged pair: shareholder_distribution_ratio in 2023 followed by rotce_or_rote in 2024.
PANEL_A,GS,"Goldman Sachs Group, Inc.",2023,2024,shareholder_distribution_ratio,21.59,%,efficiency_or_overhead_ratio,64.9,%,RATIO_GS_2023_dist_ratio,RAW_GS_2024_efficiency_or_overhead_ratio,Exploratory lagged pair: shareholder_distribution_ratio in 2023 followed by efficiency_or_overhead_ratio in 2024.
PANEL_A,MS,Morgan Stanley,2020,2021,share_repurchases,1347.0,USD Millions,roe,19.8,%,RAW_MS_2020_share_repurchases,RAW_MS_2021_roe,Exploratory lagged pair: share_repurchases in 2020 followed by roe in 2021.
PANEL_A,MS,Morgan Stanley,2020,2021,share_repurchases,1347.0,USD Millions,rotce_or_rote,20.2,%,RAW_MS_2020_share_repurchases,RAW_MS_2021_rotce_or_rote,Exploratory lagged pair: share_repurchases in 2020 followed by rotce_or_rote in 2021.
PANEL_A,MS,Morgan Stanley,2020,2021,share_repurchases,1347.0,USD Millions,efficiency_or_overhead_ratio,67.0,%,RAW_MS_2020_share_repurchases,RAW_MS_2021_efficiency_or_overhead_ratio,Exploratory lagged pair: share_repurchases in 2020 followed by efficiency_or_overhead_ratio in 2021.
PANEL_A,MS,Morgan Stanley,2020,2021,dividends_paid,2739.0,USD Millions,roe,19.8,%,RAW_MS_2020_dividends_paid,RAW_MS_2021_roe,Exploratory lagged pair: dividends_paid in 2020 followed by roe in 2021.
PANEL_A,MS,Morgan Stanley,2020,2021,dividends_paid,2739.0,USD Millions,rotce_or_rote,20.2,%,RAW_MS_2020_dividends_paid,RAW_MS_2021_rotce_or_rote,Exploratory lagged pair: dividends_paid in 2020 followed by rotce_or_rote in 2021.
PANEL_A,MS,Morgan Stanley,2020,2021,dividends_paid,2739.0,USD Millions,efficiency_or_overhead_ratio,67.0,%,RAW_MS_2020_dividends_paid,RAW_MS_2021_efficiency_or_overhead_ratio,Exploratory lagged pair: dividends_paid in 2020 followed by efficiency_or_overhead_ratio in 2021.
PANEL_A,MS,Morgan Stanley,2020,2021,total_cash_returned,4086.0,USD Millions,roe,19.8,%,DER_MS_2020_total_cash_returned,RAW_MS_2021_roe,Exploratory lagged pair: total_cash_returned in 2020 followed by roe in 2021.
PANEL_A,MS,Morgan Stanley,2020,2021,total_cash_returned,4086.0,USD Millions,rotce_or_rote,20.2,%,DER_MS_2020_total_cash_returned,RAW_MS_2021_rotce_or_rote,Exploratory lagged pair: total_cash_returned in 2020 followed by rotce_or_rote in 2021.
PANEL_A,MS,Morgan Stanley,2020,2021,total_cash_returned,4086.0,USD Millions,efficiency_or_overhead_ratio,67.0,%,DER_MS_2020_total_cash_returned,RAW_MS_2021_efficiency_or_overhead_ratio,Exploratory lagged pair: total_cash_returned in 2020 followed by efficiency_or_overhead_ratio in 2021.
PANEL_A,MS,Morgan Stanley,2020,2021,cet1_standardized,17.4,%,roe,19.8,%,RAW_MS_2020_cet1_standardized,RAW_MS_2021_roe,Exploratory lagged pair: cet1_standardized in 2020 followed by roe in 2021.
PANEL_A,MS,Morgan Stanley,2020,2021,cet1_standardized,17.4,%,rotce_or_rote,20.2,%,RAW_MS_2020_cet1_standardized,RAW_MS_2021_rotce_or_rote,Exploratory lagged pair: cet1_standardized in 2020 followed by rotce_or_rote in 2021.
PANEL_A,MS,Morgan Stanley,2020,2021,cet1_standardized,17.4,%,efficiency_or_overhead_ratio,67.0,%,RAW_MS_2020_cet1_standardized,RAW_MS_2021_efficiency_or_overhead_ratio,Exploratory lagged pair: cet1_standardized in 2020 followed by efficiency_or_overhead_ratio in 2021.
PANEL_A,MS,Morgan Stanley,2020,2021,investment_banking_revenue,7674.0,USD Millions,roe,19.8,%,RAW_MS_2020_investment_banking_revenue,RAW_MS_2021_roe,Exploratory lagged pair: investment_banking_revenue in 2020 followed by roe in 2021.
PANEL_A,MS,Morgan Stanley,2020,2021,investment_banking_revenue,7674.0,USD Millions,rotce_or_rote,20.2,%,RAW_MS_2020_investment_banking_revenue,RAW_MS_2021_rotce_or_rote,Exploratory lagged pair: investment_banking_revenue in 2020 followed by rotce_or_rote in 2021.
PANEL_A,MS,Morgan Stanley,2020,2021,investment_banking_revenue,7674.0,USD Millions,efficiency_or_overhead_ratio,67.0,%,RAW_MS_2020_investment_banking_revenue,RAW_MS_2021_efficiency_or_overhead_ratio,Exploratory lagged pair: investment_banking_revenue in 2020 followed by efficiency_or_overhead_ratio in 2021.
PANEL_A,MS,Morgan Stanley,2020,2021,shareholder_distribution_ratio,8.48,%,roe,19.8,%,RATIO_MS_2020_dist_ratio,RAW_MS_2021_roe,Exploratory lagged pair: shareholder_distribution_ratio in 2020 followed by roe in 2021.
PANEL_A,MS,Morgan Stanley,2020,2021,shareholder_distribution_ratio,8.48,%,rotce_or_rote,20.2,%,RATIO_MS_2020_dist_ratio,RAW_MS_2021_rotce_or_rote,Exploratory lagged pair: shareholder_distribution_ratio in 2020 followed by rotce_or_rote in 2021.
PANEL_A,MS,Morgan Stanley,2020,2021,shareholder_distribution_ratio,8.48,%,efficiency_or_overhead_ratio,67.0,%,RATIO_MS_2020_dist_ratio,RAW_MS_2021_efficiency_or_overhead_ratio,Exploratory lagged pair: shareholder_distribution_ratio in 2020 followed by efficiency_or_overhead_ratio in 2021.
PANEL_A,MS,Morgan Stanley,2021,2022,share_repurchases,11464.0,USD Millions,roe,15.3,%,RAW_MS_2021_share_repurchases,RAW_MS_2022_roe,Exploratory lagged pair: share_repurchases in 2021 followed by roe in 2022.
PANEL_A,MS,Morgan Stanley,2021,2022,share_repurchases,11464.0,USD Millions,rotce_or_rote,15.3,%,RAW_MS_2021_share_repurchases,RAW_MS_2022_rotce_or_rote,Exploratory lagged pair: share_repurchases in 2021 followed by rotce_or_rote in 2022.
PANEL_A,MS,Morgan Stanley,2021,2022,share_repurchases,11464.0,USD Millions,efficiency_or_overhead_ratio,73.0,%,RAW_MS_2021_share_repurchases,RAW_MS_2022_efficiency_or_overhead_ratio,Exploratory lagged pair: share_repurchases in 2021 followed by efficiency_or_overhead_ratio in 2022.
PANEL_A,MS,Morgan Stanley,2021,2022,dividends_paid,4171.0,USD Millions,roe,15.3,%,RAW_MS_2021_dividends_paid,RAW_MS_2022_roe,Exploratory lagged pair: dividends_paid in 2021 followed by roe in 2022.
PANEL_A,MS,Morgan Stanley,2021,2022,dividends_paid,4171.0,USD Millions,rotce_or_rote,15.3,%,RAW_MS_2021_dividends_paid,RAW_MS_2022_rotce_or_rote,Exploratory lagged pair: dividends_paid in 2021 followed by rotce_or_rote in 2022.
PANEL_A,MS,Morgan Stanley,2021,2022,dividends_paid,4171.0,USD Millions,efficiency_or_overhead_ratio,73.0,%,RAW_MS_2021_dividends_paid,RAW_MS_2022_efficiency_or_overhead_ratio,Exploratory lagged pair: dividends_paid in 2021 followed by efficiency_or_overhead_ratio in 2022.
PANEL_A,MS,Morgan Stanley,2021,2022,total_cash_returned,15635.0,USD Millions,roe,15.3,%,DER_MS_2021_total_cash_returned,RAW_MS_2022_roe,Exploratory lagged pair: total_cash_returned in 2021 followed by roe in 2022.
PANEL_A,MS,Morgan Stanley,2021,2022,total_cash_returned,15635.0,USD Millions,rotce_or_rote,15.3,%,DER_MS_2021_total_cash_returned,RAW_MS_2022_rotce_or_rote,Exploratory lagged pair: total_cash_returned in 2021 followed by rotce_or_rote in 2022.
PANEL_A,MS,Morgan Stanley,2021,2022,total_cash_returned,15635.0,USD Millions,efficiency_or_overhead_ratio,73.0,%,DER_MS_2021_total_cash_returned,RAW_MS_2022_efficiency_or_overhead_ratio,Exploratory lagged pair: total_cash_returned in 2021 followed by efficiency_or_overhead_ratio in 2022.
PANEL_A,MS,Morgan Stanley,2021,2022,cet1_standardized,16.0,%,roe,15.3,%,RAW_MS_2021_cet1_standardized,RAW_MS_2022_roe,Exploratory lagged pair: cet1_standardized in 2021 followed by roe in 2022.
PANEL_A,MS,Morgan Stanley,2021,2022,cet1_standardized,16.0,%,rotce_or_rote,15.3,%,RAW_MS_2021_cet1_standardized,RAW_MS_2022_rotce_or_rote,Exploratory lagged pair: cet1_standardized in 2021 followed by rotce_or_rote in 2022.
PANEL_A,MS,Morgan Stanley,2021,2022,cet1_standardized,16.0,%,efficiency_or_overhead_ratio,73.0,%,RAW_MS_2021_cet1_standardized,RAW_MS_2022_efficiency_or_overhead_ratio,Exploratory lagged pair: cet1_standardized in 2021 followed by efficiency_or_overhead_ratio in 2022.
PANEL_A,MS,Morgan Stanley,2021,2022,investment_banking_revenue,10994.0,USD Millions,roe,15.3,%,RAW_MS_2021_investment_banking_revenue,RAW_MS_2022_roe,Exploratory lagged pair: investment_banking_revenue in 2021 followed by roe in 2022.
PANEL_A,MS,Morgan Stanley,2021,2022,investment_banking_revenue,10994.0,USD Millions,rotce_or_rote,15.3,%,RAW_MS_2021_investment_banking_revenue,RAW_MS_2022_rotce_or_rote,Exploratory lagged pair: investment_banking_revenue in 2021 followed by rotce_or_rote in 2022.
PANEL_A,MS,Morgan Stanley,2021,2022,investment_banking_revenue,10994.0,USD Millions,efficiency_or_overhead_ratio,73.0,%,RAW_MS_2021_investment_banking_revenue,RAW_MS_2022_efficiency_or_overhead_ratio,Exploratory lagged pair: investment_banking_revenue in 2021 followed by efficiency_or_overhead_ratio in 2022.
PANEL_A,MS,Morgan Stanley,2021,2022,shareholder_distribution_ratio,26.17,%,roe,15.3,%,RATIO_MS_2021_dist_ratio,RAW_MS_2022_roe,Exploratory lagged pair: shareholder_distribution_ratio in 2021 followed by roe in 2022.
PANEL_A,MS,Morgan Stanley,2021,2022,shareholder_distribution_ratio,26.17,%,rotce_or_rote,15.3,%,RATIO_MS_2021_dist_ratio,RAW_MS_2022_rotce_or_rote,Exploratory lagged pair: shareholder_distribution_ratio in 2021 followed by rotce_or_rote in 2022.
PANEL_A,MS,Morgan Stanley,2021,2022,shareholder_distribution_ratio,26.17,%,efficiency_or_overhead_ratio,73.0,%,RATIO_MS_2021_dist_ratio,RAW_MS_2022_efficiency_or_overhead_ratio,Exploratory lagged pair: shareholder_distribution_ratio in 2021 followed by efficiency_or_overhead_ratio in 2022.
PANEL_A,MS,Morgan Stanley,2022,2023,share_repurchases,9865.0,USD Millions,roe,12.8,%,RAW_MS_2022_share_repurchases,RAW_MS_2023_roe,Exploratory lagged pair: share_repurchases in 2022 followed by roe in 2023.
PANEL_A,MS,Morgan Stanley,2022,2023,share_repurchases,9865.0,USD Millions,rotce_or_rote,12.8,%,RAW_MS_2022_share_repurchases,RAW_MS_2023_rotce_or_rote,Exploratory lagged pair: share_repurchases in 2022 followed by rotce_or_rote in 2023.
PANEL_A,MS,Morgan Stanley,2022,2023,share_repurchases,9865.0,USD Millions,efficiency_or_overhead_ratio,77.0,%,RAW_MS_2022_share_repurchases,RAW_MS_2023_efficiency_or_overhead_ratio,Exploratory lagged pair: share_repurchases in 2022 followed by efficiency_or_overhead_ratio in 2023.
PANEL_A,MS,Morgan Stanley,2022,2023,dividends_paid,5401.0,USD Millions,roe,12.8,%,RAW_MS_2022_dividends_paid,RAW_MS_2023_roe,Exploratory lagged pair: dividends_paid in 2022 followed by roe in 2023.
PANEL_A,MS,Morgan Stanley,2022,2023,dividends_paid,5401.0,USD Millions,rotce_or_rote,12.8,%,RAW_MS_2022_dividends_paid,RAW_MS_2023_rotce_or_rote,Exploratory lagged pair: dividends_paid in 2022 followed by rotce_or_rote in 2023.
PANEL_A,MS,Morgan Stanley,2022,2023,dividends_paid,5401.0,USD Millions,efficiency_or_overhead_ratio,77.0,%,RAW_MS_2022_dividends_paid,RAW_MS_2023_efficiency_or_overhead_ratio,Exploratory lagged pair: dividends_paid in 2022 followed by efficiency_or_overhead_ratio in 2023.
PANEL_A,MS,Morgan Stanley,2022,2023,total_cash_returned,15266.0,USD Millions,roe,12.8,%,DER_MS_2022_total_cash_returned,RAW_MS_2023_roe,Exploratory lagged pair: total_cash_returned in 2022 followed by roe in 2023.
PANEL_A,MS,Morgan Stanley,2022,2023,total_cash_returned,15266.0,USD Millions,rotce_or_rote,12.8,%,DER_MS_2022_total_cash_returned,RAW_MS_2023_rotce_or_rote,Exploratory lagged pair: total_cash_returned in 2022 followed by rotce_or_rote in 2023.
PANEL_A,MS,Morgan Stanley,2022,2023,total_cash_returned,15266.0,USD Millions,efficiency_or_overhead_ratio,77.0,%,DER_MS_2022_total_cash_returned,RAW_MS_2023_efficiency_or_overhead_ratio,Exploratory lagged pair: total_cash_returned in 2022 followed by efficiency_or_overhead_ratio in 2023.
PANEL_A,MS,Morgan Stanley,2022,2023,cet1_standardized,15.3,%,roe,12.8,%,RAW_MS_2022_cet1_standardized,RAW_MS_2023_roe,Exploratory lagged pair: cet1_standardized in 2022 followed by roe in 2023.
PANEL_A,MS,Morgan Stanley,2022,2023,cet1_standardized,15.3,%,rotce_or_rote,12.8,%,RAW_MS_2022_cet1_standardized,RAW_MS_2023_rotce_or_rote,Exploratory lagged pair: cet1_standardized in 2022 followed by rotce_or_rote in 2023.
PANEL_A,MS,Morgan Stanley,2022,2023,cet1_standardized,15.3,%,efficiency_or_overhead_ratio,77.0,%,RAW_MS_2022_cet1_standardized,RAW_MS_2023_efficiency_or_overhead_ratio,Exploratory lagged pair: cet1_standardized in 2022 followed by efficiency_or_overhead_ratio in 2023.
PANEL_A,MS,Morgan Stanley,2022,2023,investment_banking_revenue,5599.0,USD Millions,roe,12.8,%,RAW_MS_2022_investment_banking_revenue,RAW_MS_2023_roe,Exploratory lagged pair: investment_banking_revenue in 2022 followed by roe in 2023.
PANEL_A,MS,Morgan Stanley,2022,2023,investment_banking_revenue,5599.0,USD Millions,rotce_or_rote,12.8,%,RAW_MS_2022_investment_banking_revenue,RAW_MS_2023_rotce_or_rote,Exploratory lagged pair: investment_banking_revenue in 2022 followed by rotce_or_rote in 2023.
PANEL_A,MS,Morgan Stanley,2022,2023,investment_banking_revenue,5599.0,USD Millions,efficiency_or_overhead_ratio,77.0,%,RAW_MS_2022_investment_banking_revenue,RAW_MS_2023_efficiency_or_overhead_ratio,Exploratory lagged pair: investment_banking_revenue in 2022 followed by efficiency_or_overhead_ratio in 2023.
PANEL_A,MS,Morgan Stanley,2022,2023,shareholder_distribution_ratio,28.45,%,roe,12.8,%,RATIO_MS_2022_dist_ratio,RAW_MS_2023_roe,Exploratory lagged pair: shareholder_distribution_ratio in 2022 followed by roe in 2023.
PANEL_A,MS,Morgan Stanley,2022,2023,shareholder_distribution_ratio,28.45,%,rotce_or_rote,12.8,%,RATIO_MS_2022_dist_ratio,RAW_MS_2023_rotce_or_rote,Exploratory lagged pair: shareholder_distribution_ratio in 2022 followed by rotce_or_rote in 2023.
PANEL_A,MS,Morgan Stanley,2022,2023,shareholder_distribution_ratio,28.45,%,efficiency_or_overhead_ratio,77.0,%,RATIO_MS_2022_dist_ratio,RAW_MS_2023_efficiency_or_overhead_ratio,Exploratory lagged pair: shareholder_distribution_ratio in 2022 followed by efficiency_or_overhead_ratio in 2023.
PANEL_A,MS,Morgan Stanley,2023,2024,share_repurchases,5300.0,USD Millions,roe,14.5,%,RAW_MS_2023_share_repurchases,RAW_MS_2024_roe,Exploratory lagged pair: share_repurchases in 2023 followed by roe in 2024.
PANEL_A,MS,Morgan Stanley,2023,2024,share_repurchases,5300.0,USD Millions,rotce_or_rote,14.5,%,RAW_MS_2023_share_repurchases,RAW_MS_2024_rotce_or_rote,Exploratory lagged pair: share_repurchases in 2023 followed by rotce_or_rote in 2024.
PANEL_A,MS,Morgan Stanley,2023,2024,share_repurchases,5300.0,USD Millions,efficiency_or_overhead_ratio,72.0,%,RAW_MS_2023_share_repurchases,RAW_MS_2024_efficiency_or_overhead_ratio,Exploratory lagged pair: share_repurchases in 2023 followed by efficiency_or_overhead_ratio in 2024.
PANEL_A,MS,Morgan Stanley,2023,2024,dividends_paid,5763.0,USD Millions,roe,14.5,%,RAW_MS_2023_dividends_paid,RAW_MS_2024_roe,Exploratory lagged pair: dividends_paid in 2023 followed by roe in 2024.
PANEL_A,MS,Morgan Stanley,2023,2024,dividends_paid,5763.0,USD Millions,rotce_or_rote,14.5,%,RAW_MS_2023_dividends_paid,RAW_MS_2024_rotce_or_rote,Exploratory lagged pair: dividends_paid in 2023 followed by rotce_or_rote in 2024.
PANEL_A,MS,Morgan Stanley,2023,2024,dividends_paid,5763.0,USD Millions,efficiency_or_overhead_ratio,72.0,%,RAW_MS_2023_dividends_paid,RAW_MS_2024_efficiency_or_overhead_ratio,Exploratory lagged pair: dividends_paid in 2023 followed by efficiency_or_overhead_ratio in 2024.
PANEL_A,MS,Morgan Stanley,2023,2024,total_cash_returned,11063.0,USD Millions,roe,14.5,%,DER_MS_2023_total_cash_returned,RAW_MS_2024_roe,Exploratory lagged pair: total_cash_returned in 2023 followed by roe in 2024.
PANEL_A,MS,Morgan Stanley,2023,2024,total_cash_returned,11063.0,USD Millions,rotce_or_rote,14.5,%,DER_MS_2023_total_cash_returned,RAW_MS_2024_rotce_or_rote,Exploratory lagged pair: total_cash_returned in 2023 followed by rotce_or_rote in 2024.
PANEL_A,MS,Morgan Stanley,2023,2024,total_cash_returned,11063.0,USD Millions,efficiency_or_overhead_ratio,72.0,%,DER_MS_2023_total_cash_returned,RAW_MS_2024_efficiency_or_overhead_ratio,Exploratory lagged pair: total_cash_returned in 2023 followed by efficiency_or_overhead_ratio in 2024.
PANEL_A,MS,Morgan Stanley,2023,2024,cet1_standardized,15.2,%,roe,14.5,%,RAW_MS_2023_cet1_standardized,RAW_MS_2024_roe,Exploratory lagged pair: cet1_standardized in 2023 followed by roe in 2024.
PANEL_A,MS,Morgan Stanley,2023,2024,cet1_standardized,15.2,%,rotce_or_rote,14.5,%,RAW_MS_2023_cet1_standardized,RAW_MS_2024_rotce_or_rote,Exploratory lagged pair: cet1_standardized in 2023 followed by rotce_or_rote in 2024.
PANEL_A,MS,Morgan Stanley,2023,2024,cet1_standardized,15.2,%,efficiency_or_overhead_ratio,72.0,%,RAW_MS_2023_cet1_standardized,RAW_MS_2024_efficiency_or_overhead_ratio,Exploratory lagged pair: cet1_standardized in 2023 followed by efficiency_or_overhead_ratio in 2024.
PANEL_A,MS,Morgan Stanley,2023,2024,investment_banking_revenue,4948.0,USD Millions,roe,14.5,%,RAW_MS_2023_investment_banking_revenue,RAW_MS_2024_roe,Exploratory lagged pair: investment_banking_revenue in 2023 followed by roe in 2024.
PANEL_A,MS,Morgan Stanley,2023,2024,investment_banking_revenue,4948.0,USD Millions,rotce_or_rote,14.5,%,RAW_MS_2023_investment_banking_revenue,RAW_MS_2024_rotce_or_rote,Exploratory lagged pair: investment_banking_revenue in 2023 followed by rotce_or_rote in 2024.
PANEL_A,MS,Morgan Stanley,2023,2024,investment_banking_revenue,4948.0,USD Millions,efficiency_or_overhead_ratio,72.0,%,RAW_MS_2023_investment_banking_revenue,RAW_MS_2024_efficiency_or_overhead_ratio,Exploratory lagged pair: investment_banking_revenue in 2023 followed by efficiency_or_overhead_ratio in 2024.
PANEL_A,MS,Morgan Stanley,2023,2024,shareholder_distribution_ratio,20.42,%,roe,14.5,%,RATIO_MS_2023_dist_ratio,RAW_MS_2024_roe,Exploratory lagged pair: shareholder_distribution_ratio in 2023 followed by roe in 2024.
PANEL_A,MS,Morgan Stanley,2023,2024,shareholder_distribution_ratio,20.42,%,rotce_or_rote,14.5,%,RATIO_MS_2023_dist_ratio,RAW_MS_2024_rotce_or_rote,Exploratory lagged pair: shareholder_distribution_ratio in 2023 followed by rotce_or_rote in 2024.
PANEL_A,MS,Morgan Stanley,2023,2024,shareholder_distribution_ratio,20.42,%,efficiency_or_overhead_ratio,72.0,%,RATIO_MS_2023_dist_ratio,RAW_MS_2024_efficiency_or_overhead_ratio,Exploratory lagged pair: shareholder_distribution_ratio in 2023 followed by efficiency_or_overhead_ratio in 2024.
PANEL_A,JPM,JPMorgan Chase & Co.,2020,2021,share_repurchases,6517.0,USD Millions,roe,19.0,%,RAW_JPM_2020_share_repurchases,RAW_JPM_2021_roe,Exploratory lagged pair: share_repurchases in 2020 followed by roe in 2021.
PANEL_A,JPM,JPMorgan Chase & Co.,2020,2021,share_repurchases,6517.0,USD Millions,rotce_or_rote,23.0,%,RAW_JPM_2020_share_repurchases,RAW_JPM_2021_rotce_or_rote,Exploratory lagged pair: share_repurchases in 2020 followed by rotce_or_rote in 2021.
PANEL_A,JPM,JPMorgan Chase & Co.,2020,2021,share_repurchases,6517.0,USD Millions,efficiency_or_overhead_ratio,59.0,%,RAW_JPM_2020_share_repurchases,RAW_JPM_2021_efficiency_or_overhead_ratio,Exploratory lagged pair: share_repurchases in 2020 followed by efficiency_or_overhead_ratio in 2021.
PANEL_A,JPM,JPMorgan Chase & Co.,2020,2021,dividends_paid,12690.0,USD Millions,roe,19.0,%,RAW_JPM_2020_dividends_paid,RAW_JPM_2021_roe,Exploratory lagged pair: dividends_paid in 2020 followed by roe in 2021.
PANEL_A,JPM,JPMorgan Chase & Co.,2020,2021,dividends_paid,12690.0,USD Millions,rotce_or_rote,23.0,%,RAW_JPM_2020_dividends_paid,RAW_JPM_2021_rotce_or_rote,Exploratory lagged pair: dividends_paid in 2020 followed by rotce_or_rote in 2021.
PANEL_A,JPM,JPMorgan Chase & Co.,2020,2021,dividends_paid,12690.0,USD Millions,efficiency_or_overhead_ratio,59.0,%,RAW_JPM_2020_dividends_paid,RAW_JPM_2021_efficiency_or_overhead_ratio,Exploratory lagged pair: dividends_paid in 2020 followed by efficiency_or_overhead_ratio in 2021.
PANEL_A,JPM,JPMorgan Chase & Co.,2020,2021,total_cash_returned,19207.0,USD Millions,roe,19.0,%,DER_JPM_2020_total_cash_returned,RAW_JPM_2021_roe,Exploratory lagged pair: total_cash_returned in 2020 followed by roe in 2021.
PANEL_A,JPM,JPMorgan Chase & Co.,2020,2021,total_cash_returned,19207.0,USD Millions,rotce_or_rote,23.0,%,DER_JPM_2020_total_cash_returned,RAW_JPM_2021_rotce_or_rote,Exploratory lagged pair: total_cash_returned in 2020 followed by rotce_or_rote in 2021.
PANEL_A,JPM,JPMorgan Chase & Co.,2020,2021,total_cash_returned,19207.0,USD Millions,efficiency_or_overhead_ratio,59.0,%,DER_JPM_2020_total_cash_returned,RAW_JPM_2021_efficiency_or_overhead_ratio,Exploratory lagged pair: total_cash_returned in 2020 followed by efficiency_or_overhead_ratio in 2021.
PANEL_A,JPM,JPMorgan Chase & Co.,2020,2021,cet1_standardized,13.1,%,roe,19.0,%,RAW_JPM_2020_cet1_standardized,RAW_JPM_2021_roe,Exploratory lagged pair: cet1_standardized in 2020 followed by roe in 2021.
PANEL_A,JPM,JPMorgan Chase & Co.,2020,2021,cet1_standardized,13.1,%,rotce_or_rote,23.0,%,RAW_JPM_2020_cet1_standardized,RAW_JPM_2021_rotce_or_rote,Exploratory lagged pair: cet1_standardized in 2020 followed by rotce_or_rote in 2021.
PANEL_A,JPM,JPMorgan Chase & Co.,2020,2021,cet1_standardized,13.1,%,efficiency_or_overhead_ratio,59.0,%,RAW_JPM_2020_cet1_standardized,RAW_JPM_2021_efficiency_or_overhead_ratio,Exploratory lagged pair: cet1_standardized in 2020 followed by efficiency_or_overhead_ratio in 2021.
PANEL_A,JPM,JPMorgan Chase & Co.,2020,2021,investment_banking_revenue,9486.0,USD Millions,roe,19.0,%,RAW_JPM_2020_investment_banking_revenue,RAW_JPM_2021_roe,Exploratory lagged pair: investment_banking_revenue in 2020 followed by roe in 2021.
PANEL_A,JPM,JPMorgan Chase & Co.,2020,2021,investment_banking_revenue,9486.0,USD Millions,rotce_or_rote,23.0,%,RAW_JPM_2020_investment_banking_revenue,RAW_JPM_2021_rotce_or_rote,Exploratory lagged pair: investment_banking_revenue in 2020 followed by rotce_or_rote in 2021.
PANEL_A,JPM,JPMorgan Chase & Co.,2020,2021,investment_banking_revenue,9486.0,USD Millions,efficiency_or_overhead_ratio,59.0,%,RAW_JPM_2020_investment_banking_revenue,RAW_JPM_2021_efficiency_or_overhead_ratio,Exploratory lagged pair: investment_banking_revenue in 2020 followed by efficiency_or_overhead_ratio in 2021.
PANEL_A,JPM,JPMorgan Chase & Co.,2020,2021,shareholder_distribution_ratio,16.07,%,roe,19.0,%,RATIO_JPM_2020_dist_ratio,RAW_JPM_2021_roe,Exploratory lagged pair: shareholder_distribution_ratio in 2020 followed by roe in 2021.
PANEL_A,JPM,JPMorgan Chase & Co.,2020,2021,shareholder_distribution_ratio,16.07,%,rotce_or_rote,23.0,%,RATIO_JPM_2020_dist_ratio,RAW_JPM_2021_rotce_or_rote,Exploratory lagged pair: shareholder_distribution_ratio in 2020 followed by rotce_or_rote in 2021.
PANEL_A,JPM,JPMorgan Chase & Co.,2020,2021,shareholder_distribution_ratio,16.07,%,efficiency_or_overhead_ratio,59.0,%,RATIO_JPM_2020_dist_ratio,RAW_JPM_2021_efficiency_or_overhead_ratio,Exploratory lagged pair: shareholder_distribution_ratio in 2020 followed by efficiency_or_overhead_ratio in 2021.
PANEL_A,JPM,JPMorgan Chase & Co.,2021,2022,share_repurchases,18408.0,USD Millions,roe,14.0,%,RAW_JPM_2021_share_repurchases,RAW_JPM_2022_roe,Exploratory lagged pair: share_repurchases in 2021 followed by roe in 2022.
PANEL_A,JPM,JPMorgan Chase & Co.,2021,2022,share_repurchases,18408.0,USD Millions,rotce_or_rote,18.0,%,RAW_JPM_2021_share_repurchases,RAW_JPM_2022_rotce_or_rote,Exploratory lagged pair: share_repurchases in 2021 followed by rotce_or_rote in 2022.
PANEL_A,JPM,JPMorgan Chase & Co.,2021,2022,share_repurchases,18408.0,USD Millions,efficiency_or_overhead_ratio,62.0,%,RAW_JPM_2021_share_repurchases,RAW_JPM_2022_efficiency_or_overhead_ratio,Exploratory lagged pair: share_repurchases in 2021 followed by efficiency_or_overhead_ratio in 2022.
PANEL_A,JPM,JPMorgan Chase & Co.,2021,2022,dividends_paid,12858.0,USD Millions,roe,14.0,%,RAW_JPM_2021_dividends_paid,RAW_JPM_2022_roe,Exploratory lagged pair: dividends_paid in 2021 followed by roe in 2022.
PANEL_A,JPM,JPMorgan Chase & Co.,2021,2022,dividends_paid,12858.0,USD Millions,rotce_or_rote,18.0,%,RAW_JPM_2021_dividends_paid,RAW_JPM_2022_rotce_or_rote,Exploratory lagged pair: dividends_paid in 2021 followed by rotce_or_rote in 2022.
PANEL_A,JPM,JPMorgan Chase & Co.,2021,2022,dividends_paid,12858.0,USD Millions,efficiency_or_overhead_ratio,62.0,%,RAW_JPM_2021_dividends_paid,RAW_JPM_2022_efficiency_or_overhead_ratio,Exploratory lagged pair: dividends_paid in 2021 followed by efficiency_or_overhead_ratio in 2022.
PANEL_A,JPM,JPMorgan Chase & Co.,2021,2022,total_cash_returned,31266.0,USD Millions,roe,14.0,%,DER_JPM_2021_total_cash_returned,RAW_JPM_2022_roe,Exploratory lagged pair: total_cash_returned in 2021 followed by roe in 2022.
PANEL_A,JPM,JPMorgan Chase & Co.,2021,2022,total_cash_returned,31266.0,USD Millions,rotce_or_rote,18.0,%,DER_JPM_2021_total_cash_returned,RAW_JPM_2022_rotce_or_rote,Exploratory lagged pair: total_cash_returned in 2021 followed by rotce_or_rote in 2022.
PANEL_A,JPM,JPMorgan Chase & Co.,2021,2022,total_cash_returned,31266.0,USD Millions,efficiency_or_overhead_ratio,62.0,%,DER_JPM_2021_total_cash_returned,RAW_JPM_2022_efficiency_or_overhead_ratio,Exploratory lagged pair: total_cash_returned in 2021 followed by efficiency_or_overhead_ratio in 2022.
PANEL_A,JPM,JPMorgan Chase & Co.,2021,2022,cet1_standardized,13.0,%,roe,14.0,%,RAW_JPM_2021_cet1_standardized,RAW_JPM_2022_roe,Exploratory lagged pair: cet1_standardized in 2021 followed by roe in 2022.
PANEL_A,JPM,JPMorgan Chase & Co.,2021,2022,cet1_standardized,13.0,%,rotce_or_rote,18.0,%,RAW_JPM_2021_cet1_standardized,RAW_JPM_2022_rotce_or_rote,Exploratory lagged pair: cet1_standardized in 2021 followed by rotce_or_rote in 2022.
PANEL_A,JPM,JPMorgan Chase & Co.,2021,2022,cet1_standardized,13.0,%,efficiency_or_overhead_ratio,62.0,%,RAW_JPM_2021_cet1_standardized,RAW_JPM_2022_efficiency_or_overhead_ratio,Exploratory lagged pair: cet1_standardized in 2021 followed by efficiency_or_overhead_ratio in 2022.
PANEL_A,JPM,JPMorgan Chase & Co.,2021,2022,investment_banking_revenue,13216.0,USD Millions,roe,14.0,%,RAW_JPM_2021_investment_banking_revenue,RAW_JPM_2022_roe,Exploratory lagged pair: investment_banking_revenue in 2021 followed by roe in 2022.
PANEL_A,JPM,JPMorgan Chase & Co.,2021,2022,investment_banking_revenue,13216.0,USD Millions,rotce_or_rote,18.0,%,RAW_JPM_2021_investment_banking_revenue,RAW_JPM_2022_rotce_or_rote,Exploratory lagged pair: investment_banking_revenue in 2021 followed by rotce_or_rote in 2022.
PANEL_A,JPM,JPMorgan Chase & Co.,2021,2022,investment_banking_revenue,13216.0,USD Millions,efficiency_or_overhead_ratio,62.0,%,RAW_JPM_2021_investment_banking_revenue,RAW_JPM_2022_efficiency_or_overhead_ratio,Exploratory lagged pair: investment_banking_revenue in 2021 followed by efficiency_or_overhead_ratio in 2022.
PANEL_A,JPM,JPMorgan Chase & Co.,2021,2022,shareholder_distribution_ratio,25.7,%,roe,14.0,%,RATIO_JPM_2021_dist_ratio,RAW_JPM_2022_roe,Exploratory lagged pair: shareholder_distribution_ratio in 2021 followed by roe in 2022.
PANEL_A,JPM,JPMorgan Chase & Co.,2021,2022,shareholder_distribution_ratio,25.7,%,rotce_or_rote,18.0,%,RATIO_JPM_2021_dist_ratio,RAW_JPM_2022_rotce_or_rote,Exploratory lagged pair: shareholder_distribution_ratio in 2021 followed by rotce_or_rote in 2022.
PANEL_A,JPM,JPMorgan Chase & Co.,2021,2022,shareholder_distribution_ratio,25.7,%,efficiency_or_overhead_ratio,62.0,%,RATIO_JPM_2021_dist_ratio,RAW_JPM_2022_efficiency_or_overhead_ratio,Exploratory lagged pair: shareholder_distribution_ratio in 2021 followed by efficiency_or_overhead_ratio in 2022.
PANEL_A,JPM,JPMorgan Chase & Co.,2022,2023,share_repurchases,3162.0,USD Millions,roe,17.0,%,RAW_JPM_2022_share_repurchases,RAW_JPM_2023_roe,Exploratory lagged pair: share_repurchases in 2022 followed by roe in 2023.
PANEL_A,JPM,JPMorgan Chase & Co.,2022,2023,share_repurchases,3162.0,USD Millions,rotce_or_rote,21.0,%,RAW_JPM_2022_share_repurchases,RAW_JPM_2023_rotce_or_rote,Exploratory lagged pair: share_repurchases in 2022 followed by rotce_or_rote in 2023.
PANEL_A,JPM,JPMorgan Chase & Co.,2022,2023,share_repurchases,3162.0,USD Millions,efficiency_or_overhead_ratio,54.0,%,RAW_JPM_2022_share_repurchases,RAW_JPM_2023_efficiency_or_overhead_ratio,Exploratory lagged pair: share_repurchases in 2022 followed by efficiency_or_overhead_ratio in 2023.
PANEL_A,JPM,JPMorgan Chase & Co.,2022,2023,dividends_paid,13562.0,USD Millions,roe,17.0,%,RAW_JPM_2022_dividends_paid,RAW_JPM_2023_roe,Exploratory lagged pair: dividends_paid in 2022 followed by roe in 2023.
PANEL_A,JPM,JPMorgan Chase & Co.,2022,2023,dividends_paid,13562.0,USD Millions,rotce_or_rote,21.0,%,RAW_JPM_2022_dividends_paid,RAW_JPM_2023_rotce_or_rote,Exploratory lagged pair: dividends_paid in 2022 followed by rotce_or_rote in 2023.
PANEL_A,JPM,JPMorgan Chase & Co.,2022,2023,dividends_paid,13562.0,USD Millions,efficiency_or_overhead_ratio,54.0,%,RAW_JPM_2022_dividends_paid,RAW_JPM_2023_efficiency_or_overhead_ratio,Exploratory lagged pair: dividends_paid in 2022 followed by efficiency_or_overhead_ratio in 2023.
PANEL_A,JPM,JPMorgan Chase & Co.,2022,2023,total_cash_returned,16724.0,USD Millions,roe,17.0,%,DER_JPM_2022_total_cash_returned,RAW_JPM_2023_roe,Exploratory lagged pair: total_cash_returned in 2022 followed by roe in 2023.
PANEL_A,JPM,JPMorgan Chase & Co.,2022,2023,total_cash_returned,16724.0,USD Millions,rotce_or_rote,21.0,%,DER_JPM_2022_total_cash_returned,RAW_JPM_2023_rotce_or_rote,Exploratory lagged pair: total_cash_returned in 2022 followed by rotce_or_rote in 2023.
PANEL_A,JPM,JPMorgan Chase & Co.,2022,2023,total_cash_returned,16724.0,USD Millions,efficiency_or_overhead_ratio,54.0,%,DER_JPM_2022_total_cash_returned,RAW_JPM_2023_efficiency_or_overhead_ratio,Exploratory lagged pair: total_cash_returned in 2022 followed by efficiency_or_overhead_ratio in 2023.
PANEL_A,JPM,JPMorgan Chase & Co.,2022,2023,cet1_standardized,13.2,%,roe,17.0,%,RAW_JPM_2022_cet1_standardized,RAW_JPM_2023_roe,Exploratory lagged pair: cet1_standardized in 2022 followed by roe in 2023.
PANEL_A,JPM,JPMorgan Chase & Co.,2022,2023,cet1_standardized,13.2,%,rotce_or_rote,21.0,%,RAW_JPM_2022_cet1_standardized,RAW_JPM_2023_rotce_or_rote,Exploratory lagged pair: cet1_standardized in 2022 followed by rotce_or_rote in 2023.
PANEL_A,JPM,JPMorgan Chase & Co.,2022,2023,cet1_standardized,13.2,%,efficiency_or_overhead_ratio,54.0,%,RAW_JPM_2022_cet1_standardized,RAW_JPM_2023_efficiency_or_overhead_ratio,Exploratory lagged pair: cet1_standardized in 2022 followed by efficiency_or_overhead_ratio in 2023.
PANEL_A,JPM,JPMorgan Chase & Co.,2022,2023,investment_banking_revenue,6686.0,USD Millions,roe,17.0,%,RAW_JPM_2022_investment_banking_revenue,RAW_JPM_2023_roe,Exploratory lagged pair: investment_banking_revenue in 2022 followed by roe in 2023.
PANEL_A,JPM,JPMorgan Chase & Co.,2022,2023,investment_banking_revenue,6686.0,USD Millions,rotce_or_rote,21.0,%,RAW_JPM_2022_investment_banking_revenue,RAW_JPM_2023_rotce_or_rote,Exploratory lagged pair: investment_banking_revenue in 2022 followed by rotce_or_rote in 2023.
PANEL_A,JPM,JPMorgan Chase & Co.,2022,2023,investment_banking_revenue,6686.0,USD Millions,efficiency_or_overhead_ratio,54.0,%,RAW_JPM_2022_investment_banking_revenue,RAW_JPM_2023_efficiency_or_overhead_ratio,Exploratory lagged pair: investment_banking_revenue in 2022 followed by efficiency_or_overhead_ratio in 2023.
PANEL_A,JPM,JPMorgan Chase & Co.,2022,2023,shareholder_distribution_ratio,13.0,%,roe,17.0,%,RATIO_JPM_2022_dist_ratio,RAW_JPM_2023_roe,Exploratory lagged pair: shareholder_distribution_ratio in 2022 followed by roe in 2023.
PANEL_A,JPM,JPMorgan Chase & Co.,2022,2023,shareholder_distribution_ratio,13.0,%,rotce_or_rote,21.0,%,RATIO_JPM_2022_dist_ratio,RAW_JPM_2023_rotce_or_rote,Exploratory lagged pair: shareholder_distribution_ratio in 2022 followed by rotce_or_rote in 2023.
PANEL_A,JPM,JPMorgan Chase & Co.,2022,2023,shareholder_distribution_ratio,13.0,%,efficiency_or_overhead_ratio,54.0,%,RATIO_JPM_2022_dist_ratio,RAW_JPM_2023_efficiency_or_overhead_ratio,Exploratory lagged pair: shareholder_distribution_ratio in 2022 followed by efficiency_or_overhead_ratio in 2023.
PANEL_A,JPM,JPMorgan Chase & Co.,2023,2024,share_repurchases,9824.0,USD Millions,roe,18.0,%,RAW_JPM_2023_share_repurchases,RAW_JPM_2024_roe,Exploratory lagged pair: share_repurchases in 2023 followed by roe in 2024.
PANEL_A,JPM,JPMorgan Chase & Co.,2023,2024,share_repurchases,9824.0,USD Millions,rotce_or_rote,22.0,%,RAW_JPM_2023_share_repurchases,RAW_JPM_2024_rotce_or_rote,Exploratory lagged pair: share_repurchases in 2023 followed by rotce_or_rote in 2024.
PANEL_A,JPM,JPMorgan Chase & Co.,2023,2024,share_repurchases,9824.0,USD Millions,efficiency_or_overhead_ratio,53.0,%,RAW_JPM_2023_share_repurchases,RAW_JPM_2024_efficiency_or_overhead_ratio,Exploratory lagged pair: share_repurchases in 2023 followed by efficiency_or_overhead_ratio in 2024.
PANEL_A,JPM,JPMorgan Chase & Co.,2023,2024,dividends_paid,13463.0,USD Millions,roe,18.0,%,RAW_JPM_2023_dividends_paid,RAW_JPM_2024_roe,Exploratory lagged pair: dividends_paid in 2023 followed by roe in 2024.
PANEL_A,JPM,JPMorgan Chase & Co.,2023,2024,dividends_paid,13463.0,USD Millions,rotce_or_rote,22.0,%,RAW_JPM_2023_dividends_paid,RAW_JPM_2024_rotce_or_rote,Exploratory lagged pair: dividends_paid in 2023 followed by rotce_or_rote in 2024.
PANEL_A,JPM,JPMorgan Chase & Co.,2023,2024,dividends_paid,13463.0,USD Millions,efficiency_or_overhead_ratio,53.0,%,RAW_JPM_2023_dividends_paid,RAW_JPM_2024_efficiency_or_overhead_ratio,Exploratory lagged pair: dividends_paid in 2023 followed by efficiency_or_overhead_ratio in 2024.
PANEL_A,JPM,JPMorgan Chase & Co.,2023,2024,total_cash_returned,23287.0,USD Millions,roe,18.0,%,DER_JPM_2023_total_cash_returned,RAW_JPM_2024_roe,Exploratory lagged pair: total_cash_returned in 2023 followed by roe in 2024.
PANEL_A,JPM,JPMorgan Chase & Co.,2023,2024,total_cash_returned,23287.0,USD Millions,rotce_or_rote,22.0,%,DER_JPM_2023_total_cash_returned,RAW_JPM_2024_rotce_or_rote,Exploratory lagged pair: total_cash_returned in 2023 followed by rotce_or_rote in 2024.
PANEL_A,JPM,JPMorgan Chase & Co.,2023,2024,total_cash_returned,23287.0,USD Millions,efficiency_or_overhead_ratio,53.0,%,DER_JPM_2023_total_cash_returned,RAW_JPM_2024_efficiency_or_overhead_ratio,Exploratory lagged pair: total_cash_returned in 2023 followed by efficiency_or_overhead_ratio in 2024.
PANEL_A,JPM,JPMorgan Chase & Co.,2023,2024,cet1_standardized,15.0,%,roe,18.0,%,RAW_JPM_2023_cet1_standardized,RAW_JPM_2024_roe,Exploratory lagged pair: cet1_standardized in 2023 followed by roe in 2024.
PANEL_A,JPM,JPMorgan Chase & Co.,2023,2024,cet1_standardized,15.0,%,rotce_or_rote,22.0,%,RAW_JPM_2023_cet1_standardized,RAW_JPM_2024_rotce_or_rote,Exploratory lagged pair: cet1_standardized in 2023 followed by rotce_or_rote in 2024.
PANEL_A,JPM,JPMorgan Chase & Co.,2023,2024,cet1_standardized,15.0,%,efficiency_or_overhead_ratio,53.0,%,RAW_JPM_2023_cet1_standardized,RAW_JPM_2024_efficiency_or_overhead_ratio,Exploratory lagged pair: cet1_standardized in 2023 followed by efficiency_or_overhead_ratio in 2024.
PANEL_A,JPM,JPMorgan Chase & Co.,2023,2024,investment_banking_revenue,6519.0,USD Millions,roe,18.0,%,RAW_JPM_2023_investment_banking_revenue,RAW_JPM_2024_roe,Exploratory lagged pair: investment_banking_revenue in 2023 followed by roe in 2024.
PANEL_A,JPM,JPMorgan Chase & Co.,2023,2024,investment_banking_revenue,6519.0,USD Millions,rotce_or_rote,22.0,%,RAW_JPM_2023_investment_banking_revenue,RAW_JPM_2024_rotce_or_rote,Exploratory lagged pair: investment_banking_revenue in 2023 followed by rotce_or_rote in 2024.
PANEL_A,JPM,JPMorgan Chase & Co.,2023,2024,investment_banking_revenue,6519.0,USD Millions,efficiency_or_overhead_ratio,53.0,%,RAW_JPM_2023_investment_banking_revenue,RAW_JPM_2024_efficiency_or_overhead_ratio,Exploratory lagged pair: investment_banking_revenue in 2023 followed by efficiency_or_overhead_ratio in 2024.
PANEL_A,JPM,JPMorgan Chase & Co.,2023,2024,shareholder_distribution_ratio,14.73,%,roe,18.0,%,RATIO_JPM_2023_dist_ratio,RAW_JPM_2024_roe,Exploratory lagged pair: shareholder_distribution_ratio in 2023 followed by roe in 2024.
PANEL_A,JPM,JPMorgan Chase & Co.,2023,2024,shareholder_distribution_ratio,14.73,%,rotce_or_rote,22.0,%,RATIO_JPM_2023_dist_ratio,RAW_JPM_2024_rotce_or_rote,Exploratory lagged pair: shareholder_distribution_ratio in 2023 followed by rotce_or_rote in 2024.
PANEL_A,JPM,JPMorgan Chase & Co.,2023,2024,shareholder_distribution_ratio,14.73,%,efficiency_or_overhead_ratio,53.0,%,RATIO_JPM_2023_dist_ratio,RAW_JPM_2024_efficiency_or_overhead_ratio,Exploratory lagged pair: shareholder_distribution_ratio in 2023 followed by efficiency_or_overhead_ratio in 2024.
PANEL_A,SF,Stifel Financial Corp.,2020,2021,share_repurchases,58.3,USD Millions,roe,17.5,%,RAW_SF_2020_share_repurchases,RAW_SF_2021_roe,Exploratory lagged pair: share_repurchases in 2020 followed by roe in 2021.
PANEL_A,SF,Stifel Financial Corp.,2020,2021,share_repurchases,58.3,USD Millions,rotce_or_rote,24.2,%,RAW_SF_2020_share_repurchases,RAW_SF_2021_rotce_or_rote,Exploratory lagged pair: share_repurchases in 2020 followed by rotce_or_rote in 2021.
PANEL_A,SF,Stifel Financial Corp.,2020,2021,share_repurchases,58.3,USD Millions,efficiency_or_overhead_ratio,61.2,%,RAW_SF_2020_share_repurchases,RAW_SF_2021_efficiency_or_overhead_ratio,Exploratory lagged pair: share_repurchases in 2020 followed by efficiency_or_overhead_ratio in 2021.
PANEL_A,SF,Stifel Financial Corp.,2020,2021,dividends_paid,73.8,USD Millions,roe,17.5,%,RAW_SF_2020_dividends_paid,RAW_SF_2021_roe,Exploratory lagged pair: dividends_paid in 2020 followed by roe in 2021.
PANEL_A,SF,Stifel Financial Corp.,2020,2021,dividends_paid,73.8,USD Millions,rotce_or_rote,24.2,%,RAW_SF_2020_dividends_paid,RAW_SF_2021_rotce_or_rote,Exploratory lagged pair: dividends_paid in 2020 followed by rotce_or_rote in 2021.
PANEL_A,SF,Stifel Financial Corp.,2020,2021,dividends_paid,73.8,USD Millions,efficiency_or_overhead_ratio,61.2,%,RAW_SF_2020_dividends_paid,RAW_SF_2021_efficiency_or_overhead_ratio,Exploratory lagged pair: dividends_paid in 2020 followed by efficiency_or_overhead_ratio in 2021.
PANEL_A,SF,Stifel Financial Corp.,2020,2021,total_cash_returned,132.1,USD Millions,roe,17.5,%,DER_SF_2020_total_cash_returned,RAW_SF_2021_roe,Exploratory lagged pair: total_cash_returned in 2020 followed by roe in 2021.
PANEL_A,SF,Stifel Financial Corp.,2020,2021,total_cash_returned,132.1,USD Millions,rotce_or_rote,24.2,%,DER_SF_2020_total_cash_returned,RAW_SF_2021_rotce_or_rote,Exploratory lagged pair: total_cash_returned in 2020 followed by rotce_or_rote in 2021.
PANEL_A,SF,Stifel Financial Corp.,2020,2021,total_cash_returned,132.1,USD Millions,efficiency_or_overhead_ratio,61.2,%,DER_SF_2020_total_cash_returned,RAW_SF_2021_efficiency_or_overhead_ratio,Exploratory lagged pair: total_cash_returned in 2020 followed by efficiency_or_overhead_ratio in 2021.
PANEL_A,SF,Stifel Financial Corp.,2020,2021,cet1_standardized,10.9,%,roe,17.5,%,RAW_SF_2020_cet1_standardized,RAW_SF_2021_roe,Exploratory lagged pair: cet1_standardized in 2020 followed by roe in 2021.
PANEL_A,SF,Stifel Financial Corp.,2020,2021,cet1_standardized,10.9,%,rotce_or_rote,24.2,%,RAW_SF_2020_cet1_standardized,RAW_SF_2021_rotce_or_rote,Exploratory lagged pair: cet1_standardized in 2020 followed by rotce_or_rote in 2021.
PANEL_A,SF,Stifel Financial Corp.,2020,2021,cet1_standardized,10.9,%,efficiency_or_overhead_ratio,61.2,%,RAW_SF_2020_cet1_standardized,RAW_SF_2021_efficiency_or_overhead_ratio,Exploratory lagged pair: cet1_standardized in 2020 followed by efficiency_or_overhead_ratio in 2021.
PANEL_A,SF,Stifel Financial Corp.,2020,2021,investment_banking_revenue,952.3,USD Millions,roe,17.5,%,RAW_SF_2020_investment_banking_revenue,RAW_SF_2021_roe,Exploratory lagged pair: investment_banking_revenue in 2020 followed by roe in 2021.
PANEL_A,SF,Stifel Financial Corp.,2020,2021,investment_banking_revenue,952.3,USD Millions,rotce_or_rote,24.2,%,RAW_SF_2020_investment_banking_revenue,RAW_SF_2021_rotce_or_rote,Exploratory lagged pair: investment_banking_revenue in 2020 followed by rotce_or_rote in 2021.
PANEL_A,SF,Stifel Financial Corp.,2020,2021,investment_banking_revenue,952.3,USD Millions,efficiency_or_overhead_ratio,61.2,%,RAW_SF_2020_investment_banking_revenue,RAW_SF_2021_efficiency_or_overhead_ratio,Exploratory lagged pair: investment_banking_revenue in 2020 followed by efficiency_or_overhead_ratio in 2021.
PANEL_A,SF,Stifel Financial Corp.,2020,2021,shareholder_distribution_ratio,3.46,%,roe,17.5,%,RATIO_SF_2020_dist_ratio,RAW_SF_2021_roe,Exploratory lagged pair: shareholder_distribution_ratio in 2020 followed by roe in 2021.
PANEL_A,SF,Stifel Financial Corp.,2020,2021,shareholder_distribution_ratio,3.46,%,rotce_or_rote,24.2,%,RATIO_SF_2020_dist_ratio,RAW_SF_2021_rotce_or_rote,Exploratory lagged pair: shareholder_distribution_ratio in 2020 followed by rotce_or_rote in 2021.
PANEL_A,SF,Stifel Financial Corp.,2020,2021,shareholder_distribution_ratio,3.46,%,efficiency_or_overhead_ratio,61.2,%,RATIO_SF_2020_dist_ratio,RAW_SF_2021_efficiency_or_overhead_ratio,Exploratory lagged pair: shareholder_distribution_ratio in 2020 followed by efficiency_or_overhead_ratio in 2021.
PANEL_A,SF,Stifel Financial Corp.,2021,2022,share_repurchases,172.7,USD Millions,roe,14.3,%,RAW_SF_2021_share_repurchases,RAW_SF_2022_roe,Exploratory lagged pair: share_repurchases in 2021 followed by roe in 2022.
PANEL_A,SF,Stifel Financial Corp.,2021,2022,share_repurchases,172.7,USD Millions,rotce_or_rote,19.8,%,RAW_SF_2021_share_repurchases,RAW_SF_2022_rotce_or_rote,Exploratory lagged pair: share_repurchases in 2021 followed by rotce_or_rote in 2022.
PANEL_A,SF,Stifel Financial Corp.,2021,2022,share_repurchases,172.7,USD Millions,efficiency_or_overhead_ratio,65.4,%,RAW_SF_2021_share_repurchases,RAW_SF_2022_efficiency_or_overhead_ratio,Exploratory lagged pair: share_repurchases in 2021 followed by efficiency_or_overhead_ratio in 2022.
PANEL_A,SF,Stifel Financial Corp.,2021,2022,dividends_paid,101.9,USD Millions,roe,14.3,%,RAW_SF_2021_dividends_paid,RAW_SF_2022_roe,Exploratory lagged pair: dividends_paid in 2021 followed by roe in 2022.
PANEL_A,SF,Stifel Financial Corp.,2021,2022,dividends_paid,101.9,USD Millions,rotce_or_rote,19.8,%,RAW_SF_2021_dividends_paid,RAW_SF_2022_rotce_or_rote,Exploratory lagged pair: dividends_paid in 2021 followed by rotce_or_rote in 2022.
PANEL_A,SF,Stifel Financial Corp.,2021,2022,dividends_paid,101.9,USD Millions,efficiency_or_overhead_ratio,65.4,%,RAW_SF_2021_dividends_paid,RAW_SF_2022_efficiency_or_overhead_ratio,Exploratory lagged pair: dividends_paid in 2021 followed by efficiency_or_overhead_ratio in 2022.
PANEL_A,SF,Stifel Financial Corp.,2021,2022,total_cash_returned,274.6,USD Millions,roe,14.3,%,DER_SF_2021_total_cash_returned,RAW_SF_2022_roe,Exploratory lagged pair: total_cash_returned in 2021 followed by roe in 2022.
PANEL_A,SF,Stifel Financial Corp.,2021,2022,total_cash_returned,274.6,USD Millions,rotce_or_rote,19.8,%,DER_SF_2021_total_cash_returned,RAW_SF_2022_rotce_or_rote,Exploratory lagged pair: total_cash_returned in 2021 followed by rotce_or_rote in 2022.
PANEL_A,SF,Stifel Financial Corp.,2021,2022,total_cash_returned,274.6,USD Millions,efficiency_or_overhead_ratio,65.4,%,DER_SF_2021_total_cash_returned,RAW_SF_2022_efficiency_or_overhead_ratio,Exploratory lagged pair: total_cash_returned in 2021 followed by efficiency_or_overhead_ratio in 2022.
PANEL_A,SF,Stifel Financial Corp.,2021,2022,cet1_standardized,11.2,%,roe,14.3,%,RAW_SF_2021_cet1_standardized,RAW_SF_2022_roe,Exploratory lagged pair: cet1_standardized in 2021 followed by roe in 2022.
PANEL_A,SF,Stifel Financial Corp.,2021,2022,cet1_standardized,11.2,%,rotce_or_rote,19.8,%,RAW_SF_2021_cet1_standardized,RAW_SF_2022_rotce_or_rote,Exploratory lagged pair: cet1_standardized in 2021 followed by rotce_or_rote in 2022.
PANEL_A,SF,Stifel Financial Corp.,2021,2022,cet1_standardized,11.2,%,efficiency_or_overhead_ratio,65.4,%,RAW_SF_2021_cet1_standardized,RAW_SF_2022_efficiency_or_overhead_ratio,Exploratory lagged pair: cet1_standardized in 2021 followed by efficiency_or_overhead_ratio in 2022.
PANEL_A,SF,Stifel Financial Corp.,2021,2022,investment_banking_revenue,1565.4,USD Millions,roe,14.3,%,RAW_SF_2021_investment_banking_revenue,RAW_SF_2022_roe,Exploratory lagged pair: investment_banking_revenue in 2021 followed by roe in 2022.
PANEL_A,SF,Stifel Financial Corp.,2021,2022,investment_banking_revenue,1565.4,USD Millions,rotce_or_rote,19.8,%,RAW_SF_2021_investment_banking_revenue,RAW_SF_2022_rotce_or_rote,Exploratory lagged pair: investment_banking_revenue in 2021 followed by rotce_or_rote in 2022.
PANEL_A,SF,Stifel Financial Corp.,2021,2022,investment_banking_revenue,1565.4,USD Millions,efficiency_or_overhead_ratio,65.4,%,RAW_SF_2021_investment_banking_revenue,RAW_SF_2022_efficiency_or_overhead_ratio,Exploratory lagged pair: investment_banking_revenue in 2021 followed by efficiency_or_overhead_ratio in 2022.
PANEL_A,SF,Stifel Financial Corp.,2021,2022,shareholder_distribution_ratio,5.74,%,roe,14.3,%,RATIO_SF_2021_dist_ratio,RAW_SF_2022_roe,Exploratory lagged pair: shareholder_distribution_ratio in 2021 followed by roe in 2022.
PANEL_A,SF,Stifel Financial Corp.,2021,2022,shareholder_distribution_ratio,5.74,%,rotce_or_rote,19.8,%,RATIO_SF_2021_dist_ratio,RAW_SF_2022_rotce_or_rote,Exploratory lagged pair: shareholder_distribution_ratio in 2021 followed by rotce_or_rote in 2022.
PANEL_A,SF,Stifel Financial Corp.,2021,2022,shareholder_distribution_ratio,5.74,%,efficiency_or_overhead_ratio,65.4,%,RATIO_SF_2021_dist_ratio,RAW_SF_2022_efficiency_or_overhead_ratio,Exploratory lagged pair: shareholder_distribution_ratio in 2021 followed by efficiency_or_overhead_ratio in 2022.
PANEL_A,SF,Stifel Financial Corp.,2022,2023,share_repurchases,105.8,USD Millions,roe,11.1,%,RAW_SF_2022_share_repurchases,RAW_SF_2023_roe,Exploratory lagged pair: share_repurchases in 2022 followed by roe in 2023.
PANEL_A,SF,Stifel Financial Corp.,2022,2023,share_repurchases,105.8,USD Millions,rotce_or_rote,15.6,%,RAW_SF_2022_share_repurchases,RAW_SF_2023_rotce_or_rote,Exploratory lagged pair: share_repurchases in 2022 followed by rotce_or_rote in 2023.
PANEL_A,SF,Stifel Financial Corp.,2022,2023,share_repurchases,105.8,USD Millions,efficiency_or_overhead_ratio,69.8,%,RAW_SF_2022_share_repurchases,RAW_SF_2023_efficiency_or_overhead_ratio,Exploratory lagged pair: share_repurchases in 2022 followed by efficiency_or_overhead_ratio in 2023.
PANEL_A,SF,Stifel Financial Corp.,2022,2023,dividends_paid,171.0,USD Millions,roe,11.1,%,RAW_SF_2022_dividends_paid,RAW_SF_2023_roe,Exploratory lagged pair: dividends_paid in 2022 followed by roe in 2023.
PANEL_A,SF,Stifel Financial Corp.,2022,2023,dividends_paid,171.0,USD Millions,rotce_or_rote,15.6,%,RAW_SF_2022_dividends_paid,RAW_SF_2023_rotce_or_rote,Exploratory lagged pair: dividends_paid in 2022 followed by rotce_or_rote in 2023.
PANEL_A,SF,Stifel Financial Corp.,2022,2023,dividends_paid,171.0,USD Millions,efficiency_or_overhead_ratio,69.8,%,RAW_SF_2022_dividends_paid,RAW_SF_2023_efficiency_or_overhead_ratio,Exploratory lagged pair: dividends_paid in 2022 followed by efficiency_or_overhead_ratio in 2023.
PANEL_A,SF,Stifel Financial Corp.,2022,2023,total_cash_returned,276.8,USD Millions,roe,11.1,%,DER_SF_2022_total_cash_returned,RAW_SF_2023_roe,Exploratory lagged pair: total_cash_returned in 2022 followed by roe in 2023.
PANEL_A,SF,Stifel Financial Corp.,2022,2023,total_cash_returned,276.8,USD Millions,rotce_or_rote,15.6,%,DER_SF_2022_total_cash_returned,RAW_SF_2023_rotce_or_rote,Exploratory lagged pair: total_cash_returned in 2022 followed by rotce_or_rote in 2023.
PANEL_A,SF,Stifel Financial Corp.,2022,2023,total_cash_returned,276.8,USD Millions,efficiency_or_overhead_ratio,69.8,%,DER_SF_2022_total_cash_returned,RAW_SF_2023_efficiency_or_overhead_ratio,Exploratory lagged pair: total_cash_returned in 2022 followed by efficiency_or_overhead_ratio in 2023.
PANEL_A,SF,Stifel Financial Corp.,2022,2023,cet1_standardized,11.3,%,roe,11.1,%,RAW_SF_2022_cet1_standardized,RAW_SF_2023_roe,Exploratory lagged pair: cet1_standardized in 2022 followed by roe in 2023.
PANEL_A,SF,Stifel Financial Corp.,2022,2023,cet1_standardized,11.3,%,rotce_or_rote,15.6,%,RAW_SF_2022_cet1_standardized,RAW_SF_2023_rotce_or_rote,Exploratory lagged pair: cet1_standardized in 2022 followed by rotce_or_rote in 2023.
PANEL_A,SF,Stifel Financial Corp.,2022,2023,cet1_standardized,11.3,%,efficiency_or_overhead_ratio,69.8,%,RAW_SF_2022_cet1_standardized,RAW_SF_2023_efficiency_or_overhead_ratio,Exploratory lagged pair: cet1_standardized in 2022 followed by efficiency_or_overhead_ratio in 2023.
PANEL_A,SF,Stifel Financial Corp.,2022,2023,investment_banking_revenue,971.5,USD Millions,roe,11.1,%,RAW_SF_2022_investment_banking_revenue,RAW_SF_2023_roe,Exploratory lagged pair: investment_banking_revenue in 2022 followed by roe in 2023.
PANEL_A,SF,Stifel Financial Corp.,2022,2023,investment_banking_revenue,971.5,USD Millions,rotce_or_rote,15.6,%,RAW_SF_2022_investment_banking_revenue,RAW_SF_2023_rotce_or_rote,Exploratory lagged pair: investment_banking_revenue in 2022 followed by rotce_or_rote in 2023.
PANEL_A,SF,Stifel Financial Corp.,2022,2023,investment_banking_revenue,971.5,USD Millions,efficiency_or_overhead_ratio,69.8,%,RAW_SF_2022_investment_banking_revenue,RAW_SF_2023_efficiency_or_overhead_ratio,Exploratory lagged pair: investment_banking_revenue in 2022 followed by efficiency_or_overhead_ratio in 2023.
PANEL_A,SF,Stifel Financial Corp.,2022,2023,shareholder_distribution_ratio,6.03,%,roe,11.1,%,RATIO_SF_2022_dist_ratio,RAW_SF_2023_roe,Exploratory lagged pair: shareholder_distribution_ratio in 2022 followed by roe in 2023.
PANEL_A,SF,Stifel Financial Corp.,2022,2023,shareholder_distribution_ratio,6.03,%,rotce_or_rote,15.6,%,RATIO_SF_2022_dist_ratio,RAW_SF_2023_rotce_or_rote,Exploratory lagged pair: shareholder_distribution_ratio in 2022 followed by rotce_or_rote in 2023.
PANEL_A,SF,Stifel Financial Corp.,2022,2023,shareholder_distribution_ratio,6.03,%,efficiency_or_overhead_ratio,69.8,%,RATIO_SF_2022_dist_ratio,RAW_SF_2023_efficiency_or_overhead_ratio,Exploratory lagged pair: shareholder_distribution_ratio in 2022 followed by efficiency_or_overhead_ratio in 2023.
PANEL_A,SF,Stifel Financial Corp.,2023,2024,share_repurchases,443.9,USD Millions,roe,11.8,%,RAW_SF_2023_share_repurchases,RAW_SF_2024_roe,Exploratory lagged pair: share_repurchases in 2023 followed by roe in 2024.
PANEL_A,SF,Stifel Financial Corp.,2023,2024,share_repurchases,443.9,USD Millions,rotce_or_rote,16.5,%,RAW_SF_2023_share_repurchases,RAW_SF_2024_rotce_or_rote,Exploratory lagged pair: share_repurchases in 2023 followed by rotce_or_rote in 2024.
PANEL_A,SF,Stifel Financial Corp.,2023,2024,share_repurchases,443.9,USD Millions,efficiency_or_overhead_ratio,68.1,%,RAW_SF_2023_share_repurchases,RAW_SF_2024_efficiency_or_overhead_ratio,Exploratory lagged pair: share_repurchases in 2023 followed by efficiency_or_overhead_ratio in 2024.
PANEL_A,SF,Stifel Financial Corp.,2023,2024,dividends_paid,200.3,USD Millions,roe,11.8,%,RAW_SF_2023_dividends_paid,RAW_SF_2024_roe,Exploratory lagged pair: dividends_paid in 2023 followed by roe in 2024.
PANEL_A,SF,Stifel Financial Corp.,2023,2024,dividends_paid,200.3,USD Millions,rotce_or_rote,16.5,%,RAW_SF_2023_dividends_paid,RAW_SF_2024_rotce_or_rote,Exploratory lagged pair: dividends_paid in 2023 followed by rotce_or_rote in 2024.
PANEL_A,SF,Stifel Financial Corp.,2023,2024,dividends_paid,200.3,USD Millions,efficiency_or_overhead_ratio,68.1,%,RAW_SF_2023_dividends_paid,RAW_SF_2024_efficiency_or_overhead_ratio,Exploratory lagged pair: dividends_paid in 2023 followed by efficiency_or_overhead_ratio in 2024.
PANEL_A,SF,Stifel Financial Corp.,2023,2024,total_cash_returned,644.2,USD Millions,roe,11.8,%,DER_SF_2023_total_cash_returned,RAW_SF_2024_roe,Exploratory lagged pair: total_cash_returned in 2023 followed by roe in 2024.
PANEL_A,SF,Stifel Financial Corp.,2023,2024,total_cash_returned,644.2,USD Millions,rotce_or_rote,16.5,%,DER_SF_2023_total_cash_returned,RAW_SF_2024_rotce_or_rote,Exploratory lagged pair: total_cash_returned in 2023 followed by rotce_or_rote in 2024.
PANEL_A,SF,Stifel Financial Corp.,2023,2024,total_cash_returned,644.2,USD Millions,efficiency_or_overhead_ratio,68.1,%,DER_SF_2023_total_cash_returned,RAW_SF_2024_efficiency_or_overhead_ratio,Exploratory lagged pair: total_cash_returned in 2023 followed by efficiency_or_overhead_ratio in 2024.
PANEL_A,SF,Stifel Financial Corp.,2023,2024,cet1_standardized,11.4,%,roe,11.8,%,RAW_SF_2023_cet1_standardized,RAW_SF_2024_roe,Exploratory lagged pair: cet1_standardized in 2023 followed by roe in 2024.
PANEL_A,SF,Stifel Financial Corp.,2023,2024,cet1_standardized,11.4,%,rotce_or_rote,16.5,%,RAW_SF_2023_cet1_standardized,RAW_SF_2024_rotce_or_rote,Exploratory lagged pair: cet1_standardized in 2023 followed by rotce_or_rote in 2024.
PANEL_A,SF,Stifel Financial Corp.,2023,2024,cet1_standardized,11.4,%,efficiency_or_overhead_ratio,68.1,%,RAW_SF_2023_cet1_standardized,RAW_SF_2024_efficiency_or_overhead_ratio,Exploratory lagged pair: cet1_standardized in 2023 followed by efficiency_or_overhead_ratio in 2024.
PANEL_A,SF,Stifel Financial Corp.,2023,2024,investment_banking_revenue,731.3,USD Millions,roe,11.8,%,RAW_SF_2023_investment_banking_revenue,RAW_SF_2024_roe,Exploratory lagged pair: investment_banking_revenue in 2023 followed by roe in 2024.
PANEL_A,SF,Stifel Financial Corp.,2023,2024,investment_banking_revenue,731.3,USD Millions,rotce_or_rote,16.5,%,RAW_SF_2023_investment_banking_revenue,RAW_SF_2024_rotce_or_rote,Exploratory lagged pair: investment_banking_revenue in 2023 followed by rotce_or_rote in 2024.
PANEL_A,SF,Stifel Financial Corp.,2023,2024,investment_banking_revenue,731.3,USD Millions,efficiency_or_overhead_ratio,68.1,%,RAW_SF_2023_investment_banking_revenue,RAW_SF_2024_efficiency_or_overhead_ratio,Exploratory lagged pair: investment_banking_revenue in 2023 followed by efficiency_or_overhead_ratio in 2024.
PANEL_A,SF,Stifel Financial Corp.,2023,2024,shareholder_distribution_ratio,12.49,%,roe,11.8,%,RATIO_SF_2023_dist_ratio,RAW_SF_2024_roe,Exploratory lagged pair: shareholder_distribution_ratio in 2023 followed by roe in 2024.
PANEL_A,SF,Stifel Financial Corp.,2023,2024,shareholder_distribution_ratio,12.49,%,rotce_or_rote,16.5,%,RATIO_SF_2023_dist_ratio,RAW_SF_2024_rotce_or_rote,Exploratory lagged pair: shareholder_distribution_ratio in 2023 followed by rotce_or_rote in 2024.
PANEL_A,SF,Stifel Financial Corp.,2023,2024,shareholder_distribution_ratio,12.49,%,efficiency_or_overhead_ratio,68.1,%,RATIO_SF_2023_dist_ratio,RAW_SF_2024_efficiency_or_overhead_ratio,Exploratory lagged pair: shareholder_distribution_ratio in 2023 followed by efficiency_or_overhead_ratio in 2024.
PANEL_B,EVR,Evercore Inc.,2020,2021,share_repurchases,146.6,USD Millions,operating_margin,27.93,%,RAW_EVR_2020_share_repurchases,DER_EVR_2021_operating_margin,Exploratory lagged pair: share_repurchases in 2020 followed by operating_margin in 2021.
PANEL_B,EVR,Evercore Inc.,2020,2021,share_repurchases,146.6,USD Millions,operating_income,923.6,USD Millions,RAW_EVR_2020_share_repurchases,RAW_EVR_2021_operating_income,Exploratory lagged pair: share_repurchases in 2020 followed by operating_income in 2021.
PANEL_B,EVR,Evercore Inc.,2020,2021,dividends_paid,106.6,USD Millions,operating_margin,27.93,%,RAW_EVR_2020_dividends_paid,DER_EVR_2021_operating_margin,Exploratory lagged pair: dividends_paid in 2020 followed by operating_margin in 2021.
PANEL_B,EVR,Evercore Inc.,2020,2021,dividends_paid,106.6,USD Millions,operating_income,923.6,USD Millions,RAW_EVR_2020_dividends_paid,RAW_EVR_2021_operating_income,Exploratory lagged pair: dividends_paid in 2020 followed by operating_income in 2021.
PANEL_B,EVR,Evercore Inc.,2020,2021,total_cash_returned,253.2,USD Millions,operating_margin,27.93,%,DER_EVR_2020_total_cash_returned,DER_EVR_2021_operating_margin,Exploratory lagged pair: total_cash_returned in 2020 followed by operating_margin in 2021.
PANEL_B,EVR,Evercore Inc.,2020,2021,total_cash_returned,253.2,USD Millions,operating_income,923.6,USD Millions,DER_EVR_2020_total_cash_returned,RAW_EVR_2021_operating_income,Exploratory lagged pair: total_cash_returned in 2020 followed by operating_income in 2021.
PANEL_B,EVR,Evercore Inc.,2020,2021,compensation_ratio,64.5,%,operating_margin,27.93,%,RAW_EVR_2020_compensation_ratio,DER_EVR_2021_operating_margin,Exploratory lagged pair: compensation_ratio in 2020 followed by operating_margin in 2021.
PANEL_B,EVR,Evercore Inc.,2020,2021,compensation_ratio,64.5,%,operating_income,923.6,USD Millions,RAW_EVR_2020_compensation_ratio,RAW_EVR_2021_operating_income,Exploratory lagged pair: compensation_ratio in 2020 followed by operating_income in 2021.
PANEL_B,EVR,Evercore Inc.,2020,2021,investment_banking_revenue,2225.0,USD Millions,operating_margin,27.93,%,RAW_EVR_2020_investment_banking_revenue,DER_EVR_2021_operating_margin,Exploratory lagged pair: investment_banking_revenue in 2020 followed by operating_margin in 2021.
PANEL_B,EVR,Evercore Inc.,2020,2021,investment_banking_revenue,2225.0,USD Millions,operating_income,923.6,USD Millions,RAW_EVR_2020_investment_banking_revenue,RAW_EVR_2021_operating_income,Exploratory lagged pair: investment_banking_revenue in 2020 followed by operating_income in 2021.
PANEL_B,EVR,Evercore Inc.,2020,2021,shareholder_distribution_ratio,11.08,%,operating_margin,27.93,%,RATIO_EVR_2020_dist_ratio,DER_EVR_2021_operating_margin,Exploratory lagged pair: shareholder_distribution_ratio in 2020 followed by operating_margin in 2021.
PANEL_B,EVR,Evercore Inc.,2020,2021,shareholder_distribution_ratio,11.08,%,operating_income,923.6,USD Millions,RATIO_EVR_2020_dist_ratio,RAW_EVR_2021_operating_income,Exploratory lagged pair: shareholder_distribution_ratio in 2020 followed by operating_income in 2021.
PANEL_B,EVR,Evercore Inc.,2021,2022,share_repurchases,720.7,USD Millions,operating_margin,25.24,%,RAW_EVR_2021_share_repurchases,DER_EVR_2022_operating_margin,Exploratory lagged pair: share_repurchases in 2021 followed by operating_margin in 2022.
PANEL_B,EVR,Evercore Inc.,2021,2022,share_repurchases,720.7,USD Millions,operating_income,701.3,USD Millions,RAW_EVR_2021_share_repurchases,RAW_EVR_2022_operating_income,Exploratory lagged pair: share_repurchases in 2021 followed by operating_income in 2022.
PANEL_B,EVR,Evercore Inc.,2021,2022,dividends_paid,118.8,USD Millions,operating_margin,25.24,%,RAW_EVR_2021_dividends_paid,DER_EVR_2022_operating_margin,Exploratory lagged pair: dividends_paid in 2021 followed by operating_margin in 2022.
PANEL_B,EVR,Evercore Inc.,2021,2022,dividends_paid,118.8,USD Millions,operating_income,701.3,USD Millions,RAW_EVR_2021_dividends_paid,RAW_EVR_2022_operating_income,Exploratory lagged pair: dividends_paid in 2021 followed by operating_income in 2022.
PANEL_B,EVR,Evercore Inc.,2021,2022,total_cash_returned,839.5,USD Millions,operating_margin,25.24,%,DER_EVR_2021_total_cash_returned,DER_EVR_2022_operating_margin,Exploratory lagged pair: total_cash_returned in 2021 followed by operating_margin in 2022.
PANEL_B,EVR,Evercore Inc.,2021,2022,total_cash_returned,839.5,USD Millions,operating_income,701.3,USD Millions,DER_EVR_2021_total_cash_returned,RAW_EVR_2022_operating_income,Exploratory lagged pair: total_cash_returned in 2021 followed by operating_income in 2022.
PANEL_B,EVR,Evercore Inc.,2021,2022,compensation_ratio,60.7,%,operating_margin,25.24,%,RAW_EVR_2021_compensation_ratio,DER_EVR_2022_operating_margin,Exploratory lagged pair: compensation_ratio in 2021 followed by operating_margin in 2022.
PANEL_B,EVR,Evercore Inc.,2021,2022,compensation_ratio,60.7,%,operating_income,701.3,USD Millions,RAW_EVR_2021_compensation_ratio,RAW_EVR_2022_operating_income,Exploratory lagged pair: compensation_ratio in 2021 followed by operating_income in 2022.
PANEL_B,EVR,Evercore Inc.,2021,2022,investment_banking_revenue,3240.0,USD Millions,operating_margin,25.24,%,RAW_EVR_2021_investment_banking_revenue,DER_EVR_2022_operating_margin,Exploratory lagged pair: investment_banking_revenue in 2021 followed by operating_margin in 2022.
PANEL_B,EVR,Evercore Inc.,2021,2022,investment_banking_revenue,3240.0,USD Millions,operating_income,701.3,USD Millions,RAW_EVR_2021_investment_banking_revenue,RAW_EVR_2022_operating_income,Exploratory lagged pair: investment_banking_revenue in 2021 followed by operating_income in 2022.
PANEL_B,EVR,Evercore Inc.,2021,2022,shareholder_distribution_ratio,25.38,%,operating_margin,25.24,%,RATIO_EVR_2021_dist_ratio,DER_EVR_2022_operating_margin,Exploratory lagged pair: shareholder_distribution_ratio in 2021 followed by operating_margin in 2022.
PANEL_B,EVR,Evercore Inc.,2021,2022,shareholder_distribution_ratio,25.38,%,operating_income,701.3,USD Millions,RATIO_EVR_2021_dist_ratio,RAW_EVR_2022_operating_income,Exploratory lagged pair: shareholder_distribution_ratio in 2021 followed by operating_income in 2022.
PANEL_B,EVR,Evercore Inc.,2022,2023,share_repurchases,520.5,USD Millions,operating_margin,15.0,%,RAW_EVR_2022_share_repurchases,DER_EVR_2023_operating_margin,Exploratory lagged pair: share_repurchases in 2022 followed by operating_margin in 2023.
PANEL_B,EVR,Evercore Inc.,2022,2023,share_repurchases,520.5,USD Millions,operating_income,366.4,USD Millions,RAW_EVR_2022_share_repurchases,RAW_EVR_2023_operating_income,Exploratory lagged pair: share_repurchases in 2022 followed by operating_income in 2023.
PANEL_B,EVR,Evercore Inc.,2022,2023,dividends_paid,127.3,USD Millions,operating_margin,15.0,%,RAW_EVR_2022_dividends_paid,DER_EVR_2023_operating_margin,Exploratory lagged pair: dividends_paid in 2022 followed by operating_margin in 2023.
PANEL_B,EVR,Evercore Inc.,2022,2023,dividends_paid,127.3,USD Millions,operating_income,366.4,USD Millions,RAW_EVR_2022_dividends_paid,RAW_EVR_2023_operating_income,Exploratory lagged pair: dividends_paid in 2022 followed by operating_income in 2023.
PANEL_B,EVR,Evercore Inc.,2022,2023,total_cash_returned,647.8,USD Millions,operating_margin,15.0,%,DER_EVR_2022_total_cash_returned,DER_EVR_2023_operating_margin,Exploratory lagged pair: total_cash_returned in 2022 followed by operating_margin in 2023.
PANEL_B,EVR,Evercore Inc.,2022,2023,total_cash_returned,647.8,USD Millions,operating_income,366.4,USD Millions,DER_EVR_2022_total_cash_returned,RAW_EVR_2023_operating_income,Exploratory lagged pair: total_cash_returned in 2022 followed by operating_income in 2023.
PANEL_B,EVR,Evercore Inc.,2022,2023,compensation_ratio,60.1,%,operating_margin,15.0,%,RAW_EVR_2022_compensation_ratio,DER_EVR_2023_operating_margin,Exploratory lagged pair: compensation_ratio in 2022 followed by operating_margin in 2023.
PANEL_B,EVR,Evercore Inc.,2022,2023,compensation_ratio,60.1,%,operating_income,366.4,USD Millions,RAW_EVR_2022_compensation_ratio,RAW_EVR_2023_operating_income,Exploratory lagged pair: compensation_ratio in 2022 followed by operating_income in 2023.
PANEL_B,EVR,Evercore Inc.,2022,2023,investment_banking_revenue,2710.0,USD Millions,operating_margin,15.0,%,RAW_EVR_2022_investment_banking_revenue,DER_EVR_2023_operating_margin,Exploratory lagged pair: investment_banking_revenue in 2022 followed by operating_margin in 2023.
PANEL_B,EVR,Evercore Inc.,2022,2023,investment_banking_revenue,2710.0,USD Millions,operating_income,366.4,USD Millions,RAW_EVR_2022_investment_banking_revenue,RAW_EVR_2023_operating_income,Exploratory lagged pair: investment_banking_revenue in 2022 followed by operating_income in 2023.
PANEL_B,EVR,Evercore Inc.,2022,2023,shareholder_distribution_ratio,23.31,%,operating_margin,15.0,%,RATIO_EVR_2022_dist_ratio,DER_EVR_2023_operating_margin,Exploratory lagged pair: shareholder_distribution_ratio in 2022 followed by operating_margin in 2023.
PANEL_B,EVR,Evercore Inc.,2022,2023,shareholder_distribution_ratio,23.31,%,operating_income,366.4,USD Millions,RATIO_EVR_2022_dist_ratio,RAW_EVR_2023_operating_income,Exploratory lagged pair: shareholder_distribution_ratio in 2022 followed by operating_income in 2023.
PANEL_B,EVR,Evercore Inc.,2023,2024,share_repurchases,387.3,USD Millions,operating_margin,16.53,%,RAW_EVR_2023_share_repurchases,DER_EVR_2024_operating_margin,Exploratory lagged pair: share_repurchases in 2023 followed by operating_margin in 2024.
PANEL_B,EVR,Evercore Inc.,2023,2024,share_repurchases,387.3,USD Millions,operating_income,495.2,USD Millions,RAW_EVR_2023_share_repurchases,RAW_EVR_2024_operating_income,Exploratory lagged pair: share_repurchases in 2023 followed by operating_income in 2024.
PANEL_B,EVR,Evercore Inc.,2023,2024,dividends_paid,127.9,USD Millions,operating_margin,16.53,%,RAW_EVR_2023_dividends_paid,DER_EVR_2024_operating_margin,Exploratory lagged pair: dividends_paid in 2023 followed by operating_margin in 2024.
PANEL_B,EVR,Evercore Inc.,2023,2024,dividends_paid,127.9,USD Millions,operating_income,495.2,USD Millions,RAW_EVR_2023_dividends_paid,RAW_EVR_2024_operating_income,Exploratory lagged pair: dividends_paid in 2023 followed by operating_income in 2024.
PANEL_B,EVR,Evercore Inc.,2023,2024,total_cash_returned,515.2,USD Millions,operating_margin,16.53,%,DER_EVR_2023_total_cash_returned,DER_EVR_2024_operating_margin,Exploratory lagged pair: total_cash_returned in 2023 followed by operating_margin in 2024.
PANEL_B,EVR,Evercore Inc.,2023,2024,total_cash_returned,515.2,USD Millions,operating_income,495.2,USD Millions,DER_EVR_2023_total_cash_returned,RAW_EVR_2024_operating_income,Exploratory lagged pair: total_cash_returned in 2023 followed by operating_income in 2024.
PANEL_B,EVR,Evercore Inc.,2023,2024,compensation_ratio,66.0,%,operating_margin,16.53,%,RAW_EVR_2023_compensation_ratio,DER_EVR_2024_operating_margin,Exploratory lagged pair: compensation_ratio in 2023 followed by operating_margin in 2024.
PANEL_B,EVR,Evercore Inc.,2023,2024,compensation_ratio,66.0,%,operating_income,495.2,USD Millions,RAW_EVR_2023_compensation_ratio,RAW_EVR_2024_operating_income,Exploratory lagged pair: compensation_ratio in 2023 followed by operating_income in 2024.
PANEL_B,EVR,Evercore Inc.,2023,2024,investment_banking_revenue,2375.0,USD Millions,operating_margin,16.53,%,RAW_EVR_2023_investment_banking_revenue,DER_EVR_2024_operating_margin,Exploratory lagged pair: investment_banking_revenue in 2023 followed by operating_margin in 2024.
PANEL_B,EVR,Evercore Inc.,2023,2024,investment_banking_revenue,2375.0,USD Millions,operating_income,495.2,USD Millions,RAW_EVR_2023_investment_banking_revenue,RAW_EVR_2024_operating_income,Exploratory lagged pair: investment_banking_revenue in 2023 followed by operating_income in 2024.
PANEL_B,EVR,Evercore Inc.,2023,2024,shareholder_distribution_ratio,21.09,%,operating_margin,16.53,%,RATIO_EVR_2023_dist_ratio,DER_EVR_2024_operating_margin,Exploratory lagged pair: shareholder_distribution_ratio in 2023 followed by operating_margin in 2024.
PANEL_B,EVR,Evercore Inc.,2023,2024,shareholder_distribution_ratio,21.09,%,operating_income,495.2,USD Millions,RATIO_EVR_2023_dist_ratio,RAW_EVR_2024_operating_income,Exploratory lagged pair: shareholder_distribution_ratio in 2023 followed by operating_income in 2024.
PANEL_B,LAZ,"Lazard, Inc.",2020,2021,share_repurchases,95.2,USD Millions,operating_margin,20.06,%,RAW_LAZ_2020_share_repurchases,DER_LAZ_2021_operating_margin,Exploratory lagged pair: share_repurchases in 2020 followed by operating_margin in 2021.
PANEL_B,LAZ,"Lazard, Inc.",2020,2021,share_repurchases,95.2,USD Millions,operating_income,656.7,USD Millions,RAW_LAZ_2020_share_repurchases,RAW_LAZ_2021_operating_income,Exploratory lagged pair: share_repurchases in 2020 followed by operating_income in 2021.
PANEL_B,LAZ,"Lazard, Inc.",2020,2021,dividends_paid,196.6,USD Millions,operating_margin,20.06,%,RAW_LAZ_2020_dividends_paid,DER_LAZ_2021_operating_margin,Exploratory lagged pair: dividends_paid in 2020 followed by operating_margin in 2021.
PANEL_B,LAZ,"Lazard, Inc.",2020,2021,dividends_paid,196.6,USD Millions,operating_income,656.7,USD Millions,RAW_LAZ_2020_dividends_paid,RAW_LAZ_2021_operating_income,Exploratory lagged pair: dividends_paid in 2020 followed by operating_income in 2021.
PANEL_B,LAZ,"Lazard, Inc.",2020,2021,total_cash_returned,291.8,USD Millions,operating_margin,20.06,%,DER_LAZ_2020_total_cash_returned,DER_LAZ_2021_operating_margin,Exploratory lagged pair: total_cash_returned in 2020 followed by operating_margin in 2021.
PANEL_B,LAZ,"Lazard, Inc.",2020,2021,total_cash_returned,291.8,USD Millions,operating_income,656.7,USD Millions,DER_LAZ_2020_total_cash_returned,RAW_LAZ_2021_operating_income,Exploratory lagged pair: total_cash_returned in 2020 followed by operating_income in 2021.
PANEL_B,LAZ,"Lazard, Inc.",2020,2021,compensation_ratio,61.3,%,operating_margin,20.06,%,RAW_LAZ_2020_compensation_ratio,DER_LAZ_2021_operating_margin,Exploratory lagged pair: compensation_ratio in 2020 followed by operating_margin in 2021.
PANEL_B,LAZ,"Lazard, Inc.",2020,2021,compensation_ratio,61.3,%,operating_income,656.7,USD Millions,RAW_LAZ_2020_compensation_ratio,RAW_LAZ_2021_operating_income,Exploratory lagged pair: compensation_ratio in 2020 followed by operating_income in 2021.
PANEL_B,LAZ,"Lazard, Inc.",2020,2021,investment_banking_revenue,1404.0,USD Millions,operating_margin,20.06,%,RAW_LAZ_2020_investment_banking_revenue,DER_LAZ_2021_operating_margin,Exploratory lagged pair: investment_banking_revenue in 2020 followed by operating_margin in 2021.
PANEL_B,LAZ,"Lazard, Inc.",2020,2021,investment_banking_revenue,1404.0,USD Millions,operating_income,656.7,USD Millions,RAW_LAZ_2020_investment_banking_revenue,RAW_LAZ_2021_operating_income,Exploratory lagged pair: investment_banking_revenue in 2020 followed by operating_income in 2021.
PANEL_B,LAZ,"Lazard, Inc.",2020,2021,shareholder_distribution_ratio,11.02,%,operating_margin,20.06,%,RATIO_LAZ_2020_dist_ratio,DER_LAZ_2021_operating_margin,Exploratory lagged pair: shareholder_distribution_ratio in 2020 followed by operating_margin in 2021.
PANEL_B,LAZ,"Lazard, Inc.",2020,2021,shareholder_distribution_ratio,11.02,%,operating_income,656.7,USD Millions,RATIO_LAZ_2020_dist_ratio,RAW_LAZ_2021_operating_income,Exploratory lagged pair: shareholder_distribution_ratio in 2020 followed by operating_income in 2021.
PANEL_B,LAZ,"Lazard, Inc.",2021,2022,share_repurchases,406.1,USD Millions,operating_margin,16.61,%,RAW_LAZ_2021_share_repurchases,DER_LAZ_2022_operating_margin,Exploratory lagged pair: share_repurchases in 2021 followed by operating_margin in 2022.
PANEL_B,LAZ,"Lazard, Inc.",2021,2022,share_repurchases,406.1,USD Millions,operating_income,474.3,USD Millions,RAW_LAZ_2021_share_repurchases,RAW_LAZ_2022_operating_income,Exploratory lagged pair: share_repurchases in 2021 followed by operating_income in 2022.
PANEL_B,LAZ,"Lazard, Inc.",2021,2022,dividends_paid,195.9,USD Millions,operating_margin,16.61,%,RAW_LAZ_2021_dividends_paid,DER_LAZ_2022_operating_margin,Exploratory lagged pair: dividends_paid in 2021 followed by operating_margin in 2022.
PANEL_B,LAZ,"Lazard, Inc.",2021,2022,dividends_paid,195.9,USD Millions,operating_income,474.3,USD Millions,RAW_LAZ_2021_dividends_paid,RAW_LAZ_2022_operating_income,Exploratory lagged pair: dividends_paid in 2021 followed by operating_income in 2022.
PANEL_B,LAZ,"Lazard, Inc.",2021,2022,total_cash_returned,602.0,USD Millions,operating_margin,16.61,%,DER_LAZ_2021_total_cash_returned,DER_LAZ_2022_operating_margin,Exploratory lagged pair: total_cash_returned in 2021 followed by operating_margin in 2022.
PANEL_B,LAZ,"Lazard, Inc.",2021,2022,total_cash_returned,602.0,USD Millions,operating_income,474.3,USD Millions,DER_LAZ_2021_total_cash_returned,RAW_LAZ_2022_operating_income,Exploratory lagged pair: total_cash_returned in 2021 followed by operating_income in 2022.
PANEL_B,LAZ,"Lazard, Inc.",2021,2022,compensation_ratio,61.1,%,operating_margin,16.61,%,RAW_LAZ_2021_compensation_ratio,DER_LAZ_2022_operating_margin,Exploratory lagged pair: compensation_ratio in 2021 followed by operating_margin in 2022.
PANEL_B,LAZ,"Lazard, Inc.",2021,2022,compensation_ratio,61.1,%,operating_income,474.3,USD Millions,RAW_LAZ_2021_compensation_ratio,RAW_LAZ_2022_operating_income,Exploratory lagged pair: compensation_ratio in 2021 followed by operating_income in 2022.
PANEL_B,LAZ,"Lazard, Inc.",2021,2022,investment_banking_revenue,1927.0,USD Millions,operating_margin,16.61,%,RAW_LAZ_2021_investment_banking_revenue,DER_LAZ_2022_operating_margin,Exploratory lagged pair: investment_banking_revenue in 2021 followed by operating_margin in 2022.
PANEL_B,LAZ,"Lazard, Inc.",2021,2022,investment_banking_revenue,1927.0,USD Millions,operating_income,474.3,USD Millions,RAW_LAZ_2021_investment_banking_revenue,RAW_LAZ_2022_operating_income,Exploratory lagged pair: investment_banking_revenue in 2021 followed by operating_income in 2022.
PANEL_B,LAZ,"Lazard, Inc.",2021,2022,shareholder_distribution_ratio,18.39,%,operating_margin,16.61,%,RATIO_LAZ_2021_dist_ratio,DER_LAZ_2022_operating_margin,Exploratory lagged pair: shareholder_distribution_ratio in 2021 followed by operating_margin in 2022.
PANEL_B,LAZ,"Lazard, Inc.",2021,2022,shareholder_distribution_ratio,18.39,%,operating_income,474.3,USD Millions,RATIO_LAZ_2021_dist_ratio,RAW_LAZ_2022_operating_income,Exploratory lagged pair: shareholder_distribution_ratio in 2021 followed by operating_income in 2022.
PANEL_B,LAZ,"Lazard, Inc.",2022,2023,share_repurchases,691.7,USD Millions,operating_margin,-3.38,%,RAW_LAZ_2022_share_repurchases,DER_LAZ_2023_operating_margin,Exploratory lagged pair: share_repurchases in 2022 followed by operating_margin in 2023.
PANEL_B,LAZ,"Lazard, Inc.",2022,2023,share_repurchases,691.7,USD Millions,operating_income,-87.7,USD Millions,RAW_LAZ_2022_share_repurchases,RAW_LAZ_2023_operating_income,Exploratory lagged pair: share_repurchases in 2022 followed by operating_income in 2023.
PANEL_B,LAZ,"Lazard, Inc.",2022,2023,dividends_paid,181.9,USD Millions,operating_margin,-3.38,%,RAW_LAZ_2022_dividends_paid,DER_LAZ_2023_operating_margin,Exploratory lagged pair: dividends_paid in 2022 followed by operating_margin in 2023.
PANEL_B,LAZ,"Lazard, Inc.",2022,2023,dividends_paid,181.9,USD Millions,operating_income,-87.7,USD Millions,RAW_LAZ_2022_dividends_paid,RAW_LAZ_2023_operating_income,Exploratory lagged pair: dividends_paid in 2022 followed by operating_income in 2023.
PANEL_B,LAZ,"Lazard, Inc.",2022,2023,total_cash_returned,873.6,USD Millions,operating_margin,-3.38,%,DER_LAZ_2022_total_cash_returned,DER_LAZ_2023_operating_margin,Exploratory lagged pair: total_cash_returned in 2022 followed by operating_margin in 2023.
PANEL_B,LAZ,"Lazard, Inc.",2022,2023,total_cash_returned,873.6,USD Millions,operating_income,-87.7,USD Millions,DER_LAZ_2022_total_cash_returned,RAW_LAZ_2023_operating_income,Exploratory lagged pair: total_cash_returned in 2022 followed by operating_income in 2023.
PANEL_B,LAZ,"Lazard, Inc.",2022,2023,compensation_ratio,61.1,%,operating_margin,-3.38,%,RAW_LAZ_2022_compensation_ratio,DER_LAZ_2023_operating_margin,Exploratory lagged pair: compensation_ratio in 2022 followed by operating_margin in 2023.
PANEL_B,LAZ,"Lazard, Inc.",2022,2023,compensation_ratio,61.1,%,operating_income,-87.7,USD Millions,RAW_LAZ_2022_compensation_ratio,RAW_LAZ_2023_operating_income,Exploratory lagged pair: compensation_ratio in 2022 followed by operating_income in 2023.
PANEL_B,LAZ,"Lazard, Inc.",2022,2023,investment_banking_revenue,1685.0,USD Millions,operating_margin,-3.38,%,RAW_LAZ_2022_investment_banking_revenue,DER_LAZ_2023_operating_margin,Exploratory lagged pair: investment_banking_revenue in 2022 followed by operating_margin in 2023.
PANEL_B,LAZ,"Lazard, Inc.",2022,2023,investment_banking_revenue,1685.0,USD Millions,operating_income,-87.7,USD Millions,RAW_LAZ_2022_investment_banking_revenue,RAW_LAZ_2023_operating_income,Exploratory lagged pair: investment_banking_revenue in 2022 followed by operating_income in 2023.
PANEL_B,LAZ,"Lazard, Inc.",2022,2023,shareholder_distribution_ratio,30.6,%,operating_margin,-3.38,%,RATIO_LAZ_2022_dist_ratio,DER_LAZ_2023_operating_margin,Exploratory lagged pair: shareholder_distribution_ratio in 2022 followed by operating_margin in 2023.
PANEL_B,LAZ,"Lazard, Inc.",2022,2023,shareholder_distribution_ratio,30.6,%,operating_income,-87.7,USD Millions,RATIO_LAZ_2022_dist_ratio,RAW_LAZ_2023_operating_income,Exploratory lagged pair: shareholder_distribution_ratio in 2022 followed by operating_income in 2023.
PANEL_B,LAZ,"Lazard, Inc.",2023,2024,share_repurchases,102.1,USD Millions,operating_margin,10.87,%,RAW_LAZ_2023_share_repurchases,DER_LAZ_2024_operating_margin,Exploratory lagged pair: share_repurchases in 2023 followed by operating_margin in 2024.
PANEL_B,LAZ,"Lazard, Inc.",2023,2024,share_repurchases,102.1,USD Millions,operating_income,341.2,USD Millions,RAW_LAZ_2023_share_repurchases,RAW_LAZ_2024_operating_income,Exploratory lagged pair: share_repurchases in 2023 followed by operating_income in 2024.
PANEL_B,LAZ,"Lazard, Inc.",2023,2024,dividends_paid,173.1,USD Millions,operating_margin,10.87,%,RAW_LAZ_2023_dividends_paid,DER_LAZ_2024_operating_margin,Exploratory lagged pair: dividends_paid in 2023 followed by operating_margin in 2024.
PANEL_B,LAZ,"Lazard, Inc.",2023,2024,dividends_paid,173.1,USD Millions,operating_income,341.2,USD Millions,RAW_LAZ_2023_dividends_paid,RAW_LAZ_2024_operating_income,Exploratory lagged pair: dividends_paid in 2023 followed by operating_income in 2024.
PANEL_B,LAZ,"Lazard, Inc.",2023,2024,total_cash_returned,275.2,USD Millions,operating_margin,10.87,%,DER_LAZ_2023_total_cash_returned,DER_LAZ_2024_operating_margin,Exploratory lagged pair: total_cash_returned in 2023 followed by operating_margin in 2024.
PANEL_B,LAZ,"Lazard, Inc.",2023,2024,total_cash_returned,275.2,USD Millions,operating_income,341.2,USD Millions,DER_LAZ_2023_total_cash_returned,RAW_LAZ_2024_operating_income,Exploratory lagged pair: total_cash_returned in 2023 followed by operating_income in 2024.
PANEL_B,LAZ,"Lazard, Inc.",2023,2024,compensation_ratio,71.6,%,operating_margin,10.87,%,RAW_LAZ_2023_compensation_ratio,DER_LAZ_2024_operating_margin,Exploratory lagged pair: compensation_ratio in 2023 followed by operating_margin in 2024.
PANEL_B,LAZ,"Lazard, Inc.",2023,2024,compensation_ratio,71.6,%,operating_income,341.2,USD Millions,RAW_LAZ_2023_compensation_ratio,RAW_LAZ_2024_operating_income,Exploratory lagged pair: compensation_ratio in 2023 followed by operating_income in 2024.
PANEL_B,LAZ,"Lazard, Inc.",2023,2024,investment_banking_revenue,1378.0,USD Millions,operating_margin,10.87,%,RAW_LAZ_2023_investment_banking_revenue,DER_LAZ_2024_operating_margin,Exploratory lagged pair: investment_banking_revenue in 2023 followed by operating_margin in 2024.
PANEL_B,LAZ,"Lazard, Inc.",2023,2024,investment_banking_revenue,1378.0,USD Millions,operating_income,341.2,USD Millions,RAW_LAZ_2023_investment_banking_revenue,RAW_LAZ_2024_operating_income,Exploratory lagged pair: investment_banking_revenue in 2023 followed by operating_income in 2024.
PANEL_B,LAZ,"Lazard, Inc.",2023,2024,shareholder_distribution_ratio,10.61,%,operating_margin,10.87,%,RATIO_LAZ_2023_dist_ratio,DER_LAZ_2024_operating_margin,Exploratory lagged pair: shareholder_distribution_ratio in 2023 followed by operating_margin in 2024.
PANEL_B,LAZ,"Lazard, Inc.",2023,2024,shareholder_distribution_ratio,10.61,%,operating_income,341.2,USD Millions,RATIO_LAZ_2023_dist_ratio,RAW_LAZ_2024_operating_income,Exploratory lagged pair: shareholder_distribution_ratio in 2023 followed by operating_income in 2024.
PANEL_B,MC,Moelis & Company,2020,2021,share_repurchases,44.3,USD Millions,operating_margin,30.16,%,RAW_MC_2020_share_repurchases,DER_MC_2021_operating_margin,Exploratory lagged pair: share_repurchases in 2020 followed by operating_margin in 2021.
PANEL_B,MC,Moelis & Company,2020,2021,share_repurchases,44.3,USD Millions,operating_income,464.7,USD Millions,RAW_MC_2020_share_repurchases,RAW_MC_2021_operating_income,Exploratory lagged pair: share_repurchases in 2020 followed by operating_income in 2021.
PANEL_B,MC,Moelis & Company,2020,2021,dividends_paid,282.9,USD Millions,operating_margin,30.16,%,RAW_MC_2020_dividends_paid,DER_MC_2021_operating_margin,Exploratory lagged pair: dividends_paid in 2020 followed by operating_margin in 2021.
PANEL_B,MC,Moelis & Company,2020,2021,dividends_paid,282.9,USD Millions,operating_income,464.7,USD Millions,RAW_MC_2020_dividends_paid,RAW_MC_2021_operating_income,Exploratory lagged pair: dividends_paid in 2020 followed by operating_income in 2021.
PANEL_B,MC,Moelis & Company,2020,2021,total_cash_returned,327.2,USD Millions,operating_margin,30.16,%,DER_MC_2020_total_cash_returned,DER_MC_2021_operating_margin,Exploratory lagged pair: total_cash_returned in 2020 followed by operating_margin in 2021.
PANEL_B,MC,Moelis & Company,2020,2021,total_cash_returned,327.2,USD Millions,operating_income,464.7,USD Millions,DER_MC_2020_total_cash_returned,RAW_MC_2021_operating_income,Exploratory lagged pair: total_cash_returned in 2020 followed by operating_income in 2021.
PANEL_B,MC,Moelis & Company,2020,2021,compensation_ratio,63.0,%,operating_margin,30.16,%,RAW_MC_2020_compensation_ratio,DER_MC_2021_operating_margin,Exploratory lagged pair: compensation_ratio in 2020 followed by operating_margin in 2021.
PANEL_B,MC,Moelis & Company,2020,2021,compensation_ratio,63.0,%,operating_income,464.7,USD Millions,RAW_MC_2020_compensation_ratio,RAW_MC_2021_operating_income,Exploratory lagged pair: compensation_ratio in 2020 followed by operating_income in 2021.
PANEL_B,MC,Moelis & Company,2020,2021,investment_banking_revenue,943.3,USD Millions,operating_margin,30.16,%,RAW_MC_2020_investment_banking_revenue,DER_MC_2021_operating_margin,Exploratory lagged pair: investment_banking_revenue in 2020 followed by operating_margin in 2021.
PANEL_B,MC,Moelis & Company,2020,2021,investment_banking_revenue,943.3,USD Millions,operating_income,464.7,USD Millions,RAW_MC_2020_investment_banking_revenue,RAW_MC_2021_operating_income,Exploratory lagged pair: investment_banking_revenue in 2020 followed by operating_income in 2021.
PANEL_B,MC,Moelis & Company,2020,2021,shareholder_distribution_ratio,34.69,%,operating_margin,30.16,%,RATIO_MC_2020_dist_ratio,DER_MC_2021_operating_margin,Exploratory lagged pair: shareholder_distribution_ratio in 2020 followed by operating_margin in 2021.
PANEL_B,MC,Moelis & Company,2020,2021,shareholder_distribution_ratio,34.69,%,operating_income,464.7,USD Millions,RATIO_MC_2020_dist_ratio,RAW_MC_2021_operating_income,Exploratory lagged pair: shareholder_distribution_ratio in 2020 followed by operating_income in 2021.
PANEL_B,MC,Moelis & Company,2021,2022,share_repurchases,104.2,USD Millions,operating_margin,21.71,%,RAW_MC_2021_share_repurchases,DER_MC_2022_operating_margin,Exploratory lagged pair: share_repurchases in 2021 followed by operating_margin in 2022.
PANEL_B,MC,Moelis & Company,2021,2022,share_repurchases,104.2,USD Millions,operating_income,213.9,USD Millions,RAW_MC_2021_share_repurchases,RAW_MC_2022_operating_income,Exploratory lagged pair: share_repurchases in 2021 followed by operating_income in 2022.
PANEL_B,MC,Moelis & Company,2021,2022,dividends_paid,479.9,USD Millions,operating_margin,21.71,%,RAW_MC_2021_dividends_paid,DER_MC_2022_operating_margin,Exploratory lagged pair: dividends_paid in 2021 followed by operating_margin in 2022.
PANEL_B,MC,Moelis & Company,2021,2022,dividends_paid,479.9,USD Millions,operating_income,213.9,USD Millions,RAW_MC_2021_dividends_paid,RAW_MC_2022_operating_income,Exploratory lagged pair: dividends_paid in 2021 followed by operating_income in 2022.
PANEL_B,MC,Moelis & Company,2021,2022,total_cash_returned,584.1,USD Millions,operating_margin,21.71,%,DER_MC_2021_total_cash_returned,DER_MC_2022_operating_margin,Exploratory lagged pair: total_cash_returned in 2021 followed by operating_margin in 2022.
PANEL_B,MC,Moelis & Company,2021,2022,total_cash_returned,584.1,USD Millions,operating_income,213.9,USD Millions,DER_MC_2021_total_cash_returned,RAW_MC_2022_operating_income,Exploratory lagged pair: total_cash_returned in 2021 followed by operating_income in 2022.
PANEL_B,MC,Moelis & Company,2021,2022,compensation_ratio,64.0,%,operating_margin,21.71,%,RAW_MC_2021_compensation_ratio,DER_MC_2022_operating_margin,Exploratory lagged pair: compensation_ratio in 2021 followed by operating_margin in 2022.
PANEL_B,MC,Moelis & Company,2021,2022,compensation_ratio,64.0,%,operating_income,213.9,USD Millions,RAW_MC_2021_compensation_ratio,RAW_MC_2022_operating_income,Exploratory lagged pair: compensation_ratio in 2021 followed by operating_income in 2022.
PANEL_B,MC,Moelis & Company,2021,2022,investment_banking_revenue,1540.6,USD Millions,operating_margin,21.71,%,RAW_MC_2021_investment_banking_revenue,DER_MC_2022_operating_margin,Exploratory lagged pair: investment_banking_revenue in 2021 followed by operating_margin in 2022.
PANEL_B,MC,Moelis & Company,2021,2022,investment_banking_revenue,1540.6,USD Millions,operating_income,213.9,USD Millions,RAW_MC_2021_investment_banking_revenue,RAW_MC_2022_operating_income,Exploratory lagged pair: investment_banking_revenue in 2021 followed by operating_income in 2022.
PANEL_B,MC,Moelis & Company,2021,2022,shareholder_distribution_ratio,37.91,%,operating_margin,21.71,%,RATIO_MC_2021_dist_ratio,DER_MC_2022_operating_margin,Exploratory lagged pair: shareholder_distribution_ratio in 2021 followed by operating_margin in 2022.
PANEL_B,MC,Moelis & Company,2021,2022,shareholder_distribution_ratio,37.91,%,operating_income,213.9,USD Millions,RATIO_MC_2021_dist_ratio,RAW_MC_2022_operating_income,Exploratory lagged pair: shareholder_distribution_ratio in 2021 followed by operating_income in 2022.
PANEL_B,MC,Moelis & Company,2022,2023,share_repurchases,147.5,USD Millions,operating_margin,10.64,%,RAW_MC_2022_share_repurchases,DER_MC_2023_operating_margin,Exploratory lagged pair: share_repurchases in 2022 followed by operating_margin in 2023.
PANEL_B,MC,Moelis & Company,2022,2023,share_repurchases,147.5,USD Millions,operating_income,90.9,USD Millions,RAW_MC_2022_share_repurchases,RAW_MC_2023_operating_income,Exploratory lagged pair: share_repurchases in 2022 followed by operating_income in 2023.
PANEL_B,MC,Moelis & Company,2022,2023,dividends_paid,174.7,USD Millions,operating_margin,10.64,%,RAW_MC_2022_dividends_paid,DER_MC_2023_operating_margin,Exploratory lagged pair: dividends_paid in 2022 followed by operating_margin in 2023.
PANEL_B,MC,Moelis & Company,2022,2023,dividends_paid,174.7,USD Millions,operating_income,90.9,USD Millions,RAW_MC_2022_dividends_paid,RAW_MC_2023_operating_income,Exploratory lagged pair: dividends_paid in 2022 followed by operating_income in 2023.
PANEL_B,MC,Moelis & Company,2022,2023,total_cash_returned,322.2,USD Millions,operating_margin,10.64,%,DER_MC_2022_total_cash_returned,DER_MC_2023_operating_margin,Exploratory lagged pair: total_cash_returned in 2022 followed by operating_margin in 2023.
PANEL_B,MC,Moelis & Company,2022,2023,total_cash_returned,322.2,USD Millions,operating_income,90.9,USD Millions,DER_MC_2022_total_cash_returned,RAW_MC_2023_operating_income,Exploratory lagged pair: total_cash_returned in 2022 followed by operating_income in 2023.
PANEL_B,MC,Moelis & Company,2022,2023,compensation_ratio,65.0,%,operating_margin,10.64,%,RAW_MC_2022_compensation_ratio,DER_MC_2023_operating_margin,Exploratory lagged pair: compensation_ratio in 2022 followed by operating_margin in 2023.
PANEL_B,MC,Moelis & Company,2022,2023,compensation_ratio,65.0,%,operating_income,90.9,USD Millions,RAW_MC_2022_compensation_ratio,RAW_MC_2023_operating_income,Exploratory lagged pair: compensation_ratio in 2022 followed by operating_income in 2023.
PANEL_B,MC,Moelis & Company,2022,2023,investment_banking_revenue,985.3,USD Millions,operating_margin,10.64,%,RAW_MC_2022_investment_banking_revenue,DER_MC_2023_operating_margin,Exploratory lagged pair: investment_banking_revenue in 2022 followed by operating_margin in 2023.
PANEL_B,MC,Moelis & Company,2022,2023,investment_banking_revenue,985.3,USD Millions,operating_income,90.9,USD Millions,RAW_MC_2022_investment_banking_revenue,RAW_MC_2023_operating_income,Exploratory lagged pair: investment_banking_revenue in 2022 followed by operating_income in 2023.
PANEL_B,MC,Moelis & Company,2022,2023,shareholder_distribution_ratio,32.7,%,operating_margin,10.64,%,RATIO_MC_2022_dist_ratio,DER_MC_2023_operating_margin,Exploratory lagged pair: shareholder_distribution_ratio in 2022 followed by operating_margin in 2023.
PANEL_B,MC,Moelis & Company,2022,2023,shareholder_distribution_ratio,32.7,%,operating_income,90.9,USD Millions,RATIO_MC_2022_dist_ratio,RAW_MC_2023_operating_income,Exploratory lagged pair: shareholder_distribution_ratio in 2022 followed by operating_income in 2023.
PANEL_B,MC,Moelis & Company,2023,2024,share_repurchases,47.0,USD Millions,operating_margin,19.68,%,RAW_MC_2023_share_repurchases,DER_MC_2024_operating_margin,Exploratory lagged pair: share_repurchases in 2023 followed by operating_margin in 2024.
PANEL_B,MC,Moelis & Company,2023,2024,share_repurchases,47.0,USD Millions,operating_income,235.1,USD Millions,RAW_MC_2023_share_repurchases,RAW_MC_2024_operating_income,Exploratory lagged pair: share_repurchases in 2023 followed by operating_income in 2024.
PANEL_B,MC,Moelis & Company,2023,2024,dividends_paid,182.2,USD Millions,operating_margin,19.68,%,RAW_MC_2023_dividends_paid,DER_MC_2024_operating_margin,Exploratory lagged pair: dividends_paid in 2023 followed by operating_margin in 2024.
PANEL_B,MC,Moelis & Company,2023,2024,dividends_paid,182.2,USD Millions,operating_income,235.1,USD Millions,RAW_MC_2023_dividends_paid,RAW_MC_2024_operating_income,Exploratory lagged pair: dividends_paid in 2023 followed by operating_income in 2024.
PANEL_B,MC,Moelis & Company,2023,2024,total_cash_returned,229.2,USD Millions,operating_margin,19.68,%,DER_MC_2023_total_cash_returned,DER_MC_2024_operating_margin,Exploratory lagged pair: total_cash_returned in 2023 followed by operating_margin in 2024.
PANEL_B,MC,Moelis & Company,2023,2024,total_cash_returned,229.2,USD Millions,operating_income,235.1,USD Millions,DER_MC_2023_total_cash_returned,RAW_MC_2024_operating_income,Exploratory lagged pair: total_cash_returned in 2023 followed by operating_income in 2024.
PANEL_B,MC,Moelis & Company,2023,2024,compensation_ratio,70.0,%,operating_margin,19.68,%,RAW_MC_2023_compensation_ratio,DER_MC_2024_operating_margin,Exploratory lagged pair: compensation_ratio in 2023 followed by operating_margin in 2024.
PANEL_B,MC,Moelis & Company,2023,2024,compensation_ratio,70.0,%,operating_income,235.1,USD Millions,RAW_MC_2023_compensation_ratio,RAW_MC_2024_operating_income,Exploratory lagged pair: compensation_ratio in 2023 followed by operating_income in 2024.
PANEL_B,MC,Moelis & Company,2023,2024,investment_banking_revenue,854.7,USD Millions,operating_margin,19.68,%,RAW_MC_2023_investment_banking_revenue,DER_MC_2024_operating_margin,Exploratory lagged pair: investment_banking_revenue in 2023 followed by operating_margin in 2024.
PANEL_B,MC,Moelis & Company,2023,2024,investment_banking_revenue,854.7,USD Millions,operating_income,235.1,USD Millions,RAW_MC_2023_investment_banking_revenue,RAW_MC_2024_operating_income,Exploratory lagged pair: investment_banking_revenue in 2023 followed by operating_income in 2024.
PANEL_B,MC,Moelis & Company,2023,2024,shareholder_distribution_ratio,26.82,%,operating_margin,19.68,%,RATIO_MC_2023_dist_ratio,DER_MC_2024_operating_margin,Exploratory lagged pair: shareholder_distribution_ratio in 2023 followed by operating_margin in 2024.
PANEL_B,MC,Moelis & Company,2023,2024,shareholder_distribution_ratio,26.82,%,operating_income,235.1,USD Millions,RATIO_MC_2023_dist_ratio,RAW_MC_2024_operating_income,Exploratory lagged pair: shareholder_distribution_ratio in 2023 followed by operating_income in 2024.
