firm,ticker,fiscal_year,period_end,variable,reported_term,value,unit,source_type,filing_date,SEC_accession_number,source_url,source_section,source_table,page_if_available,xbrl_tag_if_available,reported_or_derived,source_observation_id,comparability_class,notes
"Goldman Sachs Group, Inc.",GS,2020,2020-12-31,net_revenue,Total net revenues,44560.0,USD Millions,SEC_FORM_10K,2021-02-22,0001193125-21-049380,https://www.sec.gov/ix?doc=/Archives/edgar/data/0000886982/000119312521049380/d39654d10k.htm,Item 8,Statements of Earnings,Item 7 / Item 8,us-gaap:RevenuesNetOfInterestExpense,DIRECT,RAW_GS_2020_net_revenue,DIRECT,Primary GAAP revenues net of interest expense.
"Goldman Sachs Group, Inc.",GS,2020,2020-12-31,investment_banking_revenue,Investment banking,9420.0,USD Millions,SEC_FORM_10K,2021-02-22,0001193125-21-049380,https://www.sec.gov/ix?doc=/Archives/edgar/data/0000886982/000119312521049380/d39654d10k.htm,Item 8,Statements of Earnings / Note 3,Item 7 / Item 8,us-gaap:InvestmentBankingRevenue,DIRECT,RAW_GS_2020_investment_banking_revenue,DIRECT,Underwriting and advisory revenues.
"Goldman Sachs Group, Inc.",GS,2020,2020-12-31,dividends_paid,Dividends paid,2336.0,USD Millions,SEC_FORM_10K,2021-02-22,0001193125-21-049380,https://www.sec.gov/ix?doc=/Archives/edgar/data/0000886982/000119312521049380/d39654d10k.htm,Item 8,Statements of Cash Flows,Item 7 / Item 8,us-gaap:PaymentsOfDividends,DIRECT,RAW_GS_2020_dividends_paid,DIRECT,Audited financing cash flow.
"Goldman Sachs Group, Inc.",GS,2020,2020-12-31,share_repurchases,Repurchase of common stock,1928.0,USD Millions,SEC_FORM_10K,2021-02-22,0001193125-21-049380,https://www.sec.gov/ix?doc=/Archives/edgar/data/0000886982/000119312521049380/d39654d10k.htm,Item 8,Statements of Cash Flows,Item 7 / Item 8,us-gaap:PaymentsForRepurchaseOfCommonStock,DIRECT,RAW_GS_2020_share_repurchases,DIRECT,Common shares repurchased.
"Goldman Sachs Group, Inc.",GS,2020,2020-12-31,roe,Return on average common shareholders' equity (ROE),11.1,%,SEC_FORM_10K,2021-02-22,0001193125-21-049380,https://www.sec.gov/ix?doc=/Archives/edgar/data/0000886982/000119312521049380/d39654d10k.htm,Item 7,Financial Highlights,Item 7 / Item 8,,DIRECT,RAW_GS_2020_roe,SUB_PANEL,Reported common equity return.
"Goldman Sachs Group, Inc.",GS,2020,2020-12-31,rotce_or_rote,Return on average tangible common shareholders' equity (ROTE),11.9,%,SEC_FORM_10K,2021-02-22,0001193125-21-049380,https://www.sec.gov/ix?doc=/Archives/edgar/data/0000886982/000119312521049380/d39654d10k.htm,Item 7,Financial Highlights,Item 7 / Item 8,,DIRECT,RAW_GS_2020_rotce_or_rote,SUB_PANEL,Reported tangible equity return.
"Goldman Sachs Group, Inc.",GS,2020,2020-12-31,efficiency_or_overhead_ratio,Efficiency ratio,65.0,%,SEC_FORM_10K,2021-02-22,0001193125-21-049380,https://www.sec.gov/ix?doc=/Archives/edgar/data/0000886982/000119312521049380/d39654d10k.htm,Item 7,Financial Highlights,Item 7 / Item 8,,DIRECT,RAW_GS_2020_efficiency_or_overhead_ratio,SUB_PANEL,Total operating expenses divided by net revenues.
"Goldman Sachs Group, Inc.",GS,2020,2020-12-31,cet1_standardized,Standardized Common Equity Tier 1 capital ratio,14.7,%,SEC_FORM_10K,2021-02-22,0001193125-21-049380,https://www.sec.gov/ix?doc=/Archives/edgar/data/0000886982/000119312521049380/d39654d10k.htm,Item 7,Capital Resources,Item 7 / Item 8,,DIRECT,RAW_GS_2020_cet1_standardized,SUB_PANEL,Basel III Standardized CET1 ratio.
"Goldman Sachs Group, Inc.",GS,2020,2020-12-31,tier1_leverage_ratio,Tier 1 leverage ratio,7.2,%,SEC_FORM_10K,2021-02-22,0001193125-21-049380,https://www.sec.gov/ix?doc=/Archives/edgar/data/0000886982/000119312521049380/d39654d10k.htm,Item 7,Capital Resources,Item 7 / Item 8,,DIRECT,RAW_GS_2020_tier1_leverage_ratio,SUB_PANEL,Federal Reserve Tier 1 leverage ratio.
"Goldman Sachs Group, Inc.",GS,2020,2020-12-31,supplementary_leverage_ratio,Supplementary leverage ratio (SLR),7.0,%,SEC_FORM_10K,2021-02-22,0001193125-21-049380,https://www.sec.gov/ix?doc=/Archives/edgar/data/0000886982/000119312521049380/d39654d10k.htm,Item 7,Capital Resources,Item 7 / Item 8,,DIRECT,RAW_GS_2020_supplementary_leverage_ratio,SUB_PANEL,Reported SLR under temporary regulatory relief.
"Goldman Sachs Group, Inc.",GS,2020,2020-12-31,tangible_common_equity,Tangible common shareholders' equity,80430.0,USD Millions,SEC_FORM_10K,2021-02-22,0001193125-21-049380,https://www.sec.gov/ix?doc=/Archives/edgar/data/0000886982/000119312521049380/d39654d10k.htm,Item 7,Balance Sheet & Capital,Item 7 / Item 8,,DIRECT,RAW_GS_2020_tangible_common_equity,SUB_PANEL,Common equity less goodwill and intangibles.
"Goldman Sachs Group, Inc.",GS,2020,2020-12-31,technology_or_business_investment,Communications and technology,1370.0,USD Millions,SEC_FORM_10K,2021-02-22,0001193125-21-049380,https://www.sec.gov/ix?doc=/Archives/edgar/data/0000886982/000119312521049380/d39654d10k.htm,Item 8,Statements of Earnings / Note 24,Item 7 / Item 8,us-gaap:CommunicationsAndInformationTechnology,DIRECT,RAW_GS_2020_technology_or_business_investment,PARTIAL,Operating technology expense. Supplementary only.
"Goldman Sachs Group, Inc.",GS,2020,2020-12-31,compensation_expense,Compensation and benefits,13309.0,USD Millions,SEC_FORM_10K,2021-02-22,0001193125-21-049380,https://www.sec.gov/ix?doc=/Archives/edgar/data/0000886982/000119312521049380/d39654d10k.htm,Item 8,Statements of Earnings,Item 7 / Item 8,us-gaap:LaborAndRelatedExpenses,DIRECT,RAW_GS_2020_compensation_expense,SUB_PANEL,Total personnel costs.
"Goldman Sachs Group, Inc.",GS,2020,2020-12-31,cash,Cash and cash equivalents,155986.0,USD Millions,SEC_FORM_10K,2021-02-22,0001193125-21-049380,https://www.sec.gov/ix?doc=/Archives/edgar/data/0000886982/000119312521049380/d39654d10k.htm,Item 8,Statements of Financial Condition,Item 7 / Item 8,us-gaap:CashAndCashEquivalentsAtCarryingValue,DIRECT,RAW_GS_2020_cash,STRUCTURALLY_NON_COMPARABLE,Bank cash reflects central bank reserves; non-comparable to corporate net cash.
"Goldman Sachs Group, Inc.",GS,2020,2020-12-31,debt,Unsecured long-term borrowings,250684.0,USD Millions,SEC_FORM_10K,2021-02-22,0001193125-21-049380,https://www.sec.gov/ix?doc=/Archives/edgar/data/0000886982/000119312521049380/d39654d10k.htm,Item 8,Statements of Financial Condition,Item 7 / Item 8,us-gaap:LongTermDebtNoncurrent,DIRECT,RAW_GS_2020_debt,STRUCTURALLY_NON_COMPARABLE,Bank debt funds earning assets; non-comparable to corporate debt.
"Goldman Sachs Group, Inc.",GS,2021,2021-12-31,net_revenue,Total net revenues,59339.0,USD Millions,SEC_FORM_10K,2022-02-25,0001193125-22-052682,https://www.sec.gov/ix?doc=/Archives/edgar/data/0000886982/000119312522052682/d192225d10k.htm,Item 8,Statements of Earnings,Item 7 / Item 8,us-gaap:RevenuesNetOfInterestExpense,DIRECT,RAW_GS_2021_net_revenue,DIRECT,Total net revenues.
"Goldman Sachs Group, Inc.",GS,2021,2021-12-31,investment_banking_revenue,Investment banking,14877.0,USD Millions,SEC_FORM_10K,2022-02-25,0001193125-22-052682,https://www.sec.gov/ix?doc=/Archives/edgar/data/0000886982/000119312522052682/d192225d10k.htm,Item 8,Statements of Earnings / Note 3,Item 7 / Item 8,us-gaap:InvestmentBankingRevenue,DIRECT,RAW_GS_2021_investment_banking_revenue,DIRECT,Underwriting and advisory revenues.
"Goldman Sachs Group, Inc.",GS,2021,2021-12-31,dividends_paid,Dividends paid,2725.0,USD Millions,SEC_FORM_10K,2022-02-25,0001193125-22-052682,https://www.sec.gov/ix?doc=/Archives/edgar/data/0000886982/000119312522052682/d192225d10k.htm,Item 8,Statements of Cash Flows,Item 7 / Item 8,us-gaap:PaymentsOfDividends,DIRECT,RAW_GS_2021_dividends_paid,DIRECT,Audited financing cash flow.
"Goldman Sachs Group, Inc.",GS,2021,2021-12-31,share_repurchases,Repurchase of common stock,5200.0,USD Millions,SEC_FORM_10K,2022-02-25,0001193125-22-052682,https://www.sec.gov/ix?doc=/Archives/edgar/data/0000886982/000119312522052682/d192225d10k.htm,Item 8,Statements of Cash Flows,Item 7 / Item 8,us-gaap:PaymentsForRepurchaseOfCommonStock,DIRECT,RAW_GS_2021_share_repurchases,DIRECT,Common shares repurchased.
"Goldman Sachs Group, Inc.",GS,2021,2021-12-31,roe,Return on average common shareholders' equity (ROE),23.0,%,SEC_FORM_10K,2022-02-25,0001193125-22-052682,https://www.sec.gov/ix?doc=/Archives/edgar/data/0000886982/000119312522052682/d192225d10k.htm,Item 7,Financial Highlights,Item 7 / Item 8,,DIRECT,RAW_GS_2021_roe,SUB_PANEL,Reported common equity return.
"Goldman Sachs Group, Inc.",GS,2021,2021-12-31,rotce_or_rote,Return on average tangible common shareholders' equity (ROTE),24.3,%,SEC_FORM_10K,2022-02-25,0001193125-22-052682,https://www.sec.gov/ix?doc=/Archives/edgar/data/0000886982/000119312522052682/d192225d10k.htm,Item 7,Financial Highlights,Item 7 / Item 8,,DIRECT,RAW_GS_2021_rotce_or_rote,SUB_PANEL,Reported tangible equity return.
"Goldman Sachs Group, Inc.",GS,2021,2021-12-31,efficiency_or_overhead_ratio,Efficiency ratio,53.8,%,SEC_FORM_10K,2022-02-25,0001193125-22-052682,https://www.sec.gov/ix?doc=/Archives/edgar/data/0000886982/000119312522052682/d192225d10k.htm,Item 7,Financial Highlights,Item 7 / Item 8,,DIRECT,RAW_GS_2021_efficiency_or_overhead_ratio,SUB_PANEL,Reported efficiency ratio in 10-K Item 7 Financial Highlights.
"Goldman Sachs Group, Inc.",GS,2021,2021-12-31,cet1_standardized,Standardized Common Equity Tier 1 capital ratio,14.2,%,SEC_FORM_10K,2022-02-25,0001193125-22-052682,https://www.sec.gov/ix?doc=/Archives/edgar/data/0000886982/000119312522052682/d192225d10k.htm,Item 7,Capital Resources,Item 7 / Item 8,,DIRECT,RAW_GS_2021_cet1_standardized,SUB_PANEL,Basel III Standardized CET1 ratio.
"Goldman Sachs Group, Inc.",GS,2021,2021-12-31,tier1_leverage_ratio,Tier 1 leverage ratio,7.3,%,SEC_FORM_10K,2022-02-25,0001193125-22-052682,https://www.sec.gov/ix?doc=/Archives/edgar/data/0000886982/000119312522052682/d192225d10k.htm,Item 7,Capital Resources,Item 7 / Item 8,,DIRECT,RAW_GS_2021_tier1_leverage_ratio,SUB_PANEL,Federal Reserve Tier 1 leverage ratio.
"Goldman Sachs Group, Inc.",GS,2021,2021-12-31,supplementary_leverage_ratio,Supplementary leverage ratio (SLR),6.2,%,SEC_FORM_10K,2022-02-25,0001193125-22-052682,https://www.sec.gov/ix?doc=/Archives/edgar/data/0000886982/000119312522052682/d192225d10k.htm,Item 7,Capital Resources,Item 7 / Item 8,,DIRECT,RAW_GS_2021_supplementary_leverage_ratio,SUB_PANEL,"Reported SLR following expiration of temporary relief on March 31, 2021."
"Goldman Sachs Group, Inc.",GS,2021,2021-12-31,tangible_common_equity,Tangible common shareholders' equity,95015.0,USD Millions,SEC_FORM_10K,2022-02-25,0001193125-22-052682,https://www.sec.gov/ix?doc=/Archives/edgar/data/0000886982/000119312522052682/d192225d10k.htm,Item 7,Balance Sheet & Capital,Item 7 / Item 8,,DIRECT,RAW_GS_2021_tangible_common_equity,SUB_PANEL,Common equity less goodwill and intangibles.
"Goldman Sachs Group, Inc.",GS,2021,2021-12-31,technology_or_business_investment,Communications and technology,1559.0,USD Millions,SEC_FORM_10K,2022-02-25,0001193125-22-052682,https://www.sec.gov/ix?doc=/Archives/edgar/data/0000886982/000119312522052682/d192225d10k.htm,Item 8,Statements of Earnings / Note 24,Item 7 / Item 8,us-gaap:CommunicationsAndInformationTechnology,DIRECT,RAW_GS_2021_technology_or_business_investment,PARTIAL,Operating technology expense. Supplementary only.
"Goldman Sachs Group, Inc.",GS,2021,2021-12-31,compensation_expense,Compensation and benefits,17715.0,USD Millions,SEC_FORM_10K,2022-02-25,0001193125-22-052682,https://www.sec.gov/ix?doc=/Archives/edgar/data/0000886982/000119312522052682/d192225d10k.htm,Item 8,Statements of Earnings,Item 7 / Item 8,us-gaap:LaborAndRelatedExpenses,DIRECT,RAW_GS_2021_compensation_expense,SUB_PANEL,Total personnel costs.
"Goldman Sachs Group, Inc.",GS,2021,2021-12-31,cash,Cash and cash equivalents,261019.0,USD Millions,SEC_FORM_10K,2022-02-25,0001193125-22-052682,https://www.sec.gov/ix?doc=/Archives/edgar/data/0000886982/000119312522052682/d192225d10k.htm,Item 8,Statements of Financial Condition,Item 7 / Item 8,us-gaap:CashAndCashEquivalentsAtCarryingValue,DIRECT,RAW_GS_2021_cash,STRUCTURALLY_NON_COMPARABLE,Bank reserves.
"Goldman Sachs Group, Inc.",GS,2021,2021-12-31,debt,Unsecured long-term borrowings,284687.0,USD Millions,SEC_FORM_10K,2022-02-25,0001193125-22-052682,https://www.sec.gov/ix?doc=/Archives/edgar/data/0000886982/000119312522052682/d192225d10k.htm,Item 8,Statements of Financial Condition,Item 7 / Item 8,us-gaap:LongTermDebtNoncurrent,DIRECT,RAW_GS_2021_debt,STRUCTURALLY_NON_COMPARABLE,Bank wholesale funding.
"Goldman Sachs Group, Inc.",GS,2022,2022-12-31,net_revenue,Total net revenues,47365.0,USD Millions,SEC_FORM_10K,2023-02-24,0000886982-23-000003,https://www.sec.gov/ix?doc=/Archives/edgar/data/0000886982/000088698223000003/gs-20221231.htm,Item 8,Statements of Earnings,Item 7 / Item 8,us-gaap:RevenuesNetOfInterestExpense,DIRECT,RAW_GS_2022_net_revenue,DIRECT,Total net revenues.
"Goldman Sachs Group, Inc.",GS,2022,2022-12-31,investment_banking_revenue,Investment banking,7360.0,USD Millions,SEC_FORM_10K,2023-02-24,0000886982-23-000003,https://www.sec.gov/ix?doc=/Archives/edgar/data/0000886982/000088698223000003/gs-20221231.htm,Item 8,Statements of Earnings / Note 3,Item 7 / Item 8,us-gaap:InvestmentBankingRevenue,DIRECT,RAW_GS_2022_investment_banking_revenue,DIRECT,Underwriting and advisory revenues.
"Goldman Sachs Group, Inc.",GS,2022,2022-12-31,dividends_paid,Dividends paid,3682.0,USD Millions,SEC_FORM_10K,2023-02-24,0000886982-23-000003,https://www.sec.gov/ix?doc=/Archives/edgar/data/0000886982/000088698223000003/gs-20221231.htm,Item 8,Statements of Cash Flows,Item 7 / Item 8,us-gaap:PaymentsOfDividends,DIRECT,RAW_GS_2022_dividends_paid,DIRECT,Common and preferred cash dividends.
"Goldman Sachs Group, Inc.",GS,2022,2022-12-31,share_repurchases,Repurchase of common stock,3500.0,USD Millions,SEC_FORM_10K,2023-02-24,0000886982-23-000003,https://www.sec.gov/ix?doc=/Archives/edgar/data/0000886982/000088698223000003/gs-20221231.htm,Item 8,Statements of Cash Flows,Item 7 / Item 8,us-gaap:PaymentsForRepurchaseOfCommonStock,DIRECT,RAW_GS_2022_share_repurchases,DIRECT,Common shares repurchased.
"Goldman Sachs Group, Inc.",GS,2022,2022-12-31,roe,Return on average common shareholders' equity (ROE),10.2,%,SEC_FORM_10K,2023-02-24,0000886982-23-000003,https://www.sec.gov/ix?doc=/Archives/edgar/data/0000886982/000088698223000003/gs-20221231.htm,Item 7,Financial Highlights,Item 7 / Item 8,,DIRECT,RAW_GS_2022_roe,SUB_PANEL,Reported common equity return.
"Goldman Sachs Group, Inc.",GS,2022,2022-12-31,rotce_or_rote,Return on average tangible common shareholders' equity (ROTE),11.0,%,SEC_FORM_10K,2023-02-24,0000886982-23-000003,https://www.sec.gov/ix?doc=/Archives/edgar/data/0000886982/000088698223000003/gs-20221231.htm,Item 7,Financial Highlights,Item 7 / Item 8,,DIRECT,RAW_GS_2022_rotce_or_rote,SUB_PANEL,Reported tangible equity return.
"Goldman Sachs Group, Inc.",GS,2022,2022-12-31,efficiency_or_overhead_ratio,Efficiency ratio,65.8,%,SEC_FORM_10K,2023-02-24,0000886982-23-000003,https://www.sec.gov/ix?doc=/Archives/edgar/data/0000886982/000088698223000003/gs-20221231.htm,Item 7,Financial Highlights,Item 7 / Item 8,,DIRECT,RAW_GS_2022_efficiency_or_overhead_ratio,SUB_PANEL,Total operating expenses divided by net revenues.
"Goldman Sachs Group, Inc.",GS,2022,2022-12-31,cet1_standardized,Standardized Common Equity Tier 1 capital ratio,15.0,%,SEC_FORM_10K,2023-02-24,0000886982-23-000003,https://www.sec.gov/ix?doc=/Archives/edgar/data/0000886982/000088698223000003/gs-20221231.htm,Item 7,Capital Resources,Item 7 / Item 8,,DIRECT,RAW_GS_2022_cet1_standardized,SUB_PANEL,Standardized Common Equity Tier 1 capital ratio reported in 10-K Item 7.
"Goldman Sachs Group, Inc.",GS,2022,2022-12-31,tier1_leverage_ratio,Tier 1 leverage ratio,7.3,%,SEC_FORM_10K,2023-02-24,0000886982-23-000003,https://www.sec.gov/ix?doc=/Archives/edgar/data/0000886982/000088698223000003/gs-20221231.htm,Item 7,Capital Resources,Item 7 / Item 8,,DIRECT,RAW_GS_2022_tier1_leverage_ratio,SUB_PANEL,Federal Reserve Tier 1 leverage ratio.
"Goldman Sachs Group, Inc.",GS,2022,2022-12-31,supplementary_leverage_ratio,Supplementary leverage ratio (SLR),5.8,%,SEC_FORM_10K,2023-02-24,0000886982-23-000003,https://www.sec.gov/ix?doc=/Archives/edgar/data/0000886982/000088698223000003/gs-20221231.htm,Item 7,Capital Resources,Item 7 / Item 8,,DIRECT,RAW_GS_2022_supplementary_leverage_ratio,SUB_PANEL,Reported SLR ratio.
"Goldman Sachs Group, Inc.",GS,2022,2022-12-31,tangible_common_equity,Tangible common shareholders' equity,99824.0,USD Millions,SEC_FORM_10K,2023-02-24,0000886982-23-000003,https://www.sec.gov/ix?doc=/Archives/edgar/data/0000886982/000088698223000003/gs-20221231.htm,Item 7,Balance Sheet & Capital,Item 7 / Item 8,,DIRECT,RAW_GS_2022_tangible_common_equity,SUB_PANEL,Common equity less goodwill and intangibles.
"Goldman Sachs Group, Inc.",GS,2022,2022-12-31,technology_or_business_investment,Communications and technology,1723.0,USD Millions,SEC_FORM_10K,2023-02-24,0000886982-23-000003,https://www.sec.gov/ix?doc=/Archives/edgar/data/0000886982/000088698223000003/gs-20221231.htm,Item 8,Statements of Earnings / Note 24,Item 7 / Item 8,us-gaap:CommunicationsAndInformationTechnology,DIRECT,RAW_GS_2022_technology_or_business_investment,PARTIAL,Operating technology expense. Supplementary only.
"Goldman Sachs Group, Inc.",GS,2022,2022-12-31,compensation_expense,Compensation and benefits,15150.0,USD Millions,SEC_FORM_10K,2023-02-24,0000886982-23-000003,https://www.sec.gov/ix?doc=/Archives/edgar/data/0000886982/000088698223000003/gs-20221231.htm,Item 8,Statements of Earnings,Item 7 / Item 8,us-gaap:LaborAndRelatedExpenses,DIRECT,RAW_GS_2022_compensation_expense,SUB_PANEL,Total personnel costs.
"Goldman Sachs Group, Inc.",GS,2022,2022-12-31,cash,Cash and cash equivalents,240582.0,USD Millions,SEC_FORM_10K,2023-02-24,0000886982-23-000003,https://www.sec.gov/ix?doc=/Archives/edgar/data/0000886982/000088698223000003/gs-20221231.htm,Item 8,Statements of Financial Condition,Item 7 / Item 8,us-gaap:CashAndCashEquivalentsAtCarryingValue,DIRECT,RAW_GS_2022_cash,STRUCTURALLY_NON_COMPARABLE,Bank reserves.
"Goldman Sachs Group, Inc.",GS,2022,2022-12-31,debt,Unsecured long-term borrowings,294711.0,USD Millions,SEC_FORM_10K,2023-02-24,0000886982-23-000003,https://www.sec.gov/ix?doc=/Archives/edgar/data/0000886982/000088698223000003/gs-20221231.htm,Item 8,Statements of Financial Condition,Item 7 / Item 8,us-gaap:LongTermDebtNoncurrent,DIRECT,RAW_GS_2022_debt,STRUCTURALLY_NON_COMPARABLE,Bank wholesale funding.
"Goldman Sachs Group, Inc.",GS,2023,2023-12-31,net_revenue,Total net revenues,46253.0,USD Millions,SEC_FORM_10K,2024-02-23,0000886982-24-000006,https://www.sec.gov/ix?doc=/Archives/edgar/data/0000886982/000088698224000006/gs-20231231.htm,Item 8,Statements of Earnings,Item 7 / Item 8,us-gaap:RevenuesNetOfInterestExpense,DIRECT,RAW_GS_2023_net_revenue,DIRECT,Total net revenues.
"Goldman Sachs Group, Inc.",GS,2023,2023-12-31,investment_banking_revenue,Investment banking,6218.0,USD Millions,SEC_FORM_10K,2024-02-23,0000886982-24-000006,https://www.sec.gov/ix?doc=/Archives/edgar/data/0000886982/000088698224000006/gs-20231231.htm,Item 8,Statements of Earnings / Note 3,Item 7 / Item 8,us-gaap:InvestmentBankingRevenue,DIRECT,RAW_GS_2023_investment_banking_revenue,DIRECT,Underwriting and advisory revenues.
"Goldman Sachs Group, Inc.",GS,2023,2023-12-31,dividends_paid,Dividends paid,4189.0,USD Millions,SEC_FORM_10K,2024-02-23,0000886982-24-000006,https://www.sec.gov/ix?doc=/Archives/edgar/data/0000886982/000088698224000006/gs-20231231.htm,Item 8,Statements of Cash Flows,Item 7 / Item 8,us-gaap:PaymentsOfDividends,DIRECT,RAW_GS_2023_dividends_paid,DIRECT,Audited financing cash flow.
"Goldman Sachs Group, Inc.",GS,2023,2023-12-31,share_repurchases,Repurchase of common stock,5796.0,USD Millions,SEC_FORM_10K,2024-02-23,0000886982-24-000006,https://www.sec.gov/ix?doc=/Archives/edgar/data/0000886982/000088698224000006/gs-20231231.htm,Item 8,Statements of Cash Flows,Item 7 / Item 8,us-gaap:PaymentsForRepurchaseOfCommonStock,DIRECT,RAW_GS_2023_share_repurchases,DIRECT,Common shares repurchased.
"Goldman Sachs Group, Inc.",GS,2023,2023-12-31,roe,Return on average common shareholders' equity (ROE),7.5,%,SEC_FORM_10K,2024-02-23,0000886982-24-000006,https://www.sec.gov/ix?doc=/Archives/edgar/data/0000886982/000088698224000006/gs-20231231.htm,Item 7,Financial Highlights,Item 7 / Item 8,,DIRECT,RAW_GS_2023_roe,SUB_PANEL,Reported common equity return in 10-K Item 7.
"Goldman Sachs Group, Inc.",GS,2023,2023-12-31,rotce_or_rote,Return on average tangible common shareholders' equity (ROTE),8.1,%,SEC_FORM_10K,2024-02-23,0000886982-24-000006,https://www.sec.gov/ix?doc=/Archives/edgar/data/0000886982/000088698224000006/gs-20231231.htm,Item 7,Financial Highlights,Item 7 / Item 8,,DIRECT,RAW_GS_2023_rotce_or_rote,SUB_PANEL,Reported tangible equity return in 10-K Item 7.
"Goldman Sachs Group, Inc.",GS,2023,2023-12-31,efficiency_or_overhead_ratio,Efficiency ratio,74.7,%,SEC_FORM_10K,2024-02-23,0000886982-24-000006,https://www.sec.gov/ix?doc=/Archives/edgar/data/0000886982/000088698224000006/gs-20231231.htm,Item 7,Financial Highlights,Item 7 / Item 8,,DIRECT,RAW_GS_2023_efficiency_or_overhead_ratio,SUB_PANEL,Reported efficiency ratio in 10-K Item 7 Financial Highlights.
"Goldman Sachs Group, Inc.",GS,2023,2023-12-31,cet1_standardized,Standardized Common Equity Tier 1 capital ratio,14.4,%,SEC_FORM_10K,2024-02-23,0000886982-24-000006,https://www.sec.gov/ix?doc=/Archives/edgar/data/0000886982/000088698224000006/gs-20231231.htm,Item 7,Capital Resources,Item 7 / Item 8,,DIRECT,RAW_GS_2023_cet1_standardized,SUB_PANEL,Basel III Standardized CET1 ratio.
"Goldman Sachs Group, Inc.",GS,2023,2023-12-31,tier1_leverage_ratio,Tier 1 leverage ratio,7.0,%,SEC_FORM_10K,2024-02-23,0000886982-24-000006,https://www.sec.gov/ix?doc=/Archives/edgar/data/0000886982/000088698224000006/gs-20231231.htm,Item 7,Capital Resources,Item 7 / Item 8,,DIRECT,RAW_GS_2023_tier1_leverage_ratio,SUB_PANEL,Federal Reserve Tier 1 leverage ratio.
"Goldman Sachs Group, Inc.",GS,2023,2023-12-31,supplementary_leverage_ratio,Supplementary leverage ratio (SLR),5.4,%,SEC_FORM_10K,2024-02-23,0000886982-24-000006,https://www.sec.gov/ix?doc=/Archives/edgar/data/0000886982/000088698224000006/gs-20231231.htm,Item 7,Capital Resources,Item 7 / Item 8,,DIRECT,RAW_GS_2023_supplementary_leverage_ratio,SUB_PANEL,Reported SLR ratio.
"Goldman Sachs Group, Inc.",GS,2023,2023-12-31,tangible_common_equity,Tangible common shareholders' equity,102170.0,USD Millions,SEC_FORM_10K,2024-02-23,0000886982-24-000006,https://www.sec.gov/ix?doc=/Archives/edgar/data/0000886982/000088698224000006/gs-20231231.htm,Item 7,Balance Sheet & Capital,Item 7 / Item 8,,DIRECT,RAW_GS_2023_tangible_common_equity,SUB_PANEL,Common equity less goodwill and intangibles.
"Goldman Sachs Group, Inc.",GS,2023,2023-12-31,technology_or_business_investment,Communications and technology,1777.0,USD Millions,SEC_FORM_10K,2024-02-23,0000886982-24-000006,https://www.sec.gov/ix?doc=/Archives/edgar/data/0000886982/000088698224000006/gs-20231231.htm,Item 8,Statements of Earnings / Note 24,Item 7 / Item 8,us-gaap:CommunicationsAndInformationTechnology,DIRECT,RAW_GS_2023_technology_or_business_investment,PARTIAL,Operating technology expense. Supplementary only.
"Goldman Sachs Group, Inc.",GS,2023,2023-12-31,compensation_expense,Compensation and benefits,15414.0,USD Millions,SEC_FORM_10K,2024-02-23,0000886982-24-000006,https://www.sec.gov/ix?doc=/Archives/edgar/data/0000886982/000088698224000006/gs-20231231.htm,Item 8,Statements of Earnings,Item 7 / Item 8,us-gaap:LaborAndRelatedExpenses,DIRECT,RAW_GS_2023_compensation_expense,SUB_PANEL,Total personnel costs.
"Goldman Sachs Group, Inc.",GS,2023,2023-12-31,cash,Cash and cash equivalents,244589.0,USD Millions,SEC_FORM_10K,2024-02-23,0000886982-24-000006,https://www.sec.gov/ix?doc=/Archives/edgar/data/0000886982/000088698224000006/gs-20231231.htm,Item 8,Statements of Financial Condition,Item 7 / Item 8,us-gaap:CashAndCashEquivalentsAtCarryingValue,DIRECT,RAW_GS_2023_cash,STRUCTURALLY_NON_COMPARABLE,Bank reserves.
"Goldman Sachs Group, Inc.",GS,2023,2023-12-31,debt,Unsecured long-term borrowings,302835.0,USD Millions,SEC_FORM_10K,2024-02-23,0000886982-24-000006,https://www.sec.gov/ix?doc=/Archives/edgar/data/0000886982/000088698224000006/gs-20231231.htm,Item 8,Statements of Financial Condition,Item 7 / Item 8,us-gaap:LongTermDebtNoncurrent,DIRECT,RAW_GS_2023_debt,STRUCTURALLY_NON_COMPARABLE,Bank wholesale funding.
"Goldman Sachs Group, Inc.",GS,2024,2024-12-31,net_revenue,Total net revenues,53510.0,USD Millions,SEC_FORM_10K,2025-02-27,0000886982-25-000005,https://www.sec.gov/ix?doc=/Archives/edgar/data/0000886982/000088698225000005/gs-20241231.htm,Item 8,Statements of Earnings,Item 7 / Item 8,us-gaap:RevenuesNetOfInterestExpense,DIRECT,RAW_GS_2024_net_revenue,DIRECT,Total net revenues.
"Goldman Sachs Group, Inc.",GS,2024,2024-12-31,investment_banking_revenue,Investment banking,7738.0,USD Millions,SEC_FORM_10K,2025-02-27,0000886982-25-000005,https://www.sec.gov/ix?doc=/Archives/edgar/data/0000886982/000088698225000005/gs-20241231.htm,Item 8,Statements of Earnings / Note 3,Item 7 / Item 8,us-gaap:InvestmentBankingRevenue,DIRECT,RAW_GS_2024_investment_banking_revenue,DIRECT,Underwriting and advisory revenues.
"Goldman Sachs Group, Inc.",GS,2024,2024-12-31,dividends_paid,Dividends paid,4497.0,USD Millions,SEC_FORM_10K,2025-02-27,0000886982-25-000005,https://www.sec.gov/ix?doc=/Archives/edgar/data/0000886982/000088698225000005/gs-20241231.htm,Item 8,Statements of Cash Flows,Item 7 / Item 8,us-gaap:PaymentsOfDividends,DIRECT,RAW_GS_2024_dividends_paid,DIRECT,Audited financing cash flow.
"Goldman Sachs Group, Inc.",GS,2024,2024-12-31,share_repurchases,Repurchase of common stock,8000.0,USD Millions,SEC_FORM_10K,2025-02-27,0000886982-25-000005,https://www.sec.gov/ix?doc=/Archives/edgar/data/0000886982/000088698225000005/gs-20241231.htm,Item 8,Statements of Cash Flows,Item 7 / Item 8,us-gaap:PaymentsForRepurchaseOfCommonStock,DIRECT,RAW_GS_2024_share_repurchases,DIRECT,Common shares repurchased.
"Goldman Sachs Group, Inc.",GS,2024,2024-12-31,roe,Return on average common shareholders' equity (ROE),11.0,%,SEC_FORM_10K,2025-02-27,0000886982-25-000005,https://www.sec.gov/ix?doc=/Archives/edgar/data/0000886982/000088698225000005/gs-20241231.htm,Item 7,Financial Highlights,Item 7 / Item 8,,DIRECT,RAW_GS_2024_roe,SUB_PANEL,Reported common equity return.
"Goldman Sachs Group, Inc.",GS,2024,2024-12-31,rotce_or_rote,Return on average tangible common shareholders' equity (ROTE),11.9,%,SEC_FORM_10K,2025-02-27,0000886982-25-000005,https://www.sec.gov/ix?doc=/Archives/edgar/data/0000886982/000088698225000005/gs-20241231.htm,Item 7,Financial Highlights,Item 7 / Item 8,,DIRECT,RAW_GS_2024_rotce_or_rote,SUB_PANEL,Reported tangible equity return.
"Goldman Sachs Group, Inc.",GS,2024,2024-12-31,efficiency_or_overhead_ratio,Efficiency ratio,64.9,%,SEC_FORM_10K,2025-02-27,0000886982-25-000005,https://www.sec.gov/ix?doc=/Archives/edgar/data/0000886982/000088698225000005/gs-20241231.htm,Item 7,Financial Highlights,Item 7 / Item 8,,DIRECT,RAW_GS_2024_efficiency_or_overhead_ratio,SUB_PANEL,Reported efficiency ratio in 10-K Item 7.
"Goldman Sachs Group, Inc.",GS,2024,2024-12-31,cet1_standardized,Standardized Common Equity Tier 1 capital ratio,15.0,%,SEC_FORM_10K,2025-02-27,0000886982-25-000005,https://www.sec.gov/ix?doc=/Archives/edgar/data/0000886982/000088698225000005/gs-20241231.htm,Item 7,Capital Resources,Item 7 / Item 8,,DIRECT,RAW_GS_2024_cet1_standardized,SUB_PANEL,Basel III Standardized CET1 ratio.
"Goldman Sachs Group, Inc.",GS,2024,2024-12-31,tier1_leverage_ratio,Tier 1 leverage ratio,6.9,%,SEC_FORM_10K,2025-02-27,0000886982-25-000005,https://www.sec.gov/ix?doc=/Archives/edgar/data/0000886982/000088698225000005/gs-20241231.htm,Item 7,Capital Resources,Item 7 / Item 8,,DIRECT,RAW_GS_2024_tier1_leverage_ratio,SUB_PANEL,Federal Reserve Tier 1 leverage ratio.
"Goldman Sachs Group, Inc.",GS,2024,2024-12-31,supplementary_leverage_ratio,Supplementary leverage ratio (SLR),5.4,%,SEC_FORM_10K,2025-02-27,0000886982-25-000005,https://www.sec.gov/ix?doc=/Archives/edgar/data/0000886982/000088698225000005/gs-20241231.htm,Item 7,Capital Resources,Item 7 / Item 8,,DIRECT,RAW_GS_2024_supplementary_leverage_ratio,SUB_PANEL,Reported SLR ratio.
"Goldman Sachs Group, Inc.",GS,2024,2024-12-31,tangible_common_equity,Tangible common shareholders' equity,108480.0,USD Millions,SEC_FORM_10K,2025-02-27,0000886982-25-000005,https://www.sec.gov/ix?doc=/Archives/edgar/data/0000886982/000088698225000005/gs-20241231.htm,Item 7,Balance Sheet & Capital,Item 7 / Item 8,,DIRECT,RAW_GS_2024_tangible_common_equity,SUB_PANEL,Common equity less goodwill and intangibles.
"Goldman Sachs Group, Inc.",GS,2024,2024-12-31,technology_or_business_investment,Communications and technology,1850.0,USD Millions,SEC_FORM_10K,2025-02-27,0000886982-25-000005,https://www.sec.gov/ix?doc=/Archives/edgar/data/0000886982/000088698225000005/gs-20241231.htm,Item 8,Statements of Earnings / Note 24,Item 7 / Item 8,us-gaap:CommunicationsAndInformationTechnology,DIRECT,RAW_GS_2024_technology_or_business_investment,PARTIAL,Operating technology expense. Supplementary only.
"Goldman Sachs Group, Inc.",GS,2024,2024-12-31,compensation_expense,Compensation and benefits,17436.0,USD Millions,SEC_FORM_10K,2025-02-27,0000886982-25-000005,https://www.sec.gov/ix?doc=/Archives/edgar/data/0000886982/000088698225000005/gs-20241231.htm,Item 8,Statements of Earnings,Item 7 / Item 8,us-gaap:LaborAndRelatedExpenses,DIRECT,RAW_GS_2024_compensation_expense,SUB_PANEL,Total personnel costs.
"Goldman Sachs Group, Inc.",GS,2024,2024-12-31,cash,Cash and cash equivalents,255470.0,USD Millions,SEC_FORM_10K,2025-02-27,0000886982-25-000005,https://www.sec.gov/ix?doc=/Archives/edgar/data/0000886982/000088698225000005/gs-20241231.htm,Item 8,Statements of Financial Condition,Item 7 / Item 8,us-gaap:CashAndCashEquivalentsAtCarryingValue,DIRECT,RAW_GS_2024_cash,STRUCTURALLY_NON_COMPARABLE,Bank reserves.
"Goldman Sachs Group, Inc.",GS,2024,2024-12-31,debt,Unsecured long-term borrowings,315200.0,USD Millions,SEC_FORM_10K,2025-02-27,0000886982-25-000005,https://www.sec.gov/ix?doc=/Archives/edgar/data/0000886982/000088698225000005/gs-20241231.htm,Item 8,Statements of Financial Condition,Item 7 / Item 8,us-gaap:LongTermDebtNoncurrent,DIRECT,RAW_GS_2024_debt,STRUCTURALLY_NON_COMPARABLE,Bank wholesale funding.
Morgan Stanley,MS,2020,2020-12-31,net_revenue,Net revenues,48197.0,USD Millions,SEC_FORM_10K,2021-02-26,0000895421-21-000286,https://www.sec.gov/ix?doc=/Archives/edgar/data/0000895421/000089542121000286/ms-20201231.htm,Item 8,Statements of Income,Item 7 / Item 8,us-gaap:RevenuesNetOfInterestExpense,DIRECT,RAW_MS_2020_net_revenue,DIRECT,Total net revenues.
Morgan Stanley,MS,2020,2020-12-31,investment_banking_revenue,Investment banking,7674.0,USD Millions,SEC_FORM_10K,2021-02-26,0000895421-21-000286,https://www.sec.gov/ix?doc=/Archives/edgar/data/0000895421/000089542121000286/ms-20201231.htm,Item 8,Statements of Income / Note 22,Item 7 / Item 8,us-gaap:InvestmentBankingRevenue,DIRECT,RAW_MS_2020_investment_banking_revenue,DIRECT,Advisory and underwriting fees.
Morgan Stanley,MS,2020,2020-12-31,dividends_paid,Dividends,2739.0,USD Millions,SEC_FORM_10K,2021-02-26,0000895421-21-000286,https://www.sec.gov/ix?doc=/Archives/edgar/data/0000895421/000089542121000286/ms-20201231.htm,Item 8,Statements of Cash Flows,Item 7 / Item 8,us-gaap:PaymentsOfDividends,DIRECT,RAW_MS_2020_dividends_paid,DIRECT,Audited financing cash flow.
Morgan Stanley,MS,2020,2020-12-31,share_repurchases,Common stock repurchases,1347.0,USD Millions,SEC_FORM_10K,2021-02-26,0000895421-21-000286,https://www.sec.gov/ix?doc=/Archives/edgar/data/0000895421/000089542121000286/ms-20201231.htm,Item 8,Statements of Cash Flows,Item 7 / Item 8,us-gaap:StockRepurchasedDuringPeriodValue,DIRECT,RAW_MS_2020_share_repurchases,DIRECT,Common stock repurchases reported in 10-K Statement of Cash Flows.
Morgan Stanley,MS,2020,2020-12-31,roe,Return on average common equity (ROE),15.2,%,SEC_FORM_10K,2021-02-26,0000895421-21-000286,https://www.sec.gov/ix?doc=/Archives/edgar/data/0000895421/000089542121000286/ms-20201231.htm,Item 7,Executive Summary,Item 7 / Item 8,,DIRECT,RAW_MS_2020_roe,SUB_PANEL,Reported common equity return.
Morgan Stanley,MS,2020,2020-12-31,rotce_or_rote,Return on average tangible common equity (ROTCE),20.0,%,SEC_FORM_10K,2021-02-26,0000895421-21-000286,https://www.sec.gov/ix?doc=/Archives/edgar/data/0000895421/000089542121000286/ms-20201231.htm,Item 7,Executive Summary,Item 7 / Item 8,,DIRECT,RAW_MS_2020_rotce_or_rote,SUB_PANEL,Reported tangible equity return.
Morgan Stanley,MS,2020,2020-12-31,efficiency_or_overhead_ratio,Expense efficiency ratio,70.0,%,SEC_FORM_10K,2021-02-26,0000895421-21-000286,https://www.sec.gov/ix?doc=/Archives/edgar/data/0000895421/000089542121000286/ms-20201231.htm,Item 7,Executive Summary,Item 7 / Item 8,,DIRECT,RAW_MS_2020_efficiency_or_overhead_ratio,SUB_PANEL,Total non-interest expenses divided by net revenues.
Morgan Stanley,MS,2020,2020-12-31,cet1_standardized,Standardized Common Equity Tier 1 capital ratio,17.4,%,SEC_FORM_10K,2021-02-26,0000895421-21-000286,https://www.sec.gov/ix?doc=/Archives/edgar/data/0000895421/000089542121000286/ms-20201231.htm,Item 7,Capital Management,Item 7 / Item 8,,DIRECT,RAW_MS_2020_cet1_standardized,SUB_PANEL,Basel III Standardized CET1 ratio.
Morgan Stanley,MS,2020,2020-12-31,tier1_leverage_ratio,Tier 1 leverage ratio,7.6,%,SEC_FORM_10K,2021-02-26,0000895421-21-000286,https://www.sec.gov/ix?doc=/Archives/edgar/data/0000895421/000089542121000286/ms-20201231.htm,Item 7,Capital Management,Item 7 / Item 8,,DIRECT,RAW_MS_2020_tier1_leverage_ratio,SUB_PANEL,Federal Reserve Tier 1 leverage ratio.
Morgan Stanley,MS,2020,2020-12-31,supplementary_leverage_ratio,Supplementary leverage ratio (SLR),7.4,%,SEC_FORM_10K,2021-02-26,0000895421-21-000286,https://www.sec.gov/ix?doc=/Archives/edgar/data/0000895421/000089542121000286/ms-20201231.htm,Item 7,Capital Management,Item 7 / Item 8,,DIRECT,RAW_MS_2020_supplementary_leverage_ratio,SUB_PANEL,Reported SLR under temporary regulatory relief.
Morgan Stanley,MS,2020,2020-12-31,tangible_common_equity,Tangible common equity,65420.0,USD Millions,SEC_FORM_10K,2021-02-26,0000895421-21-000286,https://www.sec.gov/ix?doc=/Archives/edgar/data/0000895421/000089542121000286/ms-20201231.htm,Item 7,Non-GAAP Financial Measures,Item 7 / Item 8,,DIRECT,RAW_MS_2020_tangible_common_equity,SUB_PANEL,Excludes goodwill and intangible assets.
Morgan Stanley,MS,2020,2020-12-31,technology_or_business_investment,Information processing and communications,2104.0,USD Millions,SEC_FORM_10K,2021-02-26,0000895421-21-000286,https://www.sec.gov/ix?doc=/Archives/edgar/data/0000895421/000089542121000286/ms-20201231.htm,Item 8,Statements of Income,Item 7 / Item 8,us-gaap:CommunicationsAndInformationTechnology,DIRECT,RAW_MS_2020_technology_or_business_investment,PARTIAL,Operating technology expense. Supplementary only.
Morgan Stanley,MS,2020,2020-12-31,compensation_expense,Compensation and benefits,22115.0,USD Millions,SEC_FORM_10K,2021-02-26,0000895421-21-000286,https://www.sec.gov/ix?doc=/Archives/edgar/data/0000895421/000089542121000286/ms-20201231.htm,Item 8,Statements of Income,Item 7 / Item 8,us-gaap:LaborAndRelatedExpenses,DIRECT,RAW_MS_2020_compensation_expense,SUB_PANEL,Total personnel costs.
Morgan Stanley,MS,2020,2020-12-31,cash,Cash and cash equivalents,130395.0,USD Millions,SEC_FORM_10K,2021-02-26,0000895421-21-000286,https://www.sec.gov/ix?doc=/Archives/edgar/data/0000895421/000089542121000286/ms-20201231.htm,Item 8,Statements of Financial Condition,Item 7 / Item 8,us-gaap:CashAndCashEquivalentsAtCarryingValue,DIRECT,RAW_MS_2020_cash,STRUCTURALLY_NON_COMPARABLE,Bank reserves.
Morgan Stanley,MS,2020,2020-12-31,debt,Long-term borrowings,222684.0,USD Millions,SEC_FORM_10K,2021-02-26,0000895421-21-000286,https://www.sec.gov/ix?doc=/Archives/edgar/data/0000895421/000089542121000286/ms-20201231.htm,Item 8,Statements of Financial Condition,Item 7 / Item 8,us-gaap:LongTermDebtNoncurrent,DIRECT,RAW_MS_2020_debt,STRUCTURALLY_NON_COMPARABLE,Bank funding debt.
Morgan Stanley,MS,2021,2021-12-31,net_revenue,Net revenues,59755.0,USD Millions,SEC_FORM_10K,2022-02-24,0000895421-22-000400,https://www.sec.gov/ix?doc=/Archives/edgar/data/0000895421/000089542122000400/ms-20211231.htm,Item 8,Statements of Income,Item 7 / Item 8,us-gaap:RevenuesNetOfInterestExpense,DIRECT,RAW_MS_2021_net_revenue,DIRECT,Total net revenues.
Morgan Stanley,MS,2021,2021-12-31,investment_banking_revenue,Investment banking,10994.0,USD Millions,SEC_FORM_10K,2022-02-24,0000895421-22-000400,https://www.sec.gov/ix?doc=/Archives/edgar/data/0000895421/000089542122000400/ms-20211231.htm,Item 8,Statements of Income / Note 22,Item 7 / Item 8,us-gaap:InvestmentBankingRevenue,DIRECT,RAW_MS_2021_investment_banking_revenue,DIRECT,Advisory and underwriting fees.
Morgan Stanley,MS,2021,2021-12-31,dividends_paid,Dividends,4171.0,USD Millions,SEC_FORM_10K,2022-02-24,0000895421-22-000400,https://www.sec.gov/ix?doc=/Archives/edgar/data/0000895421/000089542122000400/ms-20211231.htm,Item 8,Statements of Cash Flows,Item 7 / Item 8,us-gaap:PaymentsOfDividends,DIRECT,RAW_MS_2021_dividends_paid,DIRECT,Audited financing cash flow.
Morgan Stanley,MS,2021,2021-12-31,share_repurchases,Common stock repurchases,11464.0,USD Millions,SEC_FORM_10K,2022-02-24,0000895421-22-000400,https://www.sec.gov/ix?doc=/Archives/edgar/data/0000895421/000089542122000400/ms-20211231.htm,Item 8,Statements of Cash Flows,Item 7 / Item 8,us-gaap:StockRepurchasedDuringPeriodValue,DIRECT,RAW_MS_2021_share_repurchases,DIRECT,Common shares repurchased.
Morgan Stanley,MS,2021,2021-12-31,roe,Return on average common equity (ROE),19.8,%,SEC_FORM_10K,2022-02-24,0000895421-22-000400,https://www.sec.gov/ix?doc=/Archives/edgar/data/0000895421/000089542122000400/ms-20211231.htm,Item 7,Executive Summary,Item 7 / Item 8,,DIRECT,RAW_MS_2021_roe,SUB_PANEL,Reported common equity return.
Morgan Stanley,MS,2021,2021-12-31,rotce_or_rote,Return on average tangible common equity (ROTCE),20.2,%,SEC_FORM_10K,2022-02-24,0000895421-22-000400,https://www.sec.gov/ix?doc=/Archives/edgar/data/0000895421/000089542122000400/ms-20211231.htm,Item 7,Executive Summary,Item 7 / Item 8,,DIRECT,RAW_MS_2021_rotce_or_rote,SUB_PANEL,Reported tangible equity return.
Morgan Stanley,MS,2021,2021-12-31,efficiency_or_overhead_ratio,Expense efficiency ratio,67.0,%,SEC_FORM_10K,2022-02-24,0000895421-22-000400,https://www.sec.gov/ix?doc=/Archives/edgar/data/0000895421/000089542122000400/ms-20211231.htm,Item 7,Executive Summary,Item 7 / Item 8,,DIRECT,RAW_MS_2021_efficiency_or_overhead_ratio,SUB_PANEL,Reported expense efficiency ratio in 10-K Item 7.
Morgan Stanley,MS,2021,2021-12-31,cet1_standardized,Standardized Common Equity Tier 1 capital ratio,16.0,%,SEC_FORM_10K,2022-02-24,0000895421-22-000400,https://www.sec.gov/ix?doc=/Archives/edgar/data/0000895421/000089542122000400/ms-20211231.htm,Item 7,Capital Management,Item 7 / Item 8,,DIRECT,RAW_MS_2021_cet1_standardized,SUB_PANEL,Basel III Standardized CET1 ratio.
Morgan Stanley,MS,2021,2021-12-31,tier1_leverage_ratio,Tier 1 leverage ratio,6.8,%,SEC_FORM_10K,2022-02-24,0000895421-22-000400,https://www.sec.gov/ix?doc=/Archives/edgar/data/0000895421/000089542122000400/ms-20211231.htm,Item 7,Capital Management,Item 7 / Item 8,,DIRECT,RAW_MS_2021_tier1_leverage_ratio,SUB_PANEL,Federal Reserve Tier 1 leverage ratio.
Morgan Stanley,MS,2021,2021-12-31,supplementary_leverage_ratio,Supplementary leverage ratio (SLR),5.7,%,SEC_FORM_10K,2022-02-24,0000895421-22-000400,https://www.sec.gov/ix?doc=/Archives/edgar/data/0000895421/000089542122000400/ms-20211231.htm,Item 7,Capital Management,Item 7 / Item 8,,DIRECT,RAW_MS_2021_supplementary_leverage_ratio,SUB_PANEL,"Reported SLR following expiration of temporary relief on March 31, 2021."
Morgan Stanley,MS,2021,2021-12-31,tangible_common_equity,Tangible common equity,69850.0,USD Millions,SEC_FORM_10K,2022-02-24,0000895421-22-000400,https://www.sec.gov/ix?doc=/Archives/edgar/data/0000895421/000089542122000400/ms-20211231.htm,Item 7,Non-GAAP Financial Measures,Item 7 / Item 8,,DIRECT,RAW_MS_2021_tangible_common_equity,SUB_PANEL,Excludes goodwill and intangible assets.
Morgan Stanley,MS,2021,2021-12-31,technology_or_business_investment,Information processing and communications,2450.0,USD Millions,SEC_FORM_10K,2022-02-24,0000895421-22-000400,https://www.sec.gov/ix?doc=/Archives/edgar/data/0000895421/000089542122000400/ms-20211231.htm,Item 8,Statements of Income,Item 7 / Item 8,us-gaap:CommunicationsAndInformationTechnology,DIRECT,RAW_MS_2021_technology_or_business_investment,PARTIAL,Operating technology expense. Supplementary only.
Morgan Stanley,MS,2021,2021-12-31,compensation_expense,Compensation and benefits,24606.0,USD Millions,SEC_FORM_10K,2022-02-24,0000895421-22-000400,https://www.sec.gov/ix?doc=/Archives/edgar/data/0000895421/000089542122000400/ms-20211231.htm,Item 8,Statements of Income,Item 7 / Item 8,us-gaap:LaborAndRelatedExpenses,DIRECT,RAW_MS_2021_compensation_expense,SUB_PANEL,Total personnel costs.
Morgan Stanley,MS,2021,2021-12-31,cash,Cash and cash equivalents,132470.0,USD Millions,SEC_FORM_10K,2022-02-24,0000895421-22-000400,https://www.sec.gov/ix?doc=/Archives/edgar/data/0000895421/000089542122000400/ms-20211231.htm,Item 8,Statements of Financial Condition,Item 7 / Item 8,us-gaap:CashAndCashEquivalentsAtCarryingValue,DIRECT,RAW_MS_2021_cash,STRUCTURALLY_NON_COMPARABLE,Bank reserves.
Morgan Stanley,MS,2021,2021-12-31,debt,Long-term borrowings,244580.0,USD Millions,SEC_FORM_10K,2022-02-24,0000895421-22-000400,https://www.sec.gov/ix?doc=/Archives/edgar/data/0000895421/000089542122000400/ms-20211231.htm,Item 8,Statements of Financial Condition,Item 7 / Item 8,us-gaap:LongTermDebtNoncurrent,DIRECT,RAW_MS_2021_debt,STRUCTURALLY_NON_COMPARABLE,Bank funding debt.
Morgan Stanley,MS,2022,2022-12-31,net_revenue,Net revenues,53668.0,USD Millions,SEC_FORM_10K,2023-02-24,0000895421-23-000284,https://www.sec.gov/ix?doc=/Archives/edgar/data/0000895421/000089542123000284/ms-20221231.htm,Item 8,Statements of Income,Item 7 / Item 8,us-gaap:RevenuesNetOfInterestExpense,DIRECT,RAW_MS_2022_net_revenue,DIRECT,Total net revenues.
Morgan Stanley,MS,2022,2022-12-31,investment_banking_revenue,Investment banking,5599.0,USD Millions,SEC_FORM_10K,2023-02-24,0000895421-23-000284,https://www.sec.gov/ix?doc=/Archives/edgar/data/0000895421/000089542123000284/ms-20221231.htm,Item 8,Statements of Income / Note 22,Item 7 / Item 8,us-gaap:InvestmentBankingRevenue,DIRECT,RAW_MS_2022_investment_banking_revenue,DIRECT,Underwriting and advisory revenues.
Morgan Stanley,MS,2022,2022-12-31,dividends_paid,Dividends,5401.0,USD Millions,SEC_FORM_10K,2023-02-24,0000895421-23-000284,https://www.sec.gov/ix?doc=/Archives/edgar/data/0000895421/000089542123000284/ms-20221231.htm,Item 8,Statements of Cash Flows,Item 7 / Item 8,us-gaap:PaymentsOfDividends,DIRECT,RAW_MS_2022_dividends_paid,DIRECT,Audited financing cash flow.
Morgan Stanley,MS,2022,2022-12-31,share_repurchases,Common stock repurchases,9865.0,USD Millions,SEC_FORM_10K,2023-02-24,0000895421-23-000284,https://www.sec.gov/ix?doc=/Archives/edgar/data/0000895421/000089542123000284/ms-20221231.htm,Item 8,Statements of Cash Flows,Item 7 / Item 8,us-gaap:StockRepurchasedDuringPeriodValue,DIRECT,RAW_MS_2022_share_repurchases,DIRECT,Common shares repurchased.
Morgan Stanley,MS,2022,2022-12-31,roe,Return on average common equity (ROE),15.3,%,SEC_FORM_10K,2023-02-24,0000895421-23-000284,https://www.sec.gov/ix?doc=/Archives/edgar/data/0000895421/000089542123000284/ms-20221231.htm,Item 7,Executive Summary,Item 7 / Item 8,,DIRECT,RAW_MS_2022_roe,SUB_PANEL,Reported common equity return.
Morgan Stanley,MS,2022,2022-12-31,rotce_or_rote,Return on average tangible common equity (ROTCE),15.3,%,SEC_FORM_10K,2023-02-24,0000895421-23-000284,https://www.sec.gov/ix?doc=/Archives/edgar/data/0000895421/000089542123000284/ms-20221231.htm,Item 7,Executive Summary,Item 7 / Item 8,,DIRECT,RAW_MS_2022_rotce_or_rote,SUB_PANEL,Reported tangible equity return.
Morgan Stanley,MS,2022,2022-12-31,efficiency_or_overhead_ratio,Expense efficiency ratio,73.0,%,SEC_FORM_10K,2023-02-24,0000895421-23-000284,https://www.sec.gov/ix?doc=/Archives/edgar/data/0000895421/000089542123000284/ms-20221231.htm,Item 7,Executive Summary,Item 7 / Item 8,,DIRECT,RAW_MS_2022_efficiency_or_overhead_ratio,SUB_PANEL,Reported expense efficiency ratio in 10-K Item 7.
Morgan Stanley,MS,2022,2022-12-31,cet1_standardized,Standardized Common Equity Tier 1 capital ratio,15.3,%,SEC_FORM_10K,2023-02-24,0000895421-23-000284,https://www.sec.gov/ix?doc=/Archives/edgar/data/0000895421/000089542123000284/ms-20221231.htm,Item 7,Capital Management,Item 7 / Item 8,,DIRECT,RAW_MS_2022_cet1_standardized,SUB_PANEL,Basel III Standardized CET1 ratio.
Morgan Stanley,MS,2022,2022-12-31,tier1_leverage_ratio,Tier 1 leverage ratio,6.8,%,SEC_FORM_10K,2023-02-24,0000895421-23-000284,https://www.sec.gov/ix?doc=/Archives/edgar/data/0000895421/000089542123000284/ms-20221231.htm,Item 7,Capital Management,Item 7 / Item 8,,DIRECT,RAW_MS_2022_tier1_leverage_ratio,SUB_PANEL,Federal Reserve Tier 1 leverage ratio.
Morgan Stanley,MS,2022,2022-12-31,supplementary_leverage_ratio,Supplementary leverage ratio (SLR),5.4,%,SEC_FORM_10K,2023-02-24,0000895421-23-000284,https://www.sec.gov/ix?doc=/Archives/edgar/data/0000895421/000089542123000284/ms-20221231.htm,Item 7,Capital Management,Item 7 / Item 8,,DIRECT,RAW_MS_2022_supplementary_leverage_ratio,SUB_PANEL,Reported SLR ratio.
Morgan Stanley,MS,2022,2022-12-31,tangible_common_equity,Tangible common equity,72140.0,USD Millions,SEC_FORM_10K,2023-02-24,0000895421-23-000284,https://www.sec.gov/ix?doc=/Archives/edgar/data/0000895421/000089542123000284/ms-20221231.htm,Item 7,Non-GAAP Financial Measures,Item 7 / Item 8,,DIRECT,RAW_MS_2022_tangible_common_equity,SUB_PANEL,Excludes goodwill and intangible assets.
Morgan Stanley,MS,2022,2022-12-31,technology_or_business_investment,Information processing and communications,2580.0,USD Millions,SEC_FORM_10K,2023-02-24,0000895421-23-000284,https://www.sec.gov/ix?doc=/Archives/edgar/data/0000895421/000089542123000284/ms-20221231.htm,Item 8,Statements of Income,Item 7 / Item 8,us-gaap:CommunicationsAndInformationTechnology,DIRECT,RAW_MS_2022_technology_or_business_investment,PARTIAL,Operating technology expense. Supplementary only.
Morgan Stanley,MS,2022,2022-12-31,compensation_expense,Compensation and benefits,23500.0,USD Millions,SEC_FORM_10K,2023-02-24,0000895421-23-000284,https://www.sec.gov/ix?doc=/Archives/edgar/data/0000895421/000089542123000284/ms-20221231.htm,Item 8,Statements of Income,Item 7 / Item 8,us-gaap:LaborAndRelatedExpenses,DIRECT,RAW_MS_2022_compensation_expense,SUB_PANEL,Total personnel costs.
Morgan Stanley,MS,2022,2022-12-31,cash,Cash and cash equivalents,128910.0,USD Millions,SEC_FORM_10K,2023-02-24,0000895421-23-000284,https://www.sec.gov/ix?doc=/Archives/edgar/data/0000895421/000089542123000284/ms-20221231.htm,Item 8,Statements of Financial Condition,Item 7 / Item 8,us-gaap:CashAndCashEquivalentsAtCarryingValue,DIRECT,RAW_MS_2022_cash,STRUCTURALLY_NON_COMPARABLE,Bank reserves.
Morgan Stanley,MS,2022,2022-12-31,debt,Long-term borrowings,251400.0,USD Millions,SEC_FORM_10K,2023-02-24,0000895421-23-000284,https://www.sec.gov/ix?doc=/Archives/edgar/data/0000895421/000089542123000284/ms-20221231.htm,Item 8,Statements of Financial Condition,Item 7 / Item 8,us-gaap:LongTermDebtNoncurrent,DIRECT,RAW_MS_2022_debt,STRUCTURALLY_NON_COMPARABLE,Bank funding debt.
Morgan Stanley,MS,2023,2023-12-31,net_revenue,Net revenues,54187.0,USD Millions,SEC_FORM_10K,2024-02-22,0000895421-24-000300,https://www.sec.gov/ix?doc=/Archives/edgar/data/0000895421/000089542124000300/ms-20231231.htm,Item 8,Statements of Income,Item 7 / Item 8,us-gaap:RevenuesNetOfInterestExpense,DIRECT,RAW_MS_2023_net_revenue,DIRECT,Total net revenues.
Morgan Stanley,MS,2023,2023-12-31,investment_banking_revenue,Investment banking,4948.0,USD Millions,SEC_FORM_10K,2024-02-22,0000895421-24-000300,https://www.sec.gov/ix?doc=/Archives/edgar/data/0000895421/000089542124000300/ms-20231231.htm,Item 8,Statements of Income / Note 22,Item 7 / Item 8,us-gaap:InvestmentBankingRevenue,DIRECT,RAW_MS_2023_investment_banking_revenue,DIRECT,Underwriting and advisory revenues.
Morgan Stanley,MS,2023,2023-12-31,dividends_paid,Dividends,5763.0,USD Millions,SEC_FORM_10K,2024-02-22,0000895421-24-000300,https://www.sec.gov/ix?doc=/Archives/edgar/data/0000895421/000089542124000300/ms-20231231.htm,Item 8,Statements of Cash Flows,Item 7 / Item 8,us-gaap:PaymentsOfDividends,DIRECT,RAW_MS_2023_dividends_paid,DIRECT,Audited financing cash flow.
Morgan Stanley,MS,2023,2023-12-31,share_repurchases,Common stock repurchases,5300.0,USD Millions,SEC_FORM_10K,2024-02-22,0000895421-24-000300,https://www.sec.gov/ix?doc=/Archives/edgar/data/0000895421/000089542124000300/ms-20231231.htm,Item 8,Statements of Cash Flows,Item 7 / Item 8,us-gaap:StockRepurchasedDuringPeriodValue,DIRECT,RAW_MS_2023_share_repurchases,DIRECT,Common stock repurchases reported in 10-K Statement of Cash Flows.
Morgan Stanley,MS,2023,2023-12-31,roe,Return on average common equity (ROE),12.8,%,SEC_FORM_10K,2024-02-22,0000895421-24-000300,https://www.sec.gov/ix?doc=/Archives/edgar/data/0000895421/000089542124000300/ms-20231231.htm,Item 7,Executive Summary,Item 7 / Item 8,,DIRECT,RAW_MS_2023_roe,SUB_PANEL,Reported common equity return.
Morgan Stanley,MS,2023,2023-12-31,rotce_or_rote,Return on average tangible common equity (ROTCE),12.8,%,SEC_FORM_10K,2024-02-22,0000895421-24-000300,https://www.sec.gov/ix?doc=/Archives/edgar/data/0000895421/000089542124000300/ms-20231231.htm,Item 7,Executive Summary,Item 7 / Item 8,,DIRECT,RAW_MS_2023_rotce_or_rote,SUB_PANEL,Reported tangible equity return.
Morgan Stanley,MS,2023,2023-12-31,efficiency_or_overhead_ratio,Expense efficiency ratio,77.0,%,SEC_FORM_10K,2024-02-22,0000895421-24-000300,https://www.sec.gov/ix?doc=/Archives/edgar/data/0000895421/000089542124000300/ms-20231231.htm,Item 7,Executive Summary,Item 7 / Item 8,,DIRECT,RAW_MS_2023_efficiency_or_overhead_ratio,SUB_PANEL,Reported expense efficiency ratio in 10-K Item 7.
Morgan Stanley,MS,2023,2023-12-31,cet1_standardized,Standardized Common Equity Tier 1 capital ratio,15.2,%,SEC_FORM_10K,2024-02-22,0000895421-24-000300,https://www.sec.gov/ix?doc=/Archives/edgar/data/0000895421/000089542124000300/ms-20231231.htm,Item 7,Capital Management,Item 7 / Item 8,,DIRECT,RAW_MS_2023_cet1_standardized,SUB_PANEL,Basel III Standardized CET1 ratio.
Morgan Stanley,MS,2023,2023-12-31,tier1_leverage_ratio,Tier 1 leverage ratio,6.9,%,SEC_FORM_10K,2024-02-22,0000895421-24-000300,https://www.sec.gov/ix?doc=/Archives/edgar/data/0000895421/000089542124000300/ms-20231231.htm,Item 7,Capital Management,Item 7 / Item 8,,DIRECT,RAW_MS_2023_tier1_leverage_ratio,SUB_PANEL,Federal Reserve Tier 1 leverage ratio.
Morgan Stanley,MS,2023,2023-12-31,supplementary_leverage_ratio,Supplementary leverage ratio (SLR),5.4,%,SEC_FORM_10K,2024-02-22,0000895421-24-000300,https://www.sec.gov/ix?doc=/Archives/edgar/data/0000895421/000089542124000300/ms-20231231.htm,Item 7,Capital Management,Item 7 / Item 8,,DIRECT,RAW_MS_2023_supplementary_leverage_ratio,SUB_PANEL,Reported SLR ratio.
Morgan Stanley,MS,2023,2023-12-31,tangible_common_equity,Tangible common equity,74510.0,USD Millions,SEC_FORM_10K,2024-02-22,0000895421-24-000300,https://www.sec.gov/ix?doc=/Archives/edgar/data/0000895421/000089542124000300/ms-20231231.htm,Item 7,Non-GAAP Financial Measures,Item 7 / Item 8,,DIRECT,RAW_MS_2023_tangible_common_equity,SUB_PANEL,Excludes goodwill and intangible assets.
Morgan Stanley,MS,2023,2023-12-31,technology_or_business_investment,Information processing and communications,2720.0,USD Millions,SEC_FORM_10K,2024-02-22,0000895421-24-000300,https://www.sec.gov/ix?doc=/Archives/edgar/data/0000895421/000089542124000300/ms-20231231.htm,Item 8,Statements of Income,Item 7 / Item 8,us-gaap:CommunicationsAndInformationTechnology,DIRECT,RAW_MS_2023_technology_or_business_investment,PARTIAL,Operating technology expense. Supplementary only.
Morgan Stanley,MS,2023,2023-12-31,compensation_expense,Compensation and benefits,24100.0,USD Millions,SEC_FORM_10K,2024-02-22,0000895421-24-000300,https://www.sec.gov/ix?doc=/Archives/edgar/data/0000895421/000089542124000300/ms-20231231.htm,Item 8,Statements of Income,Item 7 / Item 8,us-gaap:LaborAndRelatedExpenses,DIRECT,RAW_MS_2023_compensation_expense,SUB_PANEL,Total personnel costs.
Morgan Stanley,MS,2023,2023-12-31,cash,Cash and cash equivalents,131200.0,USD Millions,SEC_FORM_10K,2024-02-22,0000895421-24-000300,https://www.sec.gov/ix?doc=/Archives/edgar/data/0000895421/000089542124000300/ms-20231231.htm,Item 8,Statements of Financial Condition,Item 7 / Item 8,us-gaap:CashAndCashEquivalentsAtCarryingValue,DIRECT,RAW_MS_2023_cash,STRUCTURALLY_NON_COMPARABLE,Bank reserves.
Morgan Stanley,MS,2023,2023-12-31,debt,Long-term borrowings,258900.0,USD Millions,SEC_FORM_10K,2024-02-22,0000895421-24-000300,https://www.sec.gov/ix?doc=/Archives/edgar/data/0000895421/000089542124000300/ms-20231231.htm,Item 8,Statements of Financial Condition,Item 7 / Item 8,us-gaap:LongTermDebtNoncurrent,DIRECT,RAW_MS_2023_debt,STRUCTURALLY_NON_COMPARABLE,Bank funding debt.
Morgan Stanley,MS,2024,2024-12-31,net_revenue,Net revenues,61814.0,USD Millions,SEC_FORM_10K,2025-02-21,0000895421-25-000304,https://www.sec.gov/ix?doc=/Archives/edgar/data/0000895421/000089542125000304/ms-20241231.htm,Item 8,Statements of Income,Item 7 / Item 8,us-gaap:RevenuesNetOfInterestExpense,DIRECT,RAW_MS_2024_net_revenue,DIRECT,Total net revenues.
Morgan Stanley,MS,2024,2024-12-31,investment_banking_revenue,Investment banking,6705.0,USD Millions,SEC_FORM_10K,2025-02-21,0000895421-25-000304,https://www.sec.gov/ix?doc=/Archives/edgar/data/0000895421/000089542125000304/ms-20241231.htm,Item 8,Statements of Income / Note 22,Item 7 / Item 8,us-gaap:InvestmentBankingRevenue,DIRECT,RAW_MS_2024_investment_banking_revenue,DIRECT,Underwriting and advisory revenues.
Morgan Stanley,MS,2024,2024-12-31,dividends_paid,Dividends,6138.0,USD Millions,SEC_FORM_10K,2025-02-21,0000895421-25-000304,https://www.sec.gov/ix?doc=/Archives/edgar/data/0000895421/000089542125000304/ms-20241231.htm,Item 8,Statements of Cash Flows,Item 7 / Item 8,us-gaap:PaymentsOfDividends,DIRECT,RAW_MS_2024_dividends_paid,DIRECT,Audited financing cash flow.
Morgan Stanley,MS,2024,2024-12-31,share_repurchases,Common stock repurchases,3250.0,USD Millions,SEC_FORM_10K,2025-02-21,0000895421-25-000304,https://www.sec.gov/ix?doc=/Archives/edgar/data/0000895421/000089542125000304/ms-20241231.htm,Item 8,Statements of Cash Flows,Item 7 / Item 8,us-gaap:StockRepurchasedDuringPeriodValue,DIRECT,RAW_MS_2024_share_repurchases,DIRECT,Common shares repurchased.
Morgan Stanley,MS,2024,2024-12-31,roe,Return on average common equity (ROE),14.5,%,SEC_FORM_10K,2025-02-21,0000895421-25-000304,https://www.sec.gov/ix?doc=/Archives/edgar/data/0000895421/000089542125000304/ms-20241231.htm,Item 7,Executive Summary,Item 7 / Item 8,,DIRECT,RAW_MS_2024_roe,SUB_PANEL,Reported common equity return.
Morgan Stanley,MS,2024,2024-12-31,rotce_or_rote,Return on average tangible common equity (ROTCE),14.5,%,SEC_FORM_10K,2025-02-21,0000895421-25-000304,https://www.sec.gov/ix?doc=/Archives/edgar/data/0000895421/000089542125000304/ms-20241231.htm,Item 7,Executive Summary,Item 7 / Item 8,,DIRECT,RAW_MS_2024_rotce_or_rote,SUB_PANEL,Reported tangible equity return.
Morgan Stanley,MS,2024,2024-12-31,efficiency_or_overhead_ratio,Expense efficiency ratio,72.0,%,SEC_FORM_10K,2025-02-21,0000895421-25-000304,https://www.sec.gov/ix?doc=/Archives/edgar/data/0000895421/000089542125000304/ms-20241231.htm,Item 7,Executive Summary,Item 7 / Item 8,,DIRECT,RAW_MS_2024_efficiency_or_overhead_ratio,SUB_PANEL,Reported expense efficiency ratio in 10-K Item 7.
Morgan Stanley,MS,2024,2024-12-31,cet1_standardized,Standardized Common Equity Tier 1 capital ratio,15.2,%,SEC_FORM_10K,2025-02-21,0000895421-25-000304,https://www.sec.gov/ix?doc=/Archives/edgar/data/0000895421/000089542125000304/ms-20241231.htm,Item 7,Capital Management,Item 7 / Item 8,,DIRECT,RAW_MS_2024_cet1_standardized,SUB_PANEL,Basel III Standardized CET1 ratio.
Morgan Stanley,MS,2024,2024-12-31,tier1_leverage_ratio,Tier 1 leverage ratio,6.9,%,SEC_FORM_10K,2025-02-21,0000895421-25-000304,https://www.sec.gov/ix?doc=/Archives/edgar/data/0000895421/000089542125000304/ms-20241231.htm,Item 7,Capital Management,Item 7 / Item 8,,DIRECT,RAW_MS_2024_tier1_leverage_ratio,SUB_PANEL,Federal Reserve Tier 1 leverage ratio.
Morgan Stanley,MS,2024,2024-12-31,supplementary_leverage_ratio,Supplementary leverage ratio (SLR),5.4,%,SEC_FORM_10K,2025-02-21,0000895421-25-000304,https://www.sec.gov/ix?doc=/Archives/edgar/data/0000895421/000089542125000304/ms-20241231.htm,Item 7,Capital Management,Item 7 / Item 8,,DIRECT,RAW_MS_2024_supplementary_leverage_ratio,SUB_PANEL,Reported SLR ratio.
Morgan Stanley,MS,2024,2024-12-31,tangible_common_equity,Tangible common equity,78900.0,USD Millions,SEC_FORM_10K,2025-02-21,0000895421-25-000304,https://www.sec.gov/ix?doc=/Archives/edgar/data/0000895421/000089542125000304/ms-20241231.htm,Item 7,Non-GAAP Financial Measures,Item 7 / Item 8,,DIRECT,RAW_MS_2024_tangible_common_equity,SUB_PANEL,Excludes goodwill and intangible assets.
Morgan Stanley,MS,2024,2024-12-31,technology_or_business_investment,Information processing and communications,2850.0,USD Millions,SEC_FORM_10K,2025-02-21,0000895421-25-000304,https://www.sec.gov/ix?doc=/Archives/edgar/data/0000895421/000089542125000304/ms-20241231.htm,Item 8,Statements of Income,Item 7 / Item 8,us-gaap:CommunicationsAndInformationTechnology,DIRECT,RAW_MS_2024_technology_or_business_investment,PARTIAL,Operating technology expense. Supplementary only.
Morgan Stanley,MS,2024,2024-12-31,compensation_expense,Compensation and benefits,26800.0,USD Millions,SEC_FORM_10K,2025-02-21,0000895421-25-000304,https://www.sec.gov/ix?doc=/Archives/edgar/data/0000895421/000089542125000304/ms-20241231.htm,Item 8,Statements of Income,Item 7 / Item 8,us-gaap:LaborAndRelatedExpenses,DIRECT,RAW_MS_2024_compensation_expense,SUB_PANEL,Total personnel costs.
Morgan Stanley,MS,2024,2024-12-31,cash,Cash and cash equivalents,135600.0,USD Millions,SEC_FORM_10K,2025-02-21,0000895421-25-000304,https://www.sec.gov/ix?doc=/Archives/edgar/data/0000895421/000089542125000304/ms-20241231.htm,Item 8,Statements of Financial Condition,Item 7 / Item 8,us-gaap:CashAndCashEquivalentsAtCarryingValue,DIRECT,RAW_MS_2024_cash,STRUCTURALLY_NON_COMPARABLE,Bank reserves.
Morgan Stanley,MS,2024,2024-12-31,debt,Long-term borrowings,268400.0,USD Millions,SEC_FORM_10K,2025-02-21,0000895421-25-000304,https://www.sec.gov/ix?doc=/Archives/edgar/data/0000895421/000089542125000304/ms-20241231.htm,Item 8,Statements of Financial Condition,Item 7 / Item 8,us-gaap:LongTermDebtNoncurrent,DIRECT,RAW_MS_2024_debt,STRUCTURALLY_NON_COMPARABLE,Bank funding debt.
JPMorgan Chase & Co.,JPM,2020,2020-12-31,net_revenue,Total net revenue,119543.0,USD Millions,SEC_FORM_10K,2021-02-23,0000019617-21-000236,https://www.sec.gov/ix?doc=/Archives/edgar/data/0000019617/000001961721000236/jpm-20201231.htm,Item 8,Statements of Income,Item 7 / Item 8,us-gaap:RevenuesNetOfInterestExpense,DIRECT,RAW_JPM_2020_net_revenue,DIRECT,Revenues net of interest expense.
JPMorgan Chase & Co.,JPM,2020,2020-12-31,investment_banking_revenue,Investment banking fees,9486.0,USD Millions,SEC_FORM_10K,2021-02-23,0000019617-21-000236,https://www.sec.gov/ix?doc=/Archives/edgar/data/0000019617/000001961721000236/jpm-20201231.htm,Item 8,Statements of Income / Note 32,Item 7 / Item 8,us-gaap:InvestmentBankingRevenue,DIRECT,RAW_JPM_2020_investment_banking_revenue,DIRECT,Underwriting and advisory fees.
JPMorgan Chase & Co.,JPM,2020,2020-12-31,dividends_paid,Dividends paid,12690.0,USD Millions,SEC_FORM_10K,2021-02-23,0000019617-21-000236,https://www.sec.gov/ix?doc=/Archives/edgar/data/0000019617/000001961721000236/jpm-20201231.htm,Item 8,Statements of Cash Flows,Item 7 / Item 8,us-gaap:PaymentsOfDividends,DIRECT,RAW_JPM_2020_dividends_paid,DIRECT,Common and preferred cash dividends.
JPMorgan Chase & Co.,JPM,2020,2020-12-31,share_repurchases,Treasury stock purchased,6517.0,USD Millions,SEC_FORM_10K,2021-02-23,0000019617-21-000236,https://www.sec.gov/ix?doc=/Archives/edgar/data/0000019617/000001961721000236/jpm-20201231.htm,Item 8,Statements of Cash Flows,Item 7 / Item 8,us-gaap:PaymentsForRepurchaseOfCommonStock,DIRECT,RAW_JPM_2020_share_repurchases,DIRECT,Treasury stock purchased as reported in 10-K Statement of Cash Flows.
JPMorgan Chase & Co.,JPM,2020,2020-12-31,roe,Return on common equity (ROE),12.0,%,SEC_FORM_10K,2021-02-23,0000019617-21-000236,https://www.sec.gov/ix?doc=/Archives/edgar/data/0000019617/000001961721000236/jpm-20201231.htm,Item 7,Selected Financial Data,Item 7 / Item 8,,DIRECT,RAW_JPM_2020_roe,SUB_PANEL,Reported common equity return.
JPMorgan Chase & Co.,JPM,2020,2020-12-31,rotce_or_rote,Return on tangible common equity (ROTCE),14.0,%,SEC_FORM_10K,2021-02-23,0000019617-21-000236,https://www.sec.gov/ix?doc=/Archives/edgar/data/0000019617/000001961721000236/jpm-20201231.htm,Item 7,Selected Financial Data,Item 7 / Item 8,,DIRECT,RAW_JPM_2020_rotce_or_rote,SUB_PANEL,Reported tangible equity return.
JPMorgan Chase & Co.,JPM,2020,2020-12-31,efficiency_or_overhead_ratio,Overhead ratio,56.0,%,SEC_FORM_10K,2021-02-23,0000019617-21-000236,https://www.sec.gov/ix?doc=/Archives/edgar/data/0000019617/000001961721000236/jpm-20201231.htm,Item 7,Selected Financial Data,Item 7 / Item 8,,DIRECT,RAW_JPM_2020_efficiency_or_overhead_ratio,SUB_PANEL,Total noninterest expense divided by net revenue.
JPMorgan Chase & Co.,JPM,2020,2020-12-31,cet1_standardized,Standardized Common Equity Tier 1 capital ratio,13.1,%,SEC_FORM_10K,2021-02-23,0000019617-21-000236,https://www.sec.gov/ix?doc=/Archives/edgar/data/0000019617/000001961721000236/jpm-20201231.htm,Item 7,Capital Management,Item 7 / Item 8,,DIRECT,RAW_JPM_2020_cet1_standardized,SUB_PANEL,Basel III Standardized CET1 ratio.
JPMorgan Chase & Co.,JPM,2020,2020-12-31,tier1_leverage_ratio,Tier 1 leverage ratio,6.8,%,SEC_FORM_10K,2021-02-23,0000019617-21-000236,https://www.sec.gov/ix?doc=/Archives/edgar/data/0000019617/000001961721000236/jpm-20201231.htm,Item 7,Capital Management,Item 7 / Item 8,,DIRECT,RAW_JPM_2020_tier1_leverage_ratio,SUB_PANEL,Federal Reserve Tier 1 leverage ratio.
JPMorgan Chase & Co.,JPM,2020,2020-12-31,supplementary_leverage_ratio,Supplementary leverage ratio (SLR),6.9,%,SEC_FORM_10K,2021-02-23,0000019617-21-000236,https://www.sec.gov/ix?doc=/Archives/edgar/data/0000019617/000001961721000236/jpm-20201231.htm,Item 7,Capital Management,Item 7 / Item 8,,DIRECT,RAW_JPM_2020_supplementary_leverage_ratio,SUB_PANEL,Reported SLR under temporary regulatory relief.
JPMorgan Chase & Co.,JPM,2020,2020-12-31,tangible_common_equity,Tangible common equity (TCE),209040.0,USD Millions,SEC_FORM_10K,2021-02-23,0000019617-21-000236,https://www.sec.gov/ix?doc=/Archives/edgar/data/0000019617/000001961721000236/jpm-20201231.htm,Item 7,Non-GAAP Financial Measures,Item 7 / Item 8,,DIRECT,RAW_JPM_2020_tangible_common_equity,SUB_PANEL,Common equity less goodwill and intangibles.
JPMorgan Chase & Co.,JPM,2020,2020-12-31,technology_or_business_investment,"Technology, communications and equipment",10300.0,USD Millions,SEC_FORM_10K,2021-02-23,0000019617-21-000236,https://www.sec.gov/ix?doc=/Archives/edgar/data/0000019617/000001961721000236/jpm-20201231.htm,Item 8,Statements of Income / Note 9,Item 7 / Item 8,us-gaap:CommunicationsAndInformationTechnology,DIRECT,RAW_JPM_2020_technology_or_business_investment,PARTIAL,Operating technology expense. Supplementary only.
JPMorgan Chase & Co.,JPM,2020,2020-12-31,compensation_expense,Compensation expense,33215.0,USD Millions,SEC_FORM_10K,2021-02-23,0000019617-21-000236,https://www.sec.gov/ix?doc=/Archives/edgar/data/0000019617/000001961721000236/jpm-20201231.htm,Item 8,Statements of Income,Item 7 / Item 8,us-gaap:LaborAndRelatedExpenses,DIRECT,RAW_JPM_2020_compensation_expense,SUB_PANEL,Total personnel costs.
JPMorgan Chase & Co.,JPM,2020,2020-12-31,cash,Deposits with banks / cash,539498.0,USD Millions,SEC_FORM_10K,2021-02-23,0000019617-21-000236,https://www.sec.gov/ix?doc=/Archives/edgar/data/0000019617/000001961721000236/jpm-20201231.htm,Item 8,Statements of Financial Condition,Item 7 / Item 8,us-gaap:CashAndCashEquivalentsAtCarryingValue,DIRECT,RAW_JPM_2020_cash,STRUCTURALLY_NON_COMPARABLE,Federal Reserve fractional cash balances.
JPMorgan Chase & Co.,JPM,2020,2020-12-31,debt,Long-term debt,304746.0,USD Millions,SEC_FORM_10K,2021-02-23,0000019617-21-000236,https://www.sec.gov/ix?doc=/Archives/edgar/data/0000019617/000001961721000236/jpm-20201231.htm,Item 8,Statements of Financial Condition,Item 7 / Item 8,us-gaap:LongTermDebtNoncurrent,DIRECT,RAW_JPM_2020_debt,STRUCTURALLY_NON_COMPARABLE,Bank funding debt.
JPMorgan Chase & Co.,JPM,2021,2021-12-31,net_revenue,Total net revenue,121649.0,USD Millions,SEC_FORM_10K,2022-02-22,0000019617-22-000272,https://www.sec.gov/ix?doc=/Archives/edgar/data/0000019617/000001961722000272/jpm-20211231.htm,Item 8,Statements of Income,Item 7 / Item 8,us-gaap:RevenuesNetOfInterestExpense,DIRECT,RAW_JPM_2021_net_revenue,DIRECT,Revenues net of interest expense.
JPMorgan Chase & Co.,JPM,2021,2021-12-31,investment_banking_revenue,Investment banking fees,13216.0,USD Millions,SEC_FORM_10K,2022-02-22,0000019617-22-000272,https://www.sec.gov/ix?doc=/Archives/edgar/data/0000019617/000001961722000272/jpm-20211231.htm,Item 8,Statements of Income / Note 32,Item 7 / Item 8,us-gaap:InvestmentBankingRevenue,DIRECT,RAW_JPM_2021_investment_banking_revenue,DIRECT,Underwriting and advisory fees.
JPMorgan Chase & Co.,JPM,2021,2021-12-31,dividends_paid,Dividends paid,12858.0,USD Millions,SEC_FORM_10K,2022-02-22,0000019617-22-000272,https://www.sec.gov/ix?doc=/Archives/edgar/data/0000019617/000001961722000272/jpm-20211231.htm,Item 8,Statements of Cash Flows,Item 7 / Item 8,us-gaap:PaymentsOfDividends,DIRECT,RAW_JPM_2021_dividends_paid,DIRECT,Common and preferred cash dividends.
JPMorgan Chase & Co.,JPM,2021,2021-12-31,share_repurchases,Treasury stock purchased,18408.0,USD Millions,SEC_FORM_10K,2022-02-22,0000019617-22-000272,https://www.sec.gov/ix?doc=/Archives/edgar/data/0000019617/000001961722000272/jpm-20211231.htm,Item 8,Statements of Cash Flows,Item 7 / Item 8,us-gaap:PaymentsForRepurchaseOfCommonStock,DIRECT,RAW_JPM_2021_share_repurchases,DIRECT,Treasury stock purchased as reported in 10-K Statement of Cash Flows.
JPMorgan Chase & Co.,JPM,2021,2021-12-31,roe,Return on common equity (ROE),19.0,%,SEC_FORM_10K,2022-02-22,0000019617-22-000272,https://www.sec.gov/ix?doc=/Archives/edgar/data/0000019617/000001961722000272/jpm-20211231.htm,Item 7,Selected Financial Data,Item 7 / Item 8,,DIRECT,RAW_JPM_2021_roe,SUB_PANEL,Reported common equity return.
JPMorgan Chase & Co.,JPM,2021,2021-12-31,rotce_or_rote,Return on tangible common equity (ROTCE),23.0,%,SEC_FORM_10K,2022-02-22,0000019617-22-000272,https://www.sec.gov/ix?doc=/Archives/edgar/data/0000019617/000001961722000272/jpm-20211231.htm,Item 7,Selected Financial Data,Item 7 / Item 8,,DIRECT,RAW_JPM_2021_rotce_or_rote,SUB_PANEL,Reported tangible equity return.
JPMorgan Chase & Co.,JPM,2021,2021-12-31,efficiency_or_overhead_ratio,Overhead ratio,59.0,%,SEC_FORM_10K,2022-02-22,0000019617-22-000272,https://www.sec.gov/ix?doc=/Archives/edgar/data/0000019617/000001961722000272/jpm-20211231.htm,Item 7,Selected Financial Data,Item 7 / Item 8,,DIRECT,RAW_JPM_2021_efficiency_or_overhead_ratio,SUB_PANEL,Total noninterest expense divided by net revenue.
JPMorgan Chase & Co.,JPM,2021,2021-12-31,cet1_standardized,Standardized Common Equity Tier 1 capital ratio,13.0,%,SEC_FORM_10K,2022-02-22,0000019617-22-000272,https://www.sec.gov/ix?doc=/Archives/edgar/data/0000019617/000001961722000272/jpm-20211231.htm,Item 7,Capital Management,Item 7 / Item 8,,DIRECT,RAW_JPM_2021_cet1_standardized,SUB_PANEL,Basel III Standardized CET1 ratio.
JPMorgan Chase & Co.,JPM,2021,2021-12-31,tier1_leverage_ratio,Tier 1 leverage ratio,7.1,%,SEC_FORM_10K,2022-02-22,0000019617-22-000272,https://www.sec.gov/ix?doc=/Archives/edgar/data/0000019617/000001961722000272/jpm-20211231.htm,Item 7,Capital Management,Item 7 / Item 8,,DIRECT,RAW_JPM_2021_tier1_leverage_ratio,SUB_PANEL,Federal Reserve Tier 1 leverage ratio.
JPMorgan Chase & Co.,JPM,2021,2021-12-31,supplementary_leverage_ratio,Supplementary leverage ratio (SLR),5.4,%,SEC_FORM_10K,2022-02-22,0000019617-22-000272,https://www.sec.gov/ix?doc=/Archives/edgar/data/0000019617/000001961722000272/jpm-20211231.htm,Item 7,Capital Management,Item 7 / Item 8,,DIRECT,RAW_JPM_2021_supplementary_leverage_ratio,SUB_PANEL,"Reported SLR following expiration of temporary relief on March 31, 2021."
JPMorgan Chase & Co.,JPM,2021,2021-12-31,tangible_common_equity,Tangible common equity (TCE),225000.0,USD Millions,SEC_FORM_10K,2022-02-22,0000019617-22-000272,https://www.sec.gov/ix?doc=/Archives/edgar/data/0000019617/000001961722000272/jpm-20211231.htm,Item 7,Non-GAAP Financial Measures,Item 7 / Item 8,,DIRECT,RAW_JPM_2021_tangible_common_equity,SUB_PANEL,Common equity less goodwill and intangibles.
JPMorgan Chase & Co.,JPM,2021,2021-12-31,technology_or_business_investment,"Technology, communications and equipment",11800.0,USD Millions,SEC_FORM_10K,2022-02-22,0000019617-22-000272,https://www.sec.gov/ix?doc=/Archives/edgar/data/0000019617/000001961722000272/jpm-20211231.htm,Item 8,Statements of Income / Note 9,Item 7 / Item 8,us-gaap:CommunicationsAndInformationTechnology,DIRECT,RAW_JPM_2021_technology_or_business_investment,PARTIAL,Operating technology expense. Supplementary only.
JPMorgan Chase & Co.,JPM,2021,2021-12-31,compensation_expense,Compensation expense,35500.0,USD Millions,SEC_FORM_10K,2022-02-22,0000019617-22-000272,https://www.sec.gov/ix?doc=/Archives/edgar/data/0000019617/000001961722000272/jpm-20211231.htm,Item 8,Statements of Income,Item 7 / Item 8,us-gaap:LaborAndRelatedExpenses,DIRECT,RAW_JPM_2021_compensation_expense,SUB_PANEL,Total personnel costs.
JPMorgan Chase & Co.,JPM,2021,2021-12-31,cash,Deposits with banks / cash,714300.0,USD Millions,SEC_FORM_10K,2022-02-22,0000019617-22-000272,https://www.sec.gov/ix?doc=/Archives/edgar/data/0000019617/000001961722000272/jpm-20211231.htm,Item 8,Statements of Financial Condition,Item 7 / Item 8,us-gaap:CashAndCashEquivalentsAtCarryingValue,DIRECT,RAW_JPM_2021_cash,STRUCTURALLY_NON_COMPARABLE,Federal Reserve cash balances.
JPMorgan Chase & Co.,JPM,2021,2021-12-31,debt,Long-term debt,311500.0,USD Millions,SEC_FORM_10K,2022-02-22,0000019617-22-000272,https://www.sec.gov/ix?doc=/Archives/edgar/data/0000019617/000001961722000272/jpm-20211231.htm,Item 8,Statements of Financial Condition,Item 7 / Item 8,us-gaap:LongTermDebtNoncurrent,DIRECT,RAW_JPM_2021_debt,STRUCTURALLY_NON_COMPARABLE,Bank funding debt.
JPMorgan Chase & Co.,JPM,2022,2022-12-31,net_revenue,Total net revenue,128695.0,USD Millions,SEC_FORM_10K,2023-02-21,0000019617-23-000231,https://www.sec.gov/ix?doc=/Archives/edgar/data/0000019617/000001961723000231/jpm-20221231.htm,Item 8,Statements of Income,Item 7 / Item 8,us-gaap:RevenuesNetOfInterestExpense,DIRECT,RAW_JPM_2022_net_revenue,DIRECT,Total net revenue.
JPMorgan Chase & Co.,JPM,2022,2022-12-31,investment_banking_revenue,Investment banking fees,6686.0,USD Millions,SEC_FORM_10K,2023-02-21,0000019617-23-000231,https://www.sec.gov/ix?doc=/Archives/edgar/data/0000019617/000001961723000231/jpm-20221231.htm,Item 8,Statements of Income / Note 32,Item 7 / Item 8,us-gaap:InvestmentBankingRevenue,DIRECT,RAW_JPM_2022_investment_banking_revenue,DIRECT,Underwriting and advisory fees.
JPMorgan Chase & Co.,JPM,2022,2022-12-31,dividends_paid,Dividends paid,13562.0,USD Millions,SEC_FORM_10K,2023-02-21,0000019617-23-000231,https://www.sec.gov/ix?doc=/Archives/edgar/data/0000019617/000001961723000231/jpm-20221231.htm,Item 8,Statements of Cash Flows,Item 7 / Item 8,us-gaap:PaymentsOfDividends,DIRECT,RAW_JPM_2022_dividends_paid,DIRECT,Common and preferred cash dividends.
JPMorgan Chase & Co.,JPM,2022,2022-12-31,share_repurchases,Treasury stock purchased,3162.0,USD Millions,SEC_FORM_10K,2023-02-21,0000019617-23-000231,https://www.sec.gov/ix?doc=/Archives/edgar/data/0000019617/000001961723000231/jpm-20221231.htm,Item 8,Statements of Cash Flows,Item 7 / Item 8,us-gaap:PaymentsForRepurchaseOfCommonStock,DIRECT,RAW_JPM_2022_share_repurchases,DIRECT,Treasury stock purchased as reported in 10-K Statement of Cash Flows.
JPMorgan Chase & Co.,JPM,2022,2022-12-31,roe,Return on common equity (ROE),14.0,%,SEC_FORM_10K,2023-02-21,0000019617-23-000231,https://www.sec.gov/ix?doc=/Archives/edgar/data/0000019617/000001961723000231/jpm-20221231.htm,Item 7,Selected Financial Data,Item 7 / Item 8,,DIRECT,RAW_JPM_2022_roe,SUB_PANEL,Reported common equity return.
JPMorgan Chase & Co.,JPM,2022,2022-12-31,rotce_or_rote,Return on tangible common equity (ROTCE),18.0,%,SEC_FORM_10K,2023-02-21,0000019617-23-000231,https://www.sec.gov/ix?doc=/Archives/edgar/data/0000019617/000001961723000231/jpm-20221231.htm,Item 7,Selected Financial Data,Item 7 / Item 8,,DIRECT,RAW_JPM_2022_rotce_or_rote,SUB_PANEL,Reported tangible equity return.
JPMorgan Chase & Co.,JPM,2022,2022-12-31,efficiency_or_overhead_ratio,Overhead ratio,62.0,%,SEC_FORM_10K,2023-02-21,0000019617-23-000231,https://www.sec.gov/ix?doc=/Archives/edgar/data/0000019617/000001961723000231/jpm-20221231.htm,Item 7,Selected Financial Data,Item 7 / Item 8,,DIRECT,RAW_JPM_2022_efficiency_or_overhead_ratio,SUB_PANEL,Total noninterest expense divided by net revenue.
JPMorgan Chase & Co.,JPM,2022,2022-12-31,cet1_standardized,Standardized Common Equity Tier 1 capital ratio,13.2,%,SEC_FORM_10K,2023-02-21,0000019617-23-000231,https://www.sec.gov/ix?doc=/Archives/edgar/data/0000019617/000001961723000231/jpm-20221231.htm,Item 7,Capital Management,Item 7 / Item 8,,DIRECT,RAW_JPM_2022_cet1_standardized,SUB_PANEL,Standardized Common Equity Tier 1 capital ratio reported in 10-K Item 7.
JPMorgan Chase & Co.,JPM,2022,2022-12-31,tier1_leverage_ratio,Tier 1 leverage ratio,7.2,%,SEC_FORM_10K,2023-02-21,0000019617-23-000231,https://www.sec.gov/ix?doc=/Archives/edgar/data/0000019617/000001961723000231/jpm-20221231.htm,Item 7,Capital Management,Item 7 / Item 8,,DIRECT,RAW_JPM_2022_tier1_leverage_ratio,SUB_PANEL,Federal Reserve Tier 1 leverage ratio.
JPMorgan Chase & Co.,JPM,2022,2022-12-31,supplementary_leverage_ratio,Supplementary leverage ratio (SLR),5.5,%,SEC_FORM_10K,2023-02-21,0000019617-23-000231,https://www.sec.gov/ix?doc=/Archives/edgar/data/0000019617/000001961723000231/jpm-20221231.htm,Item 7,Capital Management,Item 7 / Item 8,,DIRECT,RAW_JPM_2022_supplementary_leverage_ratio,SUB_PANEL,Reported SLR ratio.
JPMorgan Chase & Co.,JPM,2022,2022-12-31,tangible_common_equity,Tangible common equity (TCE),233000.0,USD Millions,SEC_FORM_10K,2023-02-21,0000019617-23-000231,https://www.sec.gov/ix?doc=/Archives/edgar/data/0000019617/000001961723000231/jpm-20221231.htm,Item 7,Non-GAAP Financial Measures,Item 7 / Item 8,,DIRECT,RAW_JPM_2022_tangible_common_equity,SUB_PANEL,Common equity less goodwill and intangibles.
JPMorgan Chase & Co.,JPM,2022,2022-12-31,technology_or_business_investment,"Technology, communications and equipment",13000.0,USD Millions,SEC_FORM_10K,2023-02-21,0000019617-23-000231,https://www.sec.gov/ix?doc=/Archives/edgar/data/0000019617/000001961723000231/jpm-20221231.htm,Item 8,Statements of Income / Note 9,Item 7 / Item 8,us-gaap:CommunicationsAndInformationTechnology,DIRECT,RAW_JPM_2022_technology_or_business_investment,PARTIAL,Operating technology expense. Supplementary only.
JPMorgan Chase & Co.,JPM,2022,2022-12-31,compensation_expense,Compensation expense,38000.0,USD Millions,SEC_FORM_10K,2023-02-21,0000019617-23-000231,https://www.sec.gov/ix?doc=/Archives/edgar/data/0000019617/000001961723000231/jpm-20221231.htm,Item 8,Statements of Income,Item 7 / Item 8,us-gaap:LaborAndRelatedExpenses,DIRECT,RAW_JPM_2022_compensation_expense,SUB_PANEL,Total personnel costs.
JPMorgan Chase & Co.,JPM,2022,2022-12-31,cash,Deposits with banks / cash,567000.0,USD Millions,SEC_FORM_10K,2023-02-21,0000019617-23-000231,https://www.sec.gov/ix?doc=/Archives/edgar/data/0000019617/000001961723000231/jpm-20221231.htm,Item 8,Statements of Financial Condition,Item 7 / Item 8,us-gaap:CashAndCashEquivalentsAtCarryingValue,DIRECT,RAW_JPM_2022_cash,STRUCTURALLY_NON_COMPARABLE,Federal Reserve cash balances.
JPMorgan Chase & Co.,JPM,2022,2022-12-31,debt,Long-term debt,324000.0,USD Millions,SEC_FORM_10K,2023-02-21,0000019617-23-000231,https://www.sec.gov/ix?doc=/Archives/edgar/data/0000019617/000001961723000231/jpm-20221231.htm,Item 8,Statements of Financial Condition,Item 7 / Item 8,us-gaap:LongTermDebtNoncurrent,DIRECT,RAW_JPM_2022_debt,STRUCTURALLY_NON_COMPARABLE,Bank funding debt.
JPMorgan Chase & Co.,JPM,2023,2023-12-31,net_revenue,Total net revenue,158104.0,USD Millions,SEC_FORM_10K,2024-02-16,0000019617-24-000225,https://www.sec.gov/ix?doc=/Archives/edgar/data/0000019617/000001961724000225/jpm-20231231.htm,Item 8,Statements of Income,Item 7 / Item 8,us-gaap:RevenuesNetOfInterestExpense,DIRECT,RAW_JPM_2023_net_revenue,DIRECT,Total net revenue.
JPMorgan Chase & Co.,JPM,2023,2023-12-31,investment_banking_revenue,Investment banking fees,6519.0,USD Millions,SEC_FORM_10K,2024-02-16,0000019617-24-000225,https://www.sec.gov/ix?doc=/Archives/edgar/data/0000019617/000001961724000225/jpm-20231231.htm,Item 8,Statements of Income / Note 32,Item 7 / Item 8,us-gaap:InvestmentBankingRevenue,DIRECT,RAW_JPM_2023_investment_banking_revenue,DIRECT,Underwriting and advisory fees.
JPMorgan Chase & Co.,JPM,2023,2023-12-31,dividends_paid,Dividends paid,13463.0,USD Millions,SEC_FORM_10K,2024-02-16,0000019617-24-000225,https://www.sec.gov/ix?doc=/Archives/edgar/data/0000019617/000001961724000225/jpm-20231231.htm,Item 8,Statements of Cash Flows,Item 7 / Item 8,us-gaap:PaymentsOfDividends,DIRECT,RAW_JPM_2023_dividends_paid,DIRECT,Common and preferred cash dividends.
JPMorgan Chase & Co.,JPM,2023,2023-12-31,share_repurchases,Treasury stock purchased,9824.0,USD Millions,SEC_FORM_10K,2024-02-16,0000019617-24-000225,https://www.sec.gov/ix?doc=/Archives/edgar/data/0000019617/000001961724000225/jpm-20231231.htm,Item 8,Statements of Cash Flows,Item 7 / Item 8,us-gaap:PaymentsForRepurchaseOfCommonStock,DIRECT,RAW_JPM_2023_share_repurchases,DIRECT,Common shares repurchased.
JPMorgan Chase & Co.,JPM,2023,2023-12-31,roe,Return on common equity (ROE),17.0,%,SEC_FORM_10K,2024-02-16,0000019617-24-000225,https://www.sec.gov/ix?doc=/Archives/edgar/data/0000019617/000001961724000225/jpm-20231231.htm,Item 7,Selected Financial Data,Item 7 / Item 8,,DIRECT,RAW_JPM_2023_roe,SUB_PANEL,Reported common equity return.
JPMorgan Chase & Co.,JPM,2023,2023-12-31,rotce_or_rote,Return on tangible common equity (ROTCE),21.0,%,SEC_FORM_10K,2024-02-16,0000019617-24-000225,https://www.sec.gov/ix?doc=/Archives/edgar/data/0000019617/000001961724000225/jpm-20231231.htm,Item 7,Selected Financial Data,Item 7 / Item 8,,DIRECT,RAW_JPM_2023_rotce_or_rote,SUB_PANEL,Reported tangible equity return.
JPMorgan Chase & Co.,JPM,2023,2023-12-31,efficiency_or_overhead_ratio,Overhead ratio,54.0,%,SEC_FORM_10K,2024-02-16,0000019617-24-000225,https://www.sec.gov/ix?doc=/Archives/edgar/data/0000019617/000001961724000225/jpm-20231231.htm,Item 7,Selected Financial Data,Item 7 / Item 8,,DIRECT,RAW_JPM_2023_efficiency_or_overhead_ratio,SUB_PANEL,Total noninterest expense divided by net revenue.
JPMorgan Chase & Co.,JPM,2023,2023-12-31,cet1_standardized,Standardized Common Equity Tier 1 capital ratio,15.0,%,SEC_FORM_10K,2024-02-16,0000019617-24-000225,https://www.sec.gov/ix?doc=/Archives/edgar/data/0000019617/000001961724000225/jpm-20231231.htm,Item 7,Capital Management,Item 7 / Item 8,,DIRECT,RAW_JPM_2023_cet1_standardized,SUB_PANEL,Basel III Standardized CET1 ratio.
JPMorgan Chase & Co.,JPM,2023,2023-12-31,tier1_leverage_ratio,Tier 1 leverage ratio,7.6,%,SEC_FORM_10K,2024-02-16,0000019617-24-000225,https://www.sec.gov/ix?doc=/Archives/edgar/data/0000019617/000001961724000225/jpm-20231231.htm,Item 7,Capital Management,Item 7 / Item 8,,DIRECT,RAW_JPM_2023_tier1_leverage_ratio,SUB_PANEL,Federal Reserve Tier 1 leverage ratio.
JPMorgan Chase & Co.,JPM,2023,2023-12-31,supplementary_leverage_ratio,Supplementary leverage ratio (SLR),6.0,%,SEC_FORM_10K,2024-02-16,0000019617-24-000225,https://www.sec.gov/ix?doc=/Archives/edgar/data/0000019617/000001961724000225/jpm-20231231.htm,Item 7,Capital Management,Item 7 / Item 8,,DIRECT,RAW_JPM_2023_supplementary_leverage_ratio,SUB_PANEL,Reported SLR ratio.
JPMorgan Chase & Co.,JPM,2023,2023-12-31,tangible_common_equity,Tangible common equity (TCE),256000.0,USD Millions,SEC_FORM_10K,2024-02-16,0000019617-24-000225,https://www.sec.gov/ix?doc=/Archives/edgar/data/0000019617/000001961724000225/jpm-20231231.htm,Item 7,Non-GAAP Financial Measures,Item 7 / Item 8,,DIRECT,RAW_JPM_2023_tangible_common_equity,SUB_PANEL,Common equity less goodwill and intangibles.
JPMorgan Chase & Co.,JPM,2023,2023-12-31,technology_or_business_investment,"Technology, communications and equipment",14200.0,USD Millions,SEC_FORM_10K,2024-02-16,0000019617-24-000225,https://www.sec.gov/ix?doc=/Archives/edgar/data/0000019617/000001961724000225/jpm-20231231.htm,Item 8,Statements of Income / Note 9,Item 7 / Item 8,us-gaap:CommunicationsAndInformationTechnology,DIRECT,RAW_JPM_2023_technology_or_business_investment,PARTIAL,Operating technology expense. Supplementary only.
JPMorgan Chase & Co.,JPM,2023,2023-12-31,compensation_expense,Compensation expense,41000.0,USD Millions,SEC_FORM_10K,2024-02-16,0000019617-24-000225,https://www.sec.gov/ix?doc=/Archives/edgar/data/0000019617/000001961724000225/jpm-20231231.htm,Item 8,Statements of Income,Item 7 / Item 8,us-gaap:LaborAndRelatedExpenses,DIRECT,RAW_JPM_2023_compensation_expense,SUB_PANEL,Total personnel costs.
JPMorgan Chase & Co.,JPM,2023,2023-12-31,cash,Deposits with banks / cash,550000.0,USD Millions,SEC_FORM_10K,2024-02-16,0000019617-24-000225,https://www.sec.gov/ix?doc=/Archives/edgar/data/0000019617/000001961724000225/jpm-20231231.htm,Item 8,Statements of Financial Condition,Item 7 / Item 8,us-gaap:CashAndCashEquivalentsAtCarryingValue,DIRECT,RAW_JPM_2023_cash,STRUCTURALLY_NON_COMPARABLE,Federal Reserve cash balances.
JPMorgan Chase & Co.,JPM,2023,2023-12-31,debt,Long-term debt,340000.0,USD Millions,SEC_FORM_10K,2024-02-16,0000019617-24-000225,https://www.sec.gov/ix?doc=/Archives/edgar/data/0000019617/000001961724000225/jpm-20231231.htm,Item 8,Statements of Financial Condition,Item 7 / Item 8,us-gaap:LongTermDebtNoncurrent,DIRECT,RAW_JPM_2023_debt,STRUCTURALLY_NON_COMPARABLE,Bank funding debt.
JPMorgan Chase & Co.,JPM,2024,2024-12-31,net_revenue,Total net revenue,170154.0,USD Millions,SEC_FORM_10K,2025-02-14,0000019617-25-000270,https://www.sec.gov/ix?doc=/Archives/edgar/data/0000019617/000001961725000270/jpm-20241231.htm,Item 8,Statements of Income,Item 7 / Item 8,us-gaap:RevenuesNetOfInterestExpense,DIRECT,RAW_JPM_2024_net_revenue,DIRECT,Total net revenue.
JPMorgan Chase & Co.,JPM,2024,2024-12-31,investment_banking_revenue,Investment banking fees,8910.0,USD Millions,SEC_FORM_10K,2025-02-14,0000019617-25-000270,https://www.sec.gov/ix?doc=/Archives/edgar/data/0000019617/000001961725000270/jpm-20241231.htm,Item 8,Statements of Income / Note 32,Item 7 / Item 8,us-gaap:InvestmentBankingRevenue,DIRECT,RAW_JPM_2024_investment_banking_revenue,DIRECT,Underwriting and advisory fees.
JPMorgan Chase & Co.,JPM,2024,2024-12-31,dividends_paid,Dividends paid,14783.0,USD Millions,SEC_FORM_10K,2025-02-14,0000019617-25-000270,https://www.sec.gov/ix?doc=/Archives/edgar/data/0000019617/000001961725000270/jpm-20241231.htm,Item 8,Statements of Cash Flows,Item 7 / Item 8,us-gaap:PaymentsOfDividends,DIRECT,RAW_JPM_2024_dividends_paid,DIRECT,Common and preferred cash dividends.
JPMorgan Chase & Co.,JPM,2024,2024-12-31,share_repurchases,Treasury stock purchased,18830.0,USD Millions,SEC_FORM_10K,2025-02-14,0000019617-25-000270,https://www.sec.gov/ix?doc=/Archives/edgar/data/0000019617/000001961725000270/jpm-20241231.htm,Item 8,Statements of Cash Flows,Item 7 / Item 8,us-gaap:PaymentsForRepurchaseOfCommonStock,DIRECT,RAW_JPM_2024_share_repurchases,DIRECT,Treasury stock purchased as reported in 10-K Statement of Cash Flows.
JPMorgan Chase & Co.,JPM,2024,2024-12-31,roe,Return on common equity (ROE),18.0,%,SEC_FORM_10K,2025-02-14,0000019617-25-000270,https://www.sec.gov/ix?doc=/Archives/edgar/data/0000019617/000001961725000270/jpm-20241231.htm,Item 7,Selected Financial Data,Item 7 / Item 8,,DIRECT,RAW_JPM_2024_roe,SUB_PANEL,Reported common equity return.
JPMorgan Chase & Co.,JPM,2024,2024-12-31,rotce_or_rote,Return on tangible common equity (ROTCE),22.0,%,SEC_FORM_10K,2025-02-14,0000019617-25-000270,https://www.sec.gov/ix?doc=/Archives/edgar/data/0000019617/000001961725000270/jpm-20241231.htm,Item 7,Selected Financial Data,Item 7 / Item 8,,DIRECT,RAW_JPM_2024_rotce_or_rote,SUB_PANEL,Reported tangible equity return.
JPMorgan Chase & Co.,JPM,2024,2024-12-31,efficiency_or_overhead_ratio,Overhead ratio,53.0,%,SEC_FORM_10K,2025-02-14,0000019617-25-000270,https://www.sec.gov/ix?doc=/Archives/edgar/data/0000019617/000001961725000270/jpm-20241231.htm,Item 7,Selected Financial Data,Item 7 / Item 8,,DIRECT,RAW_JPM_2024_efficiency_or_overhead_ratio,SUB_PANEL,Total noninterest expense divided by net revenue.
JPMorgan Chase & Co.,JPM,2024,2024-12-31,cet1_standardized,Standardized Common Equity Tier 1 capital ratio,15.3,%,SEC_FORM_10K,2025-02-14,0000019617-25-000270,https://www.sec.gov/ix?doc=/Archives/edgar/data/0000019617/000001961725000270/jpm-20241231.htm,Item 7,Capital Management,Item 7 / Item 8,,DIRECT,RAW_JPM_2024_cet1_standardized,SUB_PANEL,Basel III Standardized CET1 ratio.
JPMorgan Chase & Co.,JPM,2024,2024-12-31,tier1_leverage_ratio,Tier 1 leverage ratio,7.7,%,SEC_FORM_10K,2025-02-14,0000019617-25-000270,https://www.sec.gov/ix?doc=/Archives/edgar/data/0000019617/000001961725000270/jpm-20241231.htm,Item 7,Capital Management,Item 7 / Item 8,,DIRECT,RAW_JPM_2024_tier1_leverage_ratio,SUB_PANEL,Federal Reserve Tier 1 leverage ratio.
JPMorgan Chase & Co.,JPM,2024,2024-12-31,supplementary_leverage_ratio,Supplementary leverage ratio (SLR),6.0,%,SEC_FORM_10K,2025-02-14,0000019617-25-000270,https://www.sec.gov/ix?doc=/Archives/edgar/data/0000019617/000001961725000270/jpm-20241231.htm,Item 7,Capital Management,Item 7 / Item 8,,DIRECT,RAW_JPM_2024_supplementary_leverage_ratio,SUB_PANEL,Reported SLR ratio.
JPMorgan Chase & Co.,JPM,2024,2024-12-31,tangible_common_equity,Tangible common equity (TCE),278000.0,USD Millions,SEC_FORM_10K,2025-02-14,0000019617-25-000270,https://www.sec.gov/ix?doc=/Archives/edgar/data/0000019617/000001961725000270/jpm-20241231.htm,Item 7,Non-GAAP Financial Measures,Item 7 / Item 8,,DIRECT,RAW_JPM_2024_tangible_common_equity,SUB_PANEL,Common equity less goodwill and intangibles.
JPMorgan Chase & Co.,JPM,2024,2024-12-31,technology_or_business_investment,"Technology, communications and equipment",15500.0,USD Millions,SEC_FORM_10K,2025-02-14,0000019617-25-000270,https://www.sec.gov/ix?doc=/Archives/edgar/data/0000019617/000001961725000270/jpm-20241231.htm,Item 8,Statements of Income / Note 9,Item 7 / Item 8,us-gaap:CommunicationsAndInformationTechnology,DIRECT,RAW_JPM_2024_technology_or_business_investment,PARTIAL,Operating technology expense. Supplementary only.
JPMorgan Chase & Co.,JPM,2024,2024-12-31,compensation_expense,Compensation expense,45000.0,USD Millions,SEC_FORM_10K,2025-02-14,0000019617-25-000270,https://www.sec.gov/ix?doc=/Archives/edgar/data/0000019617/000001961725000270/jpm-20241231.htm,Item 8,Statements of Income,Item 7 / Item 8,us-gaap:LaborAndRelatedExpenses,DIRECT,RAW_JPM_2024_compensation_expense,SUB_PANEL,Total personnel costs.
JPMorgan Chase & Co.,JPM,2024,2024-12-31,cash,Deposits with banks / cash,575000.0,USD Millions,SEC_FORM_10K,2025-02-14,0000019617-25-000270,https://www.sec.gov/ix?doc=/Archives/edgar/data/0000019617/000001961725000270/jpm-20241231.htm,Item 8,Statements of Financial Condition,Item 7 / Item 8,us-gaap:CashAndCashEquivalentsAtCarryingValue,DIRECT,RAW_JPM_2024_cash,STRUCTURALLY_NON_COMPARABLE,Federal Reserve cash balances.
JPMorgan Chase & Co.,JPM,2024,2024-12-31,debt,Long-term debt,355000.0,USD Millions,SEC_FORM_10K,2025-02-14,0000019617-25-000270,https://www.sec.gov/ix?doc=/Archives/edgar/data/0000019617/000001961725000270/jpm-20241231.htm,Item 8,Statements of Financial Condition,Item 7 / Item 8,us-gaap:LongTermDebtNoncurrent,DIRECT,RAW_JPM_2024_debt,STRUCTURALLY_NON_COMPARABLE,Bank funding debt.
Stifel Financial Corp.,SF,2020,2020-12-31,net_revenue,Total revenues,3817.8,USD Millions,SEC_FORM_10K,2021-02-19,0001564590-21-006800,https://www.sec.gov/ix?doc=/Archives/edgar/data/0000720672/000156459021006800/sf-10k_20201231.htm,Item 8,Statements of Operations,Item 7 / Item 8,us-gaap:Revenues,DIRECT,RAW_SF_2020_net_revenue,DIRECT,Primary GAAP net revenues.
Stifel Financial Corp.,SF,2020,2020-12-31,investment_banking_revenue,Investment banking revenues,952.3,USD Millions,SEC_FORM_10K,2021-02-19,0001564590-21-006800,https://www.sec.gov/ix?doc=/Archives/edgar/data/0000720672/000156459021006800/sf-10k_20201231.htm,Item 8,Statements of Operations,Item 7 / Item 8,us-gaap:InvestmentBankingRevenue,DIRECT,RAW_SF_2020_investment_banking_revenue,DIRECT,Underwriting and advisory revenues.
Stifel Financial Corp.,SF,2020,2020-12-31,dividends_paid,Dividends paid (common + preferred),73.8,USD Millions,SEC_FORM_10K,2021-02-19,0001564590-21-006800,https://www.sec.gov/ix?doc=/Archives/edgar/data/0000720672/000156459021006800/sf-10k_20201231.htm,Item 8,Statements of Cash Flows,Item 7 / Item 8,us-gaap:PaymentsOfDividends,DIRECT,RAW_SF_2020_dividends_paid,DIRECT,Cash dividends paid on common ($46.5M) and preferred ($27.3M).
Stifel Financial Corp.,SF,2020,2020-12-31,share_repurchases,Repurchase of common stock,58.3,USD Millions,SEC_FORM_10K,2021-02-19,0001564590-21-006800,https://www.sec.gov/ix?doc=/Archives/edgar/data/0000720672/000156459021006800/sf-10k_20201231.htm,Item 8,Statements of Cash Flows,Item 7 / Item 8,us-gaap:PaymentsForRepurchaseOfCommonStock,DIRECT,RAW_SF_2020_share_repurchases,DIRECT,Common shares repurchased.
Stifel Financial Corp.,SF,2020,2020-12-31,roe,Return on average common equity,13.1,%,SEC_FORM_10K,2021-02-19,0001564590-21-006800,https://www.sec.gov/ix?doc=/Archives/edgar/data/0000720672/000156459021006800/sf-10k_20201231.htm,Item 7,Financial Highlights,Item 7 / Item 8,,DIRECT,RAW_SF_2020_roe,SUB_PANEL,Reported common equity return.
Stifel Financial Corp.,SF,2020,2020-12-31,rotce_or_rote,Return on tangible common equity (ROTE),19.5,%,SEC_FORM_10K,2021-02-19,0001564590-21-006800,https://www.sec.gov/ix?doc=/Archives/edgar/data/0000720672/000156459021006800/sf-10k_20201231.htm,Item 7,Financial Highlights,Item 7 / Item 8,,DIRECT,RAW_SF_2020_rotce_or_rote,SUB_PANEL,Reported tangible equity return.
Stifel Financial Corp.,SF,2020,2020-12-31,efficiency_or_overhead_ratio,Non-GAAP Efficiency ratio,64.7,%,SEC_FORM_10K,2021-02-19,0001564590-21-006800,https://www.sec.gov/ix?doc=/Archives/edgar/data/0000720672/000156459021006800/sf-10k_20201231.htm,Item 7,Financial Highlights,Item 7 / Item 8,,DIRECT,RAW_SF_2020_efficiency_or_overhead_ratio,SUB_PANEL,Reported efficiency ratio in 10-K Item 7.
Stifel Financial Corp.,SF,2020,2020-12-31,cet1_standardized,Tier 1 Common / CET1 capital ratio,10.9,%,SEC_FORM_10K,2021-02-19,0001564590-21-006800,https://www.sec.gov/ix?doc=/Archives/edgar/data/0000720672/000156459021006800/sf-10k_20201231.htm,Item 7,Capital Resources,Item 7 / Item 8,,DIRECT,RAW_SF_2020_cet1_standardized,SUB_PANEL,Basel III Standardized CET1 ratio.
Stifel Financial Corp.,SF,2020,2020-12-31,tier1_leverage_ratio,Tier 1 leverage ratio,8.5,%,SEC_FORM_10K,2021-02-19,0001564590-21-006800,https://www.sec.gov/ix?doc=/Archives/edgar/data/0000720672/000156459021006800/sf-10k_20201231.htm,Item 7,Capital Resources,Item 7 / Item 8,,DIRECT,RAW_SF_2020_tier1_leverage_ratio,SUB_PANEL,Federal Reserve Tier 1 leverage ratio.
Stifel Financial Corp.,SF,2020,2020-12-31,supplementary_leverage_ratio,N/A (Category IV exempt from SLR),NOT_APPLICABLE,%,SEC_FORM_10K,2021-02-19,0001564590-21-006800,https://www.sec.gov/ix?doc=/Archives/edgar/data/0000720672/000156459021006800/sf-10k_20201231.htm,Item 7,Capital Resources,Item 7 / Item 8,,NOT_APPLICABLE,RAW_SF_2020_supplementary_leverage_ratio,NOT_APPLICABLE,Category IV exempt.
Stifel Financial Corp.,SF,2020,2020-12-31,tangible_common_equity,Tangible common equity,2750.0,USD Millions,SEC_FORM_10K,2021-02-19,0001564590-21-006800,https://www.sec.gov/ix?doc=/Archives/edgar/data/0000720672/000156459021006800/sf-10k_20201231.htm,Item 7,Non-GAAP Measures,Item 7 / Item 8,,DIRECT,RAW_SF_2020_tangible_common_equity,SUB_PANEL,Common equity less goodwill and intangibles.
Stifel Financial Corp.,SF,2020,2020-12-31,technology_or_business_investment,Communications and technology,210.0,USD Millions,SEC_FORM_10K,2021-02-19,0001564590-21-006800,https://www.sec.gov/ix?doc=/Archives/edgar/data/0000720672/000156459021006800/sf-10k_20201231.htm,Item 8,Statements of Operations,Item 7 / Item 8,us-gaap:CommunicationsAndInformationTechnology,DIRECT,RAW_SF_2020_technology_or_business_investment,PARTIAL,Operating technology expense. Supplementary only.
Stifel Financial Corp.,SF,2020,2020-12-31,compensation_expense,Compensation and benefits,2240.0,USD Millions,SEC_FORM_10K,2021-02-19,0001564590-21-006800,https://www.sec.gov/ix?doc=/Archives/edgar/data/0000720672/000156459021006800/sf-10k_20201231.htm,Item 8,Statements of Operations,Item 7 / Item 8,us-gaap:LaborAndRelatedExpenses,DIRECT,RAW_SF_2020_compensation_expense,SUB_PANEL,Total personnel costs.
Stifel Financial Corp.,SF,2020,2020-12-31,cash,Cash and cash equivalents,2400.0,USD Millions,SEC_FORM_10K,2021-02-19,0001564590-21-006800,https://www.sec.gov/ix?doc=/Archives/edgar/data/0000720672/000156459021006800/sf-10k_20201231.htm,Item 8,Statements of Financial Condition,Item 7 / Item 8,us-gaap:CashAndCashEquivalentsAtCarryingValue,DIRECT,RAW_SF_2020_cash,STRUCTURALLY_NON_COMPARABLE,Bank reserves.
Stifel Financial Corp.,SF,2020,2020-12-31,debt,Long-term debt,1100.0,USD Millions,SEC_FORM_10K,2021-02-19,0001564590-21-006800,https://www.sec.gov/ix?doc=/Archives/edgar/data/0000720672/000156459021006800/sf-10k_20201231.htm,Item 8,Statements of Financial Condition,Item 7 / Item 8,us-gaap:LongTermDebtNoncurrent,DIRECT,RAW_SF_2020_debt,STRUCTURALLY_NON_COMPARABLE,Bank funding debt.
Stifel Financial Corp.,SF,2021,2021-12-31,net_revenue,Total revenues,4783.1,USD Millions,SEC_FORM_10K,2022-02-18,0000950170-22-001451,https://www.sec.gov/ix?doc=/Archives/edgar/data/0000720672/000095017022001451/sf-20211231.htm,Item 8,Statements of Operations,Item 7 / Item 8,us-gaap:Revenues,DIRECT,RAW_SF_2021_net_revenue,DIRECT,Total net revenues.
Stifel Financial Corp.,SF,2021,2021-12-31,investment_banking_revenue,Investment banking revenues,1565.4,USD Millions,SEC_FORM_10K,2022-02-18,0000950170-22-001451,https://www.sec.gov/ix?doc=/Archives/edgar/data/0000720672/000095017022001451/sf-20211231.htm,Item 8,Statements of Operations,Item 7 / Item 8,us-gaap:InvestmentBankingRevenue,DIRECT,RAW_SF_2021_investment_banking_revenue,DIRECT,Underwriting and advisory revenues.
Stifel Financial Corp.,SF,2021,2021-12-31,dividends_paid,Dividends paid (common + preferred),101.9,USD Millions,SEC_FORM_10K,2022-02-18,0000950170-22-001451,https://www.sec.gov/ix?doc=/Archives/edgar/data/0000720672/000095017022001451/sf-20211231.htm,Item 8,Statements of Cash Flows,Item 7 / Item 8,us-gaap:PaymentsOfDividends,DIRECT,RAW_SF_2021_dividends_paid,DIRECT,Cash dividends paid on common ($66.3M) and preferred ($35.6M).
Stifel Financial Corp.,SF,2021,2021-12-31,share_repurchases,Repurchase of common stock,172.7,USD Millions,SEC_FORM_10K,2022-02-18,0000950170-22-001451,https://www.sec.gov/ix?doc=/Archives/edgar/data/0000720672/000095017022001451/sf-20211231.htm,Item 8,Statements of Cash Flows,Item 7 / Item 8,us-gaap:PaymentsForRepurchaseOfCommonStock,DIRECT,RAW_SF_2021_share_repurchases,DIRECT,Common shares repurchased.
Stifel Financial Corp.,SF,2021,2021-12-31,roe,Return on average common equity,17.5,%,SEC_FORM_10K,2022-02-18,0000950170-22-001451,https://www.sec.gov/ix?doc=/Archives/edgar/data/0000720672/000095017022001451/sf-20211231.htm,Item 7,Financial Highlights,Item 7 / Item 8,,DIRECT,RAW_SF_2021_roe,SUB_PANEL,Reported common equity return.
Stifel Financial Corp.,SF,2021,2021-12-31,rotce_or_rote,Return on tangible common equity (ROTE),24.2,%,SEC_FORM_10K,2022-02-18,0000950170-22-001451,https://www.sec.gov/ix?doc=/Archives/edgar/data/0000720672/000095017022001451/sf-20211231.htm,Item 7,Financial Highlights,Item 7 / Item 8,,DIRECT,RAW_SF_2021_rotce_or_rote,SUB_PANEL,Reported tangible equity return.
Stifel Financial Corp.,SF,2021,2021-12-31,efficiency_or_overhead_ratio,Non-GAAP Efficiency ratio,61.2,%,SEC_FORM_10K,2022-02-18,0000950170-22-001451,https://www.sec.gov/ix?doc=/Archives/edgar/data/0000720672/000095017022001451/sf-20211231.htm,Item 7,Financial Highlights,Item 7 / Item 8,,DIRECT,RAW_SF_2021_efficiency_or_overhead_ratio,SUB_PANEL,Reported efficiency ratio in 10-K Item 7.
Stifel Financial Corp.,SF,2021,2021-12-31,cet1_standardized,Tier 1 Common / CET1 capital ratio,11.2,%,SEC_FORM_10K,2022-02-18,0000950170-22-001451,https://www.sec.gov/ix?doc=/Archives/edgar/data/0000720672/000095017022001451/sf-20211231.htm,Item 7,Capital Resources,Item 7 / Item 8,,DIRECT,RAW_SF_2021_cet1_standardized,SUB_PANEL,Basel III Standardized CET1 ratio.
Stifel Financial Corp.,SF,2021,2021-12-31,tier1_leverage_ratio,Tier 1 leverage ratio,8.8,%,SEC_FORM_10K,2022-02-18,0000950170-22-001451,https://www.sec.gov/ix?doc=/Archives/edgar/data/0000720672/000095017022001451/sf-20211231.htm,Item 7,Capital Resources,Item 7 / Item 8,,DIRECT,RAW_SF_2021_tier1_leverage_ratio,SUB_PANEL,Federal Reserve Tier 1 leverage ratio.
Stifel Financial Corp.,SF,2021,2021-12-31,supplementary_leverage_ratio,N/A (Category IV exempt from SLR),NOT_APPLICABLE,%,SEC_FORM_10K,2022-02-18,0000950170-22-001451,https://www.sec.gov/ix?doc=/Archives/edgar/data/0000720672/000095017022001451/sf-20211231.htm,Item 7,Capital Resources,Item 7 / Item 8,,NOT_APPLICABLE,RAW_SF_2021_supplementary_leverage_ratio,NOT_APPLICABLE,Category IV exempt.
Stifel Financial Corp.,SF,2021,2021-12-31,tangible_common_equity,Tangible common equity,3200.0,USD Millions,SEC_FORM_10K,2022-02-18,0000950170-22-001451,https://www.sec.gov/ix?doc=/Archives/edgar/data/0000720672/000095017022001451/sf-20211231.htm,Item 7,Non-GAAP Measures,Item 7 / Item 8,,DIRECT,RAW_SF_2021_tangible_common_equity,SUB_PANEL,Common equity less goodwill and intangibles.
Stifel Financial Corp.,SF,2021,2021-12-31,technology_or_business_investment,Communications and technology,245.0,USD Millions,SEC_FORM_10K,2022-02-18,0000950170-22-001451,https://www.sec.gov/ix?doc=/Archives/edgar/data/0000720672/000095017022001451/sf-20211231.htm,Item 8,Statements of Operations,Item 7 / Item 8,us-gaap:CommunicationsAndInformationTechnology,DIRECT,RAW_SF_2021_technology_or_business_investment,PARTIAL,Operating technology expense. Supplementary only.
Stifel Financial Corp.,SF,2021,2021-12-31,compensation_expense,Compensation and benefits,2780.0,USD Millions,SEC_FORM_10K,2022-02-18,0000950170-22-001451,https://www.sec.gov/ix?doc=/Archives/edgar/data/0000720672/000095017022001451/sf-20211231.htm,Item 8,Statements of Operations,Item 7 / Item 8,us-gaap:LaborAndRelatedExpenses,DIRECT,RAW_SF_2021_compensation_expense,SUB_PANEL,Total personnel costs.
Stifel Financial Corp.,SF,2021,2021-12-31,cash,Cash and cash equivalents,2800.0,USD Millions,SEC_FORM_10K,2022-02-18,0000950170-22-001451,https://www.sec.gov/ix?doc=/Archives/edgar/data/0000720672/000095017022001451/sf-20211231.htm,Item 8,Statements of Financial Condition,Item 7 / Item 8,us-gaap:CashAndCashEquivalentsAtCarryingValue,DIRECT,RAW_SF_2021_cash,STRUCTURALLY_NON_COMPARABLE,Bank reserves.
Stifel Financial Corp.,SF,2021,2021-12-31,debt,Long-term debt,1250.0,USD Millions,SEC_FORM_10K,2022-02-18,0000950170-22-001451,https://www.sec.gov/ix?doc=/Archives/edgar/data/0000720672/000095017022001451/sf-20211231.htm,Item 8,Statements of Financial Condition,Item 7 / Item 8,us-gaap:LongTermDebtNoncurrent,DIRECT,RAW_SF_2021_debt,STRUCTURALLY_NON_COMPARABLE,Bank funding debt.
Stifel Financial Corp.,SF,2022,2022-12-31,net_revenue,Total revenues,4592.8,USD Millions,SEC_FORM_10K,2023-02-17,0000950170-23-003201,https://www.sec.gov/ix?doc=/Archives/edgar/data/0000720672/000095017023003201/sf-20221231.htm,Item 8,Statements of Operations,Item 7 / Item 8,us-gaap:Revenues,DIRECT,RAW_SF_2022_net_revenue,DIRECT,Total net revenues.
Stifel Financial Corp.,SF,2022,2022-12-31,investment_banking_revenue,Investment banking revenues,971.5,USD Millions,SEC_FORM_10K,2023-02-17,0000950170-23-003201,https://www.sec.gov/ix?doc=/Archives/edgar/data/0000720672/000095017023003201/sf-20221231.htm,Item 8,Statements of Operations,Item 7 / Item 8,us-gaap:InvestmentBankingRevenue,DIRECT,RAW_SF_2022_investment_banking_revenue,DIRECT,Underwriting and advisory revenues.
Stifel Financial Corp.,SF,2022,2022-12-31,dividends_paid,Dividends paid (common + preferred),171.0,USD Millions,SEC_FORM_10K,2023-02-17,0000950170-23-003201,https://www.sec.gov/ix?doc=/Archives/edgar/data/0000720672/000095017023003201/sf-20221231.htm,Item 8,Statements of Cash Flows,Item 7 / Item 8,us-gaap:PaymentsOfDividends,DIRECT,RAW_SF_2022_dividends_paid,DIRECT,Cash dividends paid on common ($133.7M) and preferred ($37.3M).
Stifel Financial Corp.,SF,2022,2022-12-31,share_repurchases,Repurchase of common stock,105.8,USD Millions,SEC_FORM_10K,2023-02-17,0000950170-23-003201,https://www.sec.gov/ix?doc=/Archives/edgar/data/0000720672/000095017023003201/sf-20221231.htm,Item 8,Statements of Cash Flows,Item 7 / Item 8,us-gaap:PaymentsForRepurchaseOfCommonStock,DIRECT,RAW_SF_2022_share_repurchases,DIRECT,Common shares repurchased.
Stifel Financial Corp.,SF,2022,2022-12-31,roe,Return on average common equity,14.3,%,SEC_FORM_10K,2023-02-17,0000950170-23-003201,https://www.sec.gov/ix?doc=/Archives/edgar/data/0000720672/000095017023003201/sf-20221231.htm,Item 7,Financial Highlights,Item 7 / Item 8,,DIRECT,RAW_SF_2022_roe,SUB_PANEL,Reported common equity return.
Stifel Financial Corp.,SF,2022,2022-12-31,rotce_or_rote,Return on tangible common equity (ROTE),19.8,%,SEC_FORM_10K,2023-02-17,0000950170-23-003201,https://www.sec.gov/ix?doc=/Archives/edgar/data/0000720672/000095017023003201/sf-20221231.htm,Item 7,Financial Highlights,Item 7 / Item 8,,DIRECT,RAW_SF_2022_rotce_or_rote,SUB_PANEL,Reported tangible equity return.
Stifel Financial Corp.,SF,2022,2022-12-31,efficiency_or_overhead_ratio,Non-GAAP Efficiency ratio,65.4,%,SEC_FORM_10K,2023-02-17,0000950170-23-003201,https://www.sec.gov/ix?doc=/Archives/edgar/data/0000720672/000095017023003201/sf-20221231.htm,Item 7,Financial Highlights,Item 7 / Item 8,,DIRECT,RAW_SF_2022_efficiency_or_overhead_ratio,SUB_PANEL,Reported efficiency ratio in 10-K Item 7.
Stifel Financial Corp.,SF,2022,2022-12-31,cet1_standardized,Tier 1 Common / CET1 capital ratio,11.3,%,SEC_FORM_10K,2023-02-17,0000950170-23-003201,https://www.sec.gov/ix?doc=/Archives/edgar/data/0000720672/000095017023003201/sf-20221231.htm,Item 7,Capital Resources,Item 7 / Item 8,,DIRECT,RAW_SF_2022_cet1_standardized,SUB_PANEL,Basel III Standardized CET1 ratio.
Stifel Financial Corp.,SF,2022,2022-12-31,tier1_leverage_ratio,Tier 1 leverage ratio,8.6,%,SEC_FORM_10K,2023-02-17,0000950170-23-003201,https://www.sec.gov/ix?doc=/Archives/edgar/data/0000720672/000095017023003201/sf-20221231.htm,Item 7,Capital Resources,Item 7 / Item 8,,DIRECT,RAW_SF_2022_tier1_leverage_ratio,SUB_PANEL,Federal Reserve Tier 1 leverage ratio.
Stifel Financial Corp.,SF,2022,2022-12-31,supplementary_leverage_ratio,N/A (Category IV exempt from SLR),NOT_APPLICABLE,%,SEC_FORM_10K,2023-02-17,0000950170-23-003201,https://www.sec.gov/ix?doc=/Archives/edgar/data/0000720672/000095017023003201/sf-20221231.htm,Item 7,Capital Resources,Item 7 / Item 8,,NOT_APPLICABLE,RAW_SF_2022_supplementary_leverage_ratio,NOT_APPLICABLE,Category IV exempt.
Stifel Financial Corp.,SF,2022,2022-12-31,tangible_common_equity,Tangible common equity,3450.0,USD Millions,SEC_FORM_10K,2023-02-17,0000950170-23-003201,https://www.sec.gov/ix?doc=/Archives/edgar/data/0000720672/000095017023003201/sf-20221231.htm,Item 7,Non-GAAP Measures,Item 7 / Item 8,,DIRECT,RAW_SF_2022_tangible_common_equity,SUB_PANEL,Common equity less goodwill and intangibles.
Stifel Financial Corp.,SF,2022,2022-12-31,technology_or_business_investment,Communications and technology,270.0,USD Millions,SEC_FORM_10K,2023-02-17,0000950170-23-003201,https://www.sec.gov/ix?doc=/Archives/edgar/data/0000720672/000095017023003201/sf-20221231.htm,Item 8,Statements of Operations,Item 7 / Item 8,us-gaap:CommunicationsAndInformationTechnology,DIRECT,RAW_SF_2022_technology_or_business_investment,PARTIAL,Operating technology expense. Supplementary only.
Stifel Financial Corp.,SF,2022,2022-12-31,compensation_expense,Compensation and benefits,2690.0,USD Millions,SEC_FORM_10K,2023-02-17,0000950170-23-003201,https://www.sec.gov/ix?doc=/Archives/edgar/data/0000720672/000095017023003201/sf-20221231.htm,Item 8,Statements of Operations,Item 7 / Item 8,us-gaap:LaborAndRelatedExpenses,DIRECT,RAW_SF_2022_compensation_expense,SUB_PANEL,Total personnel costs.
Stifel Financial Corp.,SF,2022,2022-12-31,cash,Cash and cash equivalents,2650.0,USD Millions,SEC_FORM_10K,2023-02-17,0000950170-23-003201,https://www.sec.gov/ix?doc=/Archives/edgar/data/0000720672/000095017023003201/sf-20221231.htm,Item 8,Statements of Financial Condition,Item 7 / Item 8,us-gaap:CashAndCashEquivalentsAtCarryingValue,DIRECT,RAW_SF_2022_cash,STRUCTURALLY_NON_COMPARABLE,Bank reserves.
Stifel Financial Corp.,SF,2022,2022-12-31,debt,Long-term debt,1350.0,USD Millions,SEC_FORM_10K,2023-02-17,0000950170-23-003201,https://www.sec.gov/ix?doc=/Archives/edgar/data/0000720672/000095017023003201/sf-20221231.htm,Item 8,Statements of Financial Condition,Item 7 / Item 8,us-gaap:LongTermDebtNoncurrent,DIRECT,RAW_SF_2022_debt,STRUCTURALLY_NON_COMPARABLE,Bank funding debt.
Stifel Financial Corp.,SF,2023,2023-12-31,net_revenue,Total revenues,5159.3,USD Millions,SEC_FORM_10K,2024-02-16,0000950170-24-016475,https://www.sec.gov/ix?doc=/Archives/edgar/data/0000720672/000095017024016475/sf-20231231.htm,Item 8,Statements of Operations,Item 7 / Item 8,us-gaap:Revenues,DIRECT,RAW_SF_2023_net_revenue,DIRECT,Total net revenues.
Stifel Financial Corp.,SF,2023,2023-12-31,investment_banking_revenue,Investment banking revenues,731.3,USD Millions,SEC_FORM_10K,2024-02-16,0000950170-24-016475,https://www.sec.gov/ix?doc=/Archives/edgar/data/0000720672/000095017024016475/sf-20231231.htm,Item 8,Statements of Operations,Item 7 / Item 8,us-gaap:InvestmentBankingRevenue,DIRECT,RAW_SF_2023_investment_banking_revenue,DIRECT,Underwriting and advisory revenues.
Stifel Financial Corp.,SF,2023,2023-12-31,dividends_paid,Dividends paid (common + preferred),200.3,USD Millions,SEC_FORM_10K,2024-02-16,0000950170-24-016475,https://www.sec.gov/ix?doc=/Archives/edgar/data/0000720672/000095017024016475/sf-20231231.htm,Item 8,Statements of Cash Flows,Item 7 / Item 8,us-gaap:PaymentsOfDividends,DIRECT,RAW_SF_2023_dividends_paid,DIRECT,Cash dividends paid on common ($163.0M) and preferred ($37.3M).
Stifel Financial Corp.,SF,2023,2023-12-31,share_repurchases,Repurchase of common stock,443.9,USD Millions,SEC_FORM_10K,2024-02-16,0000950170-24-016475,https://www.sec.gov/ix?doc=/Archives/edgar/data/0000720672/000095017024016475/sf-20231231.htm,Item 8,Statements of Cash Flows,Item 7 / Item 8,us-gaap:PaymentsForRepurchaseOfCommonStock,DIRECT,RAW_SF_2023_share_repurchases,DIRECT,Common shares repurchased.
Stifel Financial Corp.,SF,2023,2023-12-31,roe,Return on average common equity,11.1,%,SEC_FORM_10K,2024-02-16,0000950170-24-016475,https://www.sec.gov/ix?doc=/Archives/edgar/data/0000720672/000095017024016475/sf-20231231.htm,Item 7,Financial Highlights,Item 7 / Item 8,,DIRECT,RAW_SF_2023_roe,SUB_PANEL,Reported common equity return.
Stifel Financial Corp.,SF,2023,2023-12-31,rotce_or_rote,Return on tangible common equity (ROTE),15.6,%,SEC_FORM_10K,2024-02-16,0000950170-24-016475,https://www.sec.gov/ix?doc=/Archives/edgar/data/0000720672/000095017024016475/sf-20231231.htm,Item 7,Financial Highlights,Item 7 / Item 8,,DIRECT,RAW_SF_2023_rotce_or_rote,SUB_PANEL,Reported tangible equity return.
Stifel Financial Corp.,SF,2023,2023-12-31,efficiency_or_overhead_ratio,Non-GAAP Efficiency ratio,69.8,%,SEC_FORM_10K,2024-02-16,0000950170-24-016475,https://www.sec.gov/ix?doc=/Archives/edgar/data/0000720672/000095017024016475/sf-20231231.htm,Item 7,Financial Highlights,Item 7 / Item 8,,DIRECT,RAW_SF_2023_efficiency_or_overhead_ratio,SUB_PANEL,Reported efficiency ratio in 10-K Item 7.
Stifel Financial Corp.,SF,2023,2023-12-31,cet1_standardized,Tier 1 Common / CET1 capital ratio,11.4,%,SEC_FORM_10K,2024-02-16,0000950170-24-016475,https://www.sec.gov/ix?doc=/Archives/edgar/data/0000720672/000095017024016475/sf-20231231.htm,Item 7,Capital Resources,Item 7 / Item 8,,DIRECT,RAW_SF_2023_cet1_standardized,SUB_PANEL,Basel III Standardized CET1 ratio.
Stifel Financial Corp.,SF,2023,2023-12-31,tier1_leverage_ratio,Tier 1 leverage ratio,8.9,%,SEC_FORM_10K,2024-02-16,0000950170-24-016475,https://www.sec.gov/ix?doc=/Archives/edgar/data/0000720672/000095017024016475/sf-20231231.htm,Item 7,Capital Resources,Item 7 / Item 8,,DIRECT,RAW_SF_2023_tier1_leverage_ratio,SUB_PANEL,Federal Reserve Tier 1 leverage ratio.
Stifel Financial Corp.,SF,2023,2023-12-31,supplementary_leverage_ratio,N/A (Category IV exempt from SLR),NOT_APPLICABLE,%,SEC_FORM_10K,2024-02-16,0000950170-24-016475,https://www.sec.gov/ix?doc=/Archives/edgar/data/0000720672/000095017024016475/sf-20231231.htm,Item 7,Capital Resources,Item 7 / Item 8,,NOT_APPLICABLE,RAW_SF_2023_supplementary_leverage_ratio,NOT_APPLICABLE,Category IV exempt.
Stifel Financial Corp.,SF,2023,2023-12-31,tangible_common_equity,Tangible common equity,3700.0,USD Millions,SEC_FORM_10K,2024-02-16,0000950170-24-016475,https://www.sec.gov/ix?doc=/Archives/edgar/data/0000720672/000095017024016475/sf-20231231.htm,Item 7,Non-GAAP Measures,Item 7 / Item 8,,DIRECT,RAW_SF_2023_tangible_common_equity,SUB_PANEL,Common equity less goodwill and intangibles.
Stifel Financial Corp.,SF,2023,2023-12-31,technology_or_business_investment,Communications and technology,295.0,USD Millions,SEC_FORM_10K,2024-02-16,0000950170-24-016475,https://www.sec.gov/ix?doc=/Archives/edgar/data/0000720672/000095017024016475/sf-20231231.htm,Item 8,Statements of Operations,Item 7 / Item 8,us-gaap:CommunicationsAndInformationTechnology,DIRECT,RAW_SF_2023_technology_or_business_investment,PARTIAL,Operating technology expense. Supplementary only.
Stifel Financial Corp.,SF,2023,2023-12-31,compensation_expense,Compensation and benefits,3050.0,USD Millions,SEC_FORM_10K,2024-02-16,0000950170-24-016475,https://www.sec.gov/ix?doc=/Archives/edgar/data/0000720672/000095017024016475/sf-20231231.htm,Item 8,Statements of Operations,Item 7 / Item 8,us-gaap:LaborAndRelatedExpenses,DIRECT,RAW_SF_2023_compensation_expense,SUB_PANEL,Total personnel costs.
Stifel Financial Corp.,SF,2023,2023-12-31,cash,Cash and cash equivalents,2900.0,USD Millions,SEC_FORM_10K,2024-02-16,0000950170-24-016475,https://www.sec.gov/ix?doc=/Archives/edgar/data/0000720672/000095017024016475/sf-20231231.htm,Item 8,Statements of Financial Condition,Item 7 / Item 8,us-gaap:CashAndCashEquivalentsAtCarryingValue,DIRECT,RAW_SF_2023_cash,STRUCTURALLY_NON_COMPARABLE,Bank reserves.
Stifel Financial Corp.,SF,2023,2023-12-31,debt,Long-term debt,1450.0,USD Millions,SEC_FORM_10K,2024-02-16,0000950170-24-016475,https://www.sec.gov/ix?doc=/Archives/edgar/data/0000720672/000095017024016475/sf-20231231.htm,Item 8,Statements of Financial Condition,Item 7 / Item 8,us-gaap:LongTermDebtNoncurrent,DIRECT,RAW_SF_2023_debt,STRUCTURALLY_NON_COMPARABLE,Bank funding debt.
Stifel Financial Corp.,SF,2024,2024-12-31,net_revenue,Total revenues,5951.7,USD Millions,SEC_FORM_10K,2025-02-26,0000950170-25-027702,https://www.sec.gov/ix?doc=/Archives/edgar/data/0000720672/000095017025027702/sf-20241231.htm,Item 8,Statements of Operations,Item 7 / Item 8,us-gaap:Revenues,DIRECT,RAW_SF_2024_net_revenue,DIRECT,Total net revenues.
Stifel Financial Corp.,SF,2024,2024-12-31,investment_banking_revenue,Investment banking revenues,994.8,USD Millions,SEC_FORM_10K,2025-02-26,0000950170-25-027702,https://www.sec.gov/ix?doc=/Archives/edgar/data/0000720672/000095017025027702/sf-20241231.htm,Item 8,Statements of Operations,Item 7 / Item 8,us-gaap:InvestmentBankingRevenue,DIRECT,RAW_SF_2024_investment_banking_revenue,DIRECT,Underwriting and advisory revenues.
Stifel Financial Corp.,SF,2024,2024-12-31,dividends_paid,Dividends paid (common + preferred),227.3,USD Millions,SEC_FORM_10K,2025-02-26,0000950170-25-027702,https://www.sec.gov/ix?doc=/Archives/edgar/data/0000720672/000095017025027702/sf-20241231.htm,Item 8,Statements of Cash Flows,Item 7 / Item 8,us-gaap:PaymentsOfDividends,DIRECT,RAW_SF_2024_dividends_paid,DIRECT,Cash dividends paid on common ($190.0M) and preferred ($37.3M).
Stifel Financial Corp.,SF,2024,2024-12-31,share_repurchases,Repurchase of common stock,144.1,USD Millions,SEC_FORM_10K,2025-02-26,0000950170-25-027702,https://www.sec.gov/ix?doc=/Archives/edgar/data/0000720672/000095017025027702/sf-20241231.htm,Item 8,Statements of Cash Flows,Item 7 / Item 8,us-gaap:PaymentsForRepurchaseOfCommonStock,DIRECT,RAW_SF_2024_share_repurchases,DIRECT,Common shares repurchased.
Stifel Financial Corp.,SF,2024,2024-12-31,roe,Return on average common equity,11.8,%,SEC_FORM_10K,2025-02-26,0000950170-25-027702,https://www.sec.gov/ix?doc=/Archives/edgar/data/0000720672/000095017025027702/sf-20241231.htm,Item 7,Financial Highlights,Item 7 / Item 8,,DIRECT,RAW_SF_2024_roe,SUB_PANEL,Reported common equity return.
Stifel Financial Corp.,SF,2024,2024-12-31,rotce_or_rote,Return on tangible common equity (ROTE),16.5,%,SEC_FORM_10K,2025-02-26,0000950170-25-027702,https://www.sec.gov/ix?doc=/Archives/edgar/data/0000720672/000095017025027702/sf-20241231.htm,Item 7,Financial Highlights,Item 7 / Item 8,,DIRECT,RAW_SF_2024_rotce_or_rote,SUB_PANEL,Reported tangible equity return.
Stifel Financial Corp.,SF,2024,2024-12-31,efficiency_or_overhead_ratio,Non-GAAP Efficiency ratio,68.1,%,SEC_FORM_10K,2025-02-26,0000950170-25-027702,https://www.sec.gov/ix?doc=/Archives/edgar/data/0000720672/000095017025027702/sf-20241231.htm,Item 7,Financial Highlights,Item 7 / Item 8,,DIRECT,RAW_SF_2024_efficiency_or_overhead_ratio,SUB_PANEL,Reported efficiency ratio in 10-K Item 7.
Stifel Financial Corp.,SF,2024,2024-12-31,cet1_standardized,Tier 1 Common / CET1 capital ratio,11.4,%,SEC_FORM_10K,2025-02-26,0000950170-25-027702,https://www.sec.gov/ix?doc=/Archives/edgar/data/0000720672/000095017025027702/sf-20241231.htm,Item 7,Capital Resources,Item 7 / Item 8,,DIRECT,RAW_SF_2024_cet1_standardized,SUB_PANEL,Basel III Standardized CET1 ratio.
Stifel Financial Corp.,SF,2024,2024-12-31,tier1_leverage_ratio,Tier 1 leverage ratio,8.9,%,SEC_FORM_10K,2025-02-26,0000950170-25-027702,https://www.sec.gov/ix?doc=/Archives/edgar/data/0000720672/000095017025027702/sf-20241231.htm,Item 7,Capital Resources,Item 7 / Item 8,,DIRECT,RAW_SF_2024_tier1_leverage_ratio,SUB_PANEL,Federal Reserve Tier 1 leverage ratio.
Stifel Financial Corp.,SF,2024,2024-12-31,supplementary_leverage_ratio,N/A (Category IV exempt from SLR),NOT_APPLICABLE,%,SEC_FORM_10K,2025-02-26,0000950170-25-027702,https://www.sec.gov/ix?doc=/Archives/edgar/data/0000720672/000095017025027702/sf-20241231.htm,Item 7,Capital Resources,Item 7 / Item 8,,NOT_APPLICABLE,RAW_SF_2024_supplementary_leverage_ratio,NOT_APPLICABLE,Category IV exempt.
Stifel Financial Corp.,SF,2024,2024-12-31,tangible_common_equity,Tangible common equity,3950.0,USD Millions,SEC_FORM_10K,2025-02-26,0000950170-25-027702,https://www.sec.gov/ix?doc=/Archives/edgar/data/0000720672/000095017025027702/sf-20241231.htm,Item 7,Non-GAAP Measures,Item 7 / Item 8,,DIRECT,RAW_SF_2024_tangible_common_equity,SUB_PANEL,Common equity less goodwill and intangibles.
Stifel Financial Corp.,SF,2024,2024-12-31,technology_or_business_investment,Communications and technology,320.0,USD Millions,SEC_FORM_10K,2025-02-26,0000950170-25-027702,https://www.sec.gov/ix?doc=/Archives/edgar/data/0000720672/000095017025027702/sf-20241231.htm,Item 8,Statements of Operations,Item 7 / Item 8,us-gaap:CommunicationsAndInformationTechnology,DIRECT,RAW_SF_2024_technology_or_business_investment,PARTIAL,Operating technology expense. Supplementary only.
Stifel Financial Corp.,SF,2024,2024-12-31,compensation_expense,Compensation and benefits,3550.0,USD Millions,SEC_FORM_10K,2025-02-26,0000950170-25-027702,https://www.sec.gov/ix?doc=/Archives/edgar/data/0000720672/000095017025027702/sf-20241231.htm,Item 8,Statements of Operations,Item 7 / Item 8,us-gaap:LaborAndRelatedExpenses,DIRECT,RAW_SF_2024_compensation_expense,SUB_PANEL,Total personnel costs.
Stifel Financial Corp.,SF,2024,2024-12-31,cash,Cash and cash equivalents,3100.0,USD Millions,SEC_FORM_10K,2025-02-26,0000950170-25-027702,https://www.sec.gov/ix?doc=/Archives/edgar/data/0000720672/000095017025027702/sf-20241231.htm,Item 8,Statements of Financial Condition,Item 7 / Item 8,us-gaap:CashAndCashEquivalentsAtCarryingValue,DIRECT,RAW_SF_2024_cash,STRUCTURALLY_NON_COMPARABLE,Bank reserves.
Stifel Financial Corp.,SF,2024,2024-12-31,debt,Long-term debt,1500.0,USD Millions,SEC_FORM_10K,2025-02-26,0000950170-25-027702,https://www.sec.gov/ix?doc=/Archives/edgar/data/0000720672/000095017025027702/sf-20241231.htm,Item 8,Statements of Financial Condition,Item 7 / Item 8,us-gaap:LongTermDebtNoncurrent,DIRECT,RAW_SF_2024_debt,STRUCTURALLY_NON_COMPARABLE,Bank funding debt.
Evercore Inc.,EVR,2020,2020-12-31,net_revenue,"Total revenues, net of interest expense",2285.3,USD Millions,SEC_FORM_10K,2021-02-25,0001360901-21-000005,https://www.sec.gov/ix?doc=/Archives/edgar/data/0001360901/000136090121000005/evr-20201231.htm,Item 8,Statements of Operations,Item 7 / Item 8,us-gaap:RevenuesNetOfInterestExpense,DIRECT,RAW_EVR_2020_net_revenue,DIRECT,Total net revenues.
Evercore Inc.,EVR,2020,2020-12-31,investment_banking_revenue,Investment banking,2225.0,USD Millions,SEC_FORM_10K,2021-02-25,0001360901-21-000005,https://www.sec.gov/ix?doc=/Archives/edgar/data/0001360901/000136090121000005/evr-20201231.htm,Item 8,Statements of Operations / Note 19,Item 7 / Item 8,us-gaap:InvestmentBankingRevenue,DIRECT,RAW_EVR_2020_investment_banking_revenue,DIRECT,Advisory and underwriting fees.
Evercore Inc.,EVR,2020,2020-12-31,compensation_expense,Employee compensation and benefits,1475.2,USD Millions,SEC_FORM_10K,2021-02-25,0001360901-21-000005,https://www.sec.gov/ix?doc=/Archives/edgar/data/0001360901/000136090121000005/evr-20201231.htm,Item 8,Statements of Operations,Item 7 / Item 8,us-gaap:LaborAndRelatedExpenses,DIRECT,RAW_EVR_2020_compensation_expense,SUB_PANEL,GAAP compensation expense.
Evercore Inc.,EVR,2020,2020-12-31,compensation_ratio,Compensation ratio,64.5,%,SEC_FORM_10K,2021-02-25,0001360901-21-000005,https://www.sec.gov/ix?doc=/Archives/edgar/data/0001360901/000136090121000005/evr-20201231.htm,Item 7,Results of Operations,Item 7 / Item 8,,DIRECT,RAW_EVR_2020_compensation_ratio,SUB_PANEL,Reported compensation ratio in 10-K Item 7.
Evercore Inc.,EVR,2020,2020-12-31,operating_income,Operating income,444.6,USD Millions,SEC_FORM_10K,2021-02-25,0001360901-21-000005,https://www.sec.gov/ix?doc=/Archives/edgar/data/0001360901/000136090121000005/evr-20201231.htm,Item 8,Statements of Operations,Item 7 / Item 8,us-gaap:OperatingIncomeLoss,DIRECT,RAW_EVR_2020_operating_income,SUB_PANEL,Reported operating income.
Evercore Inc.,EVR,2020,2020-12-31,operating_margin,Operating margin,19.5,%,SEC_FORM_10K,2021-02-25,0001360901-21-000005,https://www.sec.gov/ix?doc=/Archives/edgar/data/0001360901/000136090121000005/evr-20201231.htm,Item 7,Results of Operations (Derived),Item 7 / Item 8,,DERIVED,RAW_EVR_2020_operating_margin,SUB_PANEL,Derived: operating_income / net_revenue * 100.
Evercore Inc.,EVR,2020,2020-12-31,dividends_paid,Dividends and non-controlling interest distributions paid,106.6,USD Millions,SEC_FORM_10K,2021-02-25,0001360901-21-000005,https://www.sec.gov/ix?doc=/Archives/edgar/data/0001360901/000136090121000005/evr-20201231.htm,Item 8,Statements of Cash Flows,Item 7 / Item 8,us-gaap:PaymentsOfDividendsCommonStock,DIRECT,RAW_EVR_2020_dividends_paid,DIRECT,Cash dividends and distributions paid.
Evercore Inc.,EVR,2020,2020-12-31,share_repurchases,Treasury stock acquired and Class A common stock repurchased,146.6,USD Millions,SEC_FORM_10K,2021-02-25,0001360901-21-000005,https://www.sec.gov/ix?doc=/Archives/edgar/data/0001360901/000136090121000005/evr-20201231.htm,Item 8,Statements of Cash Flows,Item 7 / Item 8,us-gaap:PaymentsForRepurchaseOfCommonStock,DIRECT,RAW_EVR_2020_share_repurchases,DIRECT,Common shares repurchased.
Evercore Inc.,EVR,2020,2020-12-31,cash,Cash and cash equivalents,577.8,USD Millions,SEC_FORM_10K,2021-02-25,0001360901-21-000005,https://www.sec.gov/ix?doc=/Archives/edgar/data/0001360901/000136090121000005/evr-20201231.htm,Item 8,Statements of Financial Condition,Item 7 / Item 8,us-gaap:CashAndCashEquivalentsAtCarryingValue,DIRECT,RAW_EVR_2020_cash,SUB_PANEL,Corporate liquidity cushion.
Evercore Inc.,EVR,2020,2020-12-31,debt,Notes payable / Long-term debt (0 reported),0.0,USD Millions,SEC_FORM_10K,2021-02-25,0001360901-21-000005,https://www.sec.gov/ix?doc=/Archives/edgar/data/0001360901/000136090121000005/evr-20201231.htm,Item 8,Statements of Financial Condition,Item 7 / Item 8,us-gaap:LongTermDebtNoncurrent,DIRECT,RAW_EVR_2020_debt,SUB_PANEL,Evercore carries zero funded debt.
Evercore Inc.,EVR,2020,2020-12-31,technology_or_business_investment_if_available,Communications and information services,102.0,USD Millions,SEC_FORM_10K,2021-02-25,0001360901-21-000005,https://www.sec.gov/ix?doc=/Archives/edgar/data/0001360901/000136090121000005/evr-20201231.htm,Item 8,Statements of Operations / Note 16,Item 7 / Item 8,us-gaap:CommunicationsAndInformationTechnology,DIRECT,RAW_EVR_2020_technology_or_business_investment_if_available,PARTIAL,Operating technology expense. Supplementary only.
Evercore Inc.,EVR,2021,2021-12-31,net_revenue,"Total revenues, net of interest expense",3307.1,USD Millions,SEC_FORM_10K,2022-02-24,0001360901-22-000005,https://www.sec.gov/ix?doc=/Archives/edgar/data/0001360901/000136090122000005/evr-20211231.htm,Item 8,Statements of Operations,Item 7 / Item 8,us-gaap:RevenuesNetOfInterestExpense,DIRECT,RAW_EVR_2021_net_revenue,DIRECT,Total net revenues.
Evercore Inc.,EVR,2021,2021-12-31,investment_banking_revenue,Investment banking,3240.0,USD Millions,SEC_FORM_10K,2022-02-24,0001360901-22-000005,https://www.sec.gov/ix?doc=/Archives/edgar/data/0001360901/000136090122000005/evr-20211231.htm,Item 8,Statements of Operations / Note 19,Item 7 / Item 8,us-gaap:InvestmentBankingRevenue,DIRECT,RAW_EVR_2021_investment_banking_revenue,DIRECT,Advisory and underwriting fees.
Evercore Inc.,EVR,2021,2021-12-31,compensation_expense,Employee compensation and benefits,2008.7,USD Millions,SEC_FORM_10K,2022-02-24,0001360901-22-000005,https://www.sec.gov/ix?doc=/Archives/edgar/data/0001360901/000136090122000005/evr-20211231.htm,Item 8,Statements of Operations,Item 7 / Item 8,us-gaap:LaborAndRelatedExpenses,DIRECT,RAW_EVR_2021_compensation_expense,SUB_PANEL,GAAP compensation expense.
Evercore Inc.,EVR,2021,2021-12-31,compensation_ratio,Compensation ratio,60.7,%,SEC_FORM_10K,2022-02-24,0001360901-22-000005,https://www.sec.gov/ix?doc=/Archives/edgar/data/0001360901/000136090122000005/evr-20211231.htm,Item 7,Results of Operations,Item 7 / Item 8,,DIRECT,RAW_EVR_2021_compensation_ratio,SUB_PANEL,Reported compensation ratio in 10-K Item 7.
Evercore Inc.,EVR,2021,2021-12-31,operating_income,Operating income,923.6,USD Millions,SEC_FORM_10K,2022-02-24,0001360901-22-000005,https://www.sec.gov/ix?doc=/Archives/edgar/data/0001360901/000136090122000005/evr-20211231.htm,Item 8,Statements of Operations,Item 7 / Item 8,us-gaap:OperatingIncomeLoss,DIRECT,RAW_EVR_2021_operating_income,SUB_PANEL,Reported operating income.
Evercore Inc.,EVR,2021,2021-12-31,operating_margin,Operating margin,27.9,%,SEC_FORM_10K,2022-02-24,0001360901-22-000005,https://www.sec.gov/ix?doc=/Archives/edgar/data/0001360901/000136090122000005/evr-20211231.htm,Item 7,Results of Operations (Derived),Item 7 / Item 8,,DERIVED,RAW_EVR_2021_operating_margin,SUB_PANEL,Derived: operating_income / net_revenue * 100.
Evercore Inc.,EVR,2021,2021-12-31,dividends_paid,Dividends and non-controlling interest distributions paid,118.8,USD Millions,SEC_FORM_10K,2022-02-24,0001360901-22-000005,https://www.sec.gov/ix?doc=/Archives/edgar/data/0001360901/000136090122000005/evr-20211231.htm,Item 8,Statements of Cash Flows,Item 7 / Item 8,us-gaap:PaymentsOfDividendsCommonStock,DIRECT,RAW_EVR_2021_dividends_paid,DIRECT,Cash dividends and distributions paid.
Evercore Inc.,EVR,2021,2021-12-31,share_repurchases,Treasury stock acquired and Class A common stock repurchased,720.7,USD Millions,SEC_FORM_10K,2022-02-24,0001360901-22-000005,https://www.sec.gov/ix?doc=/Archives/edgar/data/0001360901/000136090122000005/evr-20211231.htm,Item 8,Statements of Cash Flows,Item 7 / Item 8,us-gaap:PaymentsForRepurchaseOfCommonStock,DIRECT,RAW_EVR_2021_share_repurchases,DIRECT,Common shares repurchased.
Evercore Inc.,EVR,2021,2021-12-31,cash,Cash and cash equivalents,590.2,USD Millions,SEC_FORM_10K,2022-02-24,0001360901-22-000005,https://www.sec.gov/ix?doc=/Archives/edgar/data/0001360901/000136090122000005/evr-20211231.htm,Item 8,Statements of Financial Condition,Item 7 / Item 8,us-gaap:CashAndCashEquivalentsAtCarryingValue,DIRECT,RAW_EVR_2021_cash,SUB_PANEL,Corporate liquidity cushion.
Evercore Inc.,EVR,2021,2021-12-31,debt,Notes payable / Long-term debt (0 reported),0.0,USD Millions,SEC_FORM_10K,2022-02-24,0001360901-22-000005,https://www.sec.gov/ix?doc=/Archives/edgar/data/0001360901/000136090122000005/evr-20211231.htm,Item 8,Statements of Financial Condition,Item 7 / Item 8,us-gaap:LongTermDebtNoncurrent,DIRECT,RAW_EVR_2021_debt,SUB_PANEL,Evercore carries zero funded debt.
Evercore Inc.,EVR,2021,2021-12-31,technology_or_business_investment_if_available,Communications and information services,115.0,USD Millions,SEC_FORM_10K,2022-02-24,0001360901-22-000005,https://www.sec.gov/ix?doc=/Archives/edgar/data/0001360901/000136090122000005/evr-20211231.htm,Item 8,Statements of Operations / Note 16,Item 7 / Item 8,us-gaap:CommunicationsAndInformationTechnology,DIRECT,RAW_EVR_2021_technology_or_business_investment_if_available,PARTIAL,Operating technology expense. Supplementary only.
Evercore Inc.,EVR,2022,2022-12-31,net_revenue,"Total revenues, net of interest expense",2778.9,USD Millions,SEC_FORM_10K,2023-02-24,0001360901-23-000005,https://www.sec.gov/ix?doc=/Archives/edgar/data/0001360901/000136090123000005/evr-20221231.htm,Item 8,Statements of Operations,Item 7 / Item 8,us-gaap:RevenuesNetOfInterestExpense,DIRECT,RAW_EVR_2022_net_revenue,DIRECT,Total net revenues.
Evercore Inc.,EVR,2022,2022-12-31,investment_banking_revenue,Investment banking,2710.0,USD Millions,SEC_FORM_10K,2023-02-24,0001360901-23-000005,https://www.sec.gov/ix?doc=/Archives/edgar/data/0001360901/000136090123000005/evr-20221231.htm,Item 8,Statements of Operations / Note 19,Item 7 / Item 8,us-gaap:InvestmentBankingRevenue,DIRECT,RAW_EVR_2022_investment_banking_revenue,DIRECT,Advisory and underwriting fees.
Evercore Inc.,EVR,2022,2022-12-31,compensation_expense,Employee compensation and benefits,1671.5,USD Millions,SEC_FORM_10K,2023-02-24,0001360901-23-000005,https://www.sec.gov/ix?doc=/Archives/edgar/data/0001360901/000136090123000005/evr-20221231.htm,Item 8,Statements of Operations,Item 7 / Item 8,us-gaap:LaborAndRelatedExpenses,DIRECT,RAW_EVR_2022_compensation_expense,SUB_PANEL,GAAP compensation expense.
Evercore Inc.,EVR,2022,2022-12-31,compensation_ratio,Compensation ratio,60.1,%,SEC_FORM_10K,2023-02-24,0001360901-23-000005,https://www.sec.gov/ix?doc=/Archives/edgar/data/0001360901/000136090123000005/evr-20221231.htm,Item 7,Results of Operations,Item 7 / Item 8,,DIRECT,RAW_EVR_2022_compensation_ratio,SUB_PANEL,Reported compensation ratio in 10-K Item 7.
Evercore Inc.,EVR,2022,2022-12-31,operating_income,Operating income,701.3,USD Millions,SEC_FORM_10K,2023-02-24,0001360901-23-000005,https://www.sec.gov/ix?doc=/Archives/edgar/data/0001360901/000136090123000005/evr-20221231.htm,Item 8,Statements of Operations,Item 7 / Item 8,us-gaap:OperatingIncomeLoss,DIRECT,RAW_EVR_2022_operating_income,SUB_PANEL,Reported operating income.
Evercore Inc.,EVR,2022,2022-12-31,operating_margin,Operating margin,25.2,%,SEC_FORM_10K,2023-02-24,0001360901-23-000005,https://www.sec.gov/ix?doc=/Archives/edgar/data/0001360901/000136090123000005/evr-20221231.htm,Item 7,Results of Operations (Derived),Item 7 / Item 8,,DERIVED,RAW_EVR_2022_operating_margin,SUB_PANEL,Derived: operating_income / net_revenue * 100.
Evercore Inc.,EVR,2022,2022-12-31,dividends_paid,Dividends and non-controlling interest distributions paid,127.3,USD Millions,SEC_FORM_10K,2023-02-24,0001360901-23-000005,https://www.sec.gov/ix?doc=/Archives/edgar/data/0001360901/000136090123000005/evr-20221231.htm,Item 8,Statements of Cash Flows,Item 7 / Item 8,us-gaap:PaymentsOfDividendsCommonStock,DIRECT,RAW_EVR_2022_dividends_paid,DIRECT,Cash dividends and distributions paid.
Evercore Inc.,EVR,2022,2022-12-31,share_repurchases,Treasury stock acquired and Class A common stock repurchased,520.5,USD Millions,SEC_FORM_10K,2023-02-24,0001360901-23-000005,https://www.sec.gov/ix?doc=/Archives/edgar/data/0001360901/000136090123000005/evr-20221231.htm,Item 8,Statements of Cash Flows,Item 7 / Item 8,us-gaap:PaymentsForRepurchaseOfCommonStock,DIRECT,RAW_EVR_2022_share_repurchases,DIRECT,Common shares repurchased.
Evercore Inc.,EVR,2022,2022-12-31,cash,Cash and cash equivalents,588.6,USD Millions,SEC_FORM_10K,2023-02-24,0001360901-23-000005,https://www.sec.gov/ix?doc=/Archives/edgar/data/0001360901/000136090123000005/evr-20221231.htm,Item 8,Statements of Financial Condition,Item 7 / Item 8,us-gaap:CashAndCashEquivalentsAtCarryingValue,DIRECT,RAW_EVR_2022_cash,SUB_PANEL,Corporate liquidity cushion.
Evercore Inc.,EVR,2022,2022-12-31,debt,Notes payable / Long-term debt (0 reported),0.0,USD Millions,SEC_FORM_10K,2023-02-24,0001360901-23-000005,https://www.sec.gov/ix?doc=/Archives/edgar/data/0001360901/000136090123000005/evr-20221231.htm,Item 8,Statements of Financial Condition,Item 7 / Item 8,us-gaap:LongTermDebtNoncurrent,DIRECT,RAW_EVR_2022_debt,SUB_PANEL,Evercore carries zero funded debt.
Evercore Inc.,EVR,2022,2022-12-31,technology_or_business_investment_if_available,Communications and information services,128.0,USD Millions,SEC_FORM_10K,2023-02-24,0001360901-23-000005,https://www.sec.gov/ix?doc=/Archives/edgar/data/0001360901/000136090123000005/evr-20221231.htm,Item 8,Statements of Operations / Note 16,Item 7 / Item 8,us-gaap:CommunicationsAndInformationTechnology,DIRECT,RAW_EVR_2022_technology_or_business_investment_if_available,PARTIAL,Operating technology expense. Supplementary only.
Evercore Inc.,EVR,2023,2023-12-31,net_revenue,"Total revenues, net of interest expense",2442.7,USD Millions,SEC_FORM_10K,2024-02-22,0001360901-24-000007,https://www.sec.gov/ix?doc=/Archives/edgar/data/0001360901/000136090124000007/evr-20231231.htm,Item 8,Statements of Operations,Item 7 / Item 8,us-gaap:RevenuesNetOfInterestExpense,DIRECT,RAW_EVR_2023_net_revenue,DIRECT,Total net revenues.
Evercore Inc.,EVR,2023,2023-12-31,investment_banking_revenue,Investment banking,2375.0,USD Millions,SEC_FORM_10K,2024-02-22,0001360901-24-000007,https://www.sec.gov/ix?doc=/Archives/edgar/data/0001360901/000136090124000007/evr-20231231.htm,Item 8,Statements of Operations / Note 19,Item 7 / Item 8,us-gaap:InvestmentBankingRevenue,DIRECT,RAW_EVR_2023_investment_banking_revenue,DIRECT,Advisory and underwriting fees.
Evercore Inc.,EVR,2023,2023-12-31,compensation_expense,Employee compensation and benefits,1612.2,USD Millions,SEC_FORM_10K,2024-02-22,0001360901-24-000007,https://www.sec.gov/ix?doc=/Archives/edgar/data/0001360901/000136090124000007/evr-20231231.htm,Item 8,Statements of Operations,Item 7 / Item 8,us-gaap:LaborAndRelatedExpenses,DIRECT,RAW_EVR_2023_compensation_expense,SUB_PANEL,GAAP compensation expense.
Evercore Inc.,EVR,2023,2023-12-31,compensation_ratio,Compensation ratio,66.0,%,SEC_FORM_10K,2024-02-22,0001360901-24-000007,https://www.sec.gov/ix?doc=/Archives/edgar/data/0001360901/000136090124000007/evr-20231231.htm,Item 7,Results of Operations,Item 7 / Item 8,,DIRECT,RAW_EVR_2023_compensation_ratio,SUB_PANEL,Reported compensation ratio in 10-K Item 7 Results of Operations.
Evercore Inc.,EVR,2023,2023-12-31,operating_income,Operating income,366.4,USD Millions,SEC_FORM_10K,2024-02-22,0001360901-24-000007,https://www.sec.gov/ix?doc=/Archives/edgar/data/0001360901/000136090124000007/evr-20231231.htm,Item 8,Statements of Operations,Item 7 / Item 8,us-gaap:OperatingIncomeLoss,DIRECT,RAW_EVR_2023_operating_income,SUB_PANEL,Reported operating income.
Evercore Inc.,EVR,2023,2023-12-31,operating_margin,Operating margin,15.0,%,SEC_FORM_10K,2024-02-22,0001360901-24-000007,https://www.sec.gov/ix?doc=/Archives/edgar/data/0001360901/000136090124000007/evr-20231231.htm,Item 7,Results of Operations (Derived),Item 7 / Item 8,,DERIVED,RAW_EVR_2023_operating_margin,SUB_PANEL,Derived: operating_income / net_revenue * 100.
Evercore Inc.,EVR,2023,2023-12-31,dividends_paid,Dividends and non-controlling interest distributions paid,127.9,USD Millions,SEC_FORM_10K,2024-02-22,0001360901-24-000007,https://www.sec.gov/ix?doc=/Archives/edgar/data/0001360901/000136090124000007/evr-20231231.htm,Item 8,Statements of Cash Flows,Item 7 / Item 8,us-gaap:PaymentsOfDividendsCommonStock,DIRECT,RAW_EVR_2023_dividends_paid,DIRECT,Cash dividends and distributions paid.
Evercore Inc.,EVR,2023,2023-12-31,share_repurchases,Treasury stock acquired and Class A common stock repurchased,387.3,USD Millions,SEC_FORM_10K,2024-02-22,0001360901-24-000007,https://www.sec.gov/ix?doc=/Archives/edgar/data/0001360901/000136090124000007/evr-20231231.htm,Item 8,Statements of Cash Flows,Item 7 / Item 8,us-gaap:PaymentsForRepurchaseOfCommonStock,DIRECT,RAW_EVR_2023_share_repurchases,DIRECT,Common shares repurchased.
Evercore Inc.,EVR,2023,2023-12-31,cash,Cash and cash equivalents,596.1,USD Millions,SEC_FORM_10K,2024-02-22,0001360901-24-000007,https://www.sec.gov/ix?doc=/Archives/edgar/data/0001360901/000136090124000007/evr-20231231.htm,Item 8,Statements of Financial Condition,Item 7 / Item 8,us-gaap:CashAndCashEquivalentsAtCarryingValue,DIRECT,RAW_EVR_2023_cash,SUB_PANEL,Corporate liquidity cushion.
Evercore Inc.,EVR,2023,2023-12-31,debt,Notes payable / Long-term debt (0 reported),0.0,USD Millions,SEC_FORM_10K,2024-02-22,0001360901-24-000007,https://www.sec.gov/ix?doc=/Archives/edgar/data/0001360901/000136090124000007/evr-20231231.htm,Item 8,Statements of Financial Condition,Item 7 / Item 8,us-gaap:LongTermDebtNoncurrent,DIRECT,RAW_EVR_2023_debt,SUB_PANEL,Evercore carries zero funded debt.
Evercore Inc.,EVR,2023,2023-12-31,technology_or_business_investment_if_available,Communications and information services,135.0,USD Millions,SEC_FORM_10K,2024-02-22,0001360901-24-000007,https://www.sec.gov/ix?doc=/Archives/edgar/data/0001360901/000136090124000007/evr-20231231.htm,Item 8,Statements of Operations / Note 16,Item 7 / Item 8,us-gaap:CommunicationsAndInformationTechnology,DIRECT,RAW_EVR_2023_technology_or_business_investment_if_available,PARTIAL,Operating technology expense. Supplementary only.
Evercore Inc.,EVR,2024,2024-12-31,net_revenue,"Total revenues, net of interest expense",2996.4,USD Millions,SEC_FORM_10K,2025-02-21,0001360901-25-000005,https://www.sec.gov/ix?doc=/Archives/edgar/data/0001360901/000136090125000005/evr-20241231.htm,Item 8,Statements of Operations,Item 7 / Item 8,us-gaap:RevenuesNetOfInterestExpense,DIRECT,RAW_EVR_2024_net_revenue,DIRECT,Total net revenues.
Evercore Inc.,EVR,2024,2024-12-31,investment_banking_revenue,Investment banking,2920.0,USD Millions,SEC_FORM_10K,2025-02-21,0001360901-25-000005,https://www.sec.gov/ix?doc=/Archives/edgar/data/0001360901/000136090125000005/evr-20241231.htm,Item 8,Statements of Operations / Note 19,Item 7 / Item 8,us-gaap:InvestmentBankingRevenue,DIRECT,RAW_EVR_2024_investment_banking_revenue,DIRECT,Advisory and underwriting fees.
Evercore Inc.,EVR,2024,2024-12-31,compensation_expense,Employee compensation and benefits,1977.7,USD Millions,SEC_FORM_10K,2025-02-21,0001360901-25-000005,https://www.sec.gov/ix?doc=/Archives/edgar/data/0001360901/000136090125000005/evr-20241231.htm,Item 8,Statements of Operations,Item 7 / Item 8,us-gaap:LaborAndRelatedExpenses,DIRECT,RAW_EVR_2024_compensation_expense,SUB_PANEL,GAAP compensation expense.
Evercore Inc.,EVR,2024,2024-12-31,compensation_ratio,Compensation ratio,66.0,%,SEC_FORM_10K,2025-02-21,0001360901-25-000005,https://www.sec.gov/ix?doc=/Archives/edgar/data/0001360901/000136090125000005/evr-20241231.htm,Item 7,Results of Operations,Item 7 / Item 8,,DIRECT,RAW_EVR_2024_compensation_ratio,SUB_PANEL,Reported compensation ratio in 10-K Item 7.
Evercore Inc.,EVR,2024,2024-12-31,operating_income,Operating income,495.2,USD Millions,SEC_FORM_10K,2025-02-21,0001360901-25-000005,https://www.sec.gov/ix?doc=/Archives/edgar/data/0001360901/000136090125000005/evr-20241231.htm,Item 8,Statements of Operations,Item 7 / Item 8,us-gaap:OperatingIncomeLoss,DIRECT,RAW_EVR_2024_operating_income,SUB_PANEL,Reported operating income.
Evercore Inc.,EVR,2024,2024-12-31,operating_margin,Operating margin,16.5,%,SEC_FORM_10K,2025-02-21,0001360901-25-000005,https://www.sec.gov/ix?doc=/Archives/edgar/data/0001360901/000136090125000005/evr-20241231.htm,Item 7,Results of Operations (Derived),Item 7 / Item 8,,DERIVED,RAW_EVR_2024_operating_margin,SUB_PANEL,Derived: operating_income / net_revenue * 100.
Evercore Inc.,EVR,2024,2024-12-31,dividends_paid,Dividends and non-controlling interest distributions paid,135.8,USD Millions,SEC_FORM_10K,2025-02-21,0001360901-25-000005,https://www.sec.gov/ix?doc=/Archives/edgar/data/0001360901/000136090125000005/evr-20241231.htm,Item 8,Statements of Cash Flows,Item 7 / Item 8,us-gaap:PaymentsOfDividendsCommonStock,DIRECT,RAW_EVR_2024_dividends_paid,DIRECT,Cash dividends and distributions paid.
Evercore Inc.,EVR,2024,2024-12-31,share_repurchases,Treasury stock acquired and Class A common stock repurchased,448.2,USD Millions,SEC_FORM_10K,2025-02-21,0001360901-25-000005,https://www.sec.gov/ix?doc=/Archives/edgar/data/0001360901/000136090125000005/evr-20241231.htm,Item 8,Statements of Cash Flows,Item 7 / Item 8,us-gaap:PaymentsForRepurchaseOfCommonStock,DIRECT,RAW_EVR_2024_share_repurchases,DIRECT,Common shares repurchased.
Evercore Inc.,EVR,2024,2024-12-31,cash,Cash and cash equivalents,687.4,USD Millions,SEC_FORM_10K,2025-02-21,0001360901-25-000005,https://www.sec.gov/ix?doc=/Archives/edgar/data/0001360901/000136090125000005/evr-20241231.htm,Item 8,Statements of Financial Condition,Item 7 / Item 8,us-gaap:CashAndCashEquivalentsAtCarryingValue,DIRECT,RAW_EVR_2024_cash,SUB_PANEL,Corporate liquidity cushion.
Evercore Inc.,EVR,2024,2024-12-31,debt,Notes payable / Long-term debt (0 reported),0.0,USD Millions,SEC_FORM_10K,2025-02-21,0001360901-25-000005,https://www.sec.gov/ix?doc=/Archives/edgar/data/0001360901/000136090125000005/evr-20241231.htm,Item 8,Statements of Financial Condition,Item 7 / Item 8,us-gaap:LongTermDebtNoncurrent,DIRECT,RAW_EVR_2024_debt,SUB_PANEL,Evercore carries zero funded debt.
Evercore Inc.,EVR,2024,2024-12-31,technology_or_business_investment_if_available,Communications and information services,145.0,USD Millions,SEC_FORM_10K,2025-02-21,0001360901-25-000005,https://www.sec.gov/ix?doc=/Archives/edgar/data/0001360901/000136090125000005/evr-20241231.htm,Item 8,Statements of Operations / Note 16,Item 7 / Item 8,us-gaap:CommunicationsAndInformationTechnology,DIRECT,RAW_EVR_2024_technology_or_business_investment_if_available,PARTIAL,Operating technology expense. Supplementary only.
"Lazard, Inc.",LAZ,2020,2020-12-31,net_revenue,Net revenue,2646.8,USD Millions,SEC_FORM_10K,2021-02-26,0001564590-21-009197,https://www.sec.gov/ix?doc=/Archives/edgar/data/0001311370/000156459021009197/laz-10k_20201231.htm,Item 8,Statements of Operations,Item 7 / Item 8,us-gaap:RevenuesNetOfInterestExpense,DIRECT,RAW_LAZ_2020_net_revenue,DIRECT,Total net revenue.
"Lazard, Inc.",LAZ,2020,2020-12-31,investment_banking_revenue,Financial advisory,1404.0,USD Millions,SEC_FORM_10K,2021-02-26,0001564590-21-009197,https://www.sec.gov/ix?doc=/Archives/edgar/data/0001311370/000156459021009197/laz-10k_20201231.htm,Item 8,Statements of Operations / Segment Disclosures,Item 7 / Item 8,us-gaap:InvestmentAdvisoryFees,DIRECT,RAW_LAZ_2020_investment_banking_revenue,DIRECT,Financial advisory fees.
"Lazard, Inc.",LAZ,2020,2020-12-31,compensation_expense,Compensation and benefits,1732.1,USD Millions,SEC_FORM_10K,2021-02-26,0001564590-21-009197,https://www.sec.gov/ix?doc=/Archives/edgar/data/0001311370/000156459021009197/laz-10k_20201231.htm,Item 8,Statements of Operations,Item 7 / Item 8,us-gaap:LaborAndRelatedExpenses,DIRECT,RAW_LAZ_2020_compensation_expense,SUB_PANEL,GAAP compensation expense.
"Lazard, Inc.",LAZ,2020,2020-12-31,compensation_ratio,Compensation ratio,61.3,%,SEC_FORM_10K,2021-02-26,0001564590-21-009197,https://www.sec.gov/ix?doc=/Archives/edgar/data/0001311370/000156459021009197/laz-10k_20201231.htm,Item 7,Results of Operations,Item 7 / Item 8,,DIRECT,RAW_LAZ_2020_compensation_ratio,SUB_PANEL,Reported compensation ratio in 10-K Item 7.
"Lazard, Inc.",LAZ,2020,2020-12-31,operating_income,Operating income,485.4,USD Millions,SEC_FORM_10K,2021-02-26,0001564590-21-009197,https://www.sec.gov/ix?doc=/Archives/edgar/data/0001311370/000156459021009197/laz-10k_20201231.htm,Item 8,Statements of Operations,Item 7 / Item 8,us-gaap:OperatingIncomeLoss,DIRECT,RAW_LAZ_2020_operating_income,SUB_PANEL,Reported operating income.
"Lazard, Inc.",LAZ,2020,2020-12-31,operating_margin,Operating margin,18.3,%,SEC_FORM_10K,2021-02-26,0001564590-21-009197,https://www.sec.gov/ix?doc=/Archives/edgar/data/0001311370/000156459021009197/laz-10k_20201231.htm,Item 7,Results of Operations (Derived),Item 7 / Item 8,,DERIVED,RAW_LAZ_2020_operating_margin,SUB_PANEL,Derived: operating_income / net_revenue * 100.
"Lazard, Inc.",LAZ,2020,2020-12-31,dividends_paid,Dividends paid,196.6,USD Millions,SEC_FORM_10K,2021-02-26,0001564590-21-009197,https://www.sec.gov/ix?doc=/Archives/edgar/data/0001311370/000156459021009197/laz-10k_20201231.htm,Item 8,Statements of Cash Flows,Item 7 / Item 8,us-gaap:PaymentsOfDividendsCommonStock,DIRECT,RAW_LAZ_2020_dividends_paid,DIRECT,Common cash dividends paid.
"Lazard, Inc.",LAZ,2020,2020-12-31,share_repurchases,Repurchases of Class A common stock,95.2,USD Millions,SEC_FORM_10K,2021-02-26,0001564590-21-009197,https://www.sec.gov/ix?doc=/Archives/edgar/data/0001311370/000156459021009197/laz-10k_20201231.htm,Item 8,Statements of Cash Flows,Item 7 / Item 8,us-gaap:PaymentsForRepurchaseOfCommonStock,DIRECT,RAW_LAZ_2020_share_repurchases,DIRECT,Common shares repurchased.
"Lazard, Inc.",LAZ,2020,2020-12-31,cash,Cash and cash equivalents,1349.5,USD Millions,SEC_FORM_10K,2021-02-26,0001564590-21-009197,https://www.sec.gov/ix?doc=/Archives/edgar/data/0001311370/000156459021009197/laz-10k_20201231.htm,Item 8,Statements of Financial Condition,Item 7 / Item 8,us-gaap:CashAndCashEquivalentsAtCarryingValue,DIRECT,RAW_LAZ_2020_cash,SUB_PANEL,Corporate liquidity cushion.
"Lazard, Inc.",LAZ,2020,2020-12-31,debt,Senior notes,1691.0,USD Millions,SEC_FORM_10K,2021-02-26,0001564590-21-009197,https://www.sec.gov/ix?doc=/Archives/edgar/data/0001311370/000156459021009197/laz-10k_20201231.htm,Item 8,Statements of Financial Condition,Item 7 / Item 8,us-gaap:LongTermDebtNoncurrent,DIRECT,RAW_LAZ_2020_debt,SUB_PANEL,Carrying value of long-term senior notes.
"Lazard, Inc.",LAZ,2020,2020-12-31,technology_or_business_investment_if_available,Information technology and market data,135.0,USD Millions,SEC_FORM_10K,2021-02-26,0001564590-21-009197,https://www.sec.gov/ix?doc=/Archives/edgar/data/0001311370/000156459021009197/laz-10k_20201231.htm,Item 8,Statements of Operations / Note 14,Item 7 / Item 8,us-gaap:CommunicationsAndInformationTechnology,DIRECT,RAW_LAZ_2020_technology_or_business_investment_if_available,PARTIAL,Operating technology expense. Supplementary only.
"Lazard, Inc.",LAZ,2021,2021-12-31,net_revenue,Net revenue,3273.8,USD Millions,SEC_FORM_10K,2022-02-28,0001564590-22-007675,https://www.sec.gov/ix?doc=/Archives/edgar/data/0001311370/000156459022007675/laz-10k_20211231.htm,Item 8,Statements of Operations,Item 7 / Item 8,us-gaap:RevenuesNetOfInterestExpense,DIRECT,RAW_LAZ_2021_net_revenue,DIRECT,Total net revenue.
"Lazard, Inc.",LAZ,2021,2021-12-31,investment_banking_revenue,Financial advisory,1927.0,USD Millions,SEC_FORM_10K,2022-02-28,0001564590-22-007675,https://www.sec.gov/ix?doc=/Archives/edgar/data/0001311370/000156459022007675/laz-10k_20211231.htm,Item 8,Statements of Operations / Segment Disclosures,Item 7 / Item 8,us-gaap:InvestmentAdvisoryFees,DIRECT,RAW_LAZ_2021_investment_banking_revenue,DIRECT,Financial advisory fees.
"Lazard, Inc.",LAZ,2021,2021-12-31,compensation_expense,Compensation and benefits,2001.2,USD Millions,SEC_FORM_10K,2022-02-28,0001564590-22-007675,https://www.sec.gov/ix?doc=/Archives/edgar/data/0001311370/000156459022007675/laz-10k_20211231.htm,Item 8,Statements of Operations,Item 7 / Item 8,us-gaap:LaborAndRelatedExpenses,DIRECT,RAW_LAZ_2021_compensation_expense,SUB_PANEL,GAAP compensation expense.
"Lazard, Inc.",LAZ,2021,2021-12-31,compensation_ratio,Compensation ratio,61.1,%,SEC_FORM_10K,2022-02-28,0001564590-22-007675,https://www.sec.gov/ix?doc=/Archives/edgar/data/0001311370/000156459022007675/laz-10k_20211231.htm,Item 7,Results of Operations,Item 7 / Item 8,,DIRECT,RAW_LAZ_2021_compensation_ratio,SUB_PANEL,Reported compensation ratio in 10-K Item 7.
"Lazard, Inc.",LAZ,2021,2021-12-31,operating_income,Operating income,656.7,USD Millions,SEC_FORM_10K,2022-02-28,0001564590-22-007675,https://www.sec.gov/ix?doc=/Archives/edgar/data/0001311370/000156459022007675/laz-10k_20211231.htm,Item 8,Statements of Operations,Item 7 / Item 8,us-gaap:OperatingIncomeLoss,DIRECT,RAW_LAZ_2021_operating_income,SUB_PANEL,Reported operating income.
"Lazard, Inc.",LAZ,2021,2021-12-31,operating_margin,Operating margin,20.1,%,SEC_FORM_10K,2022-02-28,0001564590-22-007675,https://www.sec.gov/ix?doc=/Archives/edgar/data/0001311370/000156459022007675/laz-10k_20211231.htm,Item 7,Results of Operations (Derived),Item 7 / Item 8,,DERIVED,RAW_LAZ_2021_operating_margin,SUB_PANEL,Derived: operating_income / net_revenue * 100.
"Lazard, Inc.",LAZ,2021,2021-12-31,dividends_paid,Dividends paid,195.9,USD Millions,SEC_FORM_10K,2022-02-28,0001564590-22-007675,https://www.sec.gov/ix?doc=/Archives/edgar/data/0001311370/000156459022007675/laz-10k_20211231.htm,Item 8,Statements of Cash Flows,Item 7 / Item 8,us-gaap:PaymentsOfDividendsCommonStock,DIRECT,RAW_LAZ_2021_dividends_paid,DIRECT,Common cash dividends paid.
"Lazard, Inc.",LAZ,2021,2021-12-31,share_repurchases,Repurchases of Class A common stock,406.1,USD Millions,SEC_FORM_10K,2022-02-28,0001564590-22-007675,https://www.sec.gov/ix?doc=/Archives/edgar/data/0001311370/000156459022007675/laz-10k_20211231.htm,Item 8,Statements of Cash Flows,Item 7 / Item 8,us-gaap:PaymentsForRepurchaseOfCommonStock,DIRECT,RAW_LAZ_2021_share_repurchases,DIRECT,Common shares repurchased.
"Lazard, Inc.",LAZ,2021,2021-12-31,cash,Cash and cash equivalents,1476.3,USD Millions,SEC_FORM_10K,2022-02-28,0001564590-22-007675,https://www.sec.gov/ix?doc=/Archives/edgar/data/0001311370/000156459022007675/laz-10k_20211231.htm,Item 8,Statements of Financial Condition,Item 7 / Item 8,us-gaap:CashAndCashEquivalentsAtCarryingValue,DIRECT,RAW_LAZ_2021_cash,SUB_PANEL,Corporate liquidity cushion.
"Lazard, Inc.",LAZ,2021,2021-12-31,debt,Senior notes,1686.0,USD Millions,SEC_FORM_10K,2022-02-28,0001564590-22-007675,https://www.sec.gov/ix?doc=/Archives/edgar/data/0001311370/000156459022007675/laz-10k_20211231.htm,Item 8,Statements of Financial Condition,Item 7 / Item 8,us-gaap:LongTermDebtNoncurrent,DIRECT,RAW_LAZ_2021_debt,SUB_PANEL,Carrying value of long-term senior notes.
"Lazard, Inc.",LAZ,2021,2021-12-31,technology_or_business_investment_if_available,Information technology and market data,148.0,USD Millions,SEC_FORM_10K,2022-02-28,0001564590-22-007675,https://www.sec.gov/ix?doc=/Archives/edgar/data/0001311370/000156459022007675/laz-10k_20211231.htm,Item 8,Statements of Operations / Note 14,Item 7 / Item 8,us-gaap:CommunicationsAndInformationTechnology,DIRECT,RAW_LAZ_2021_technology_or_business_investment_if_available,PARTIAL,Operating technology expense. Supplementary only.
"Lazard, Inc.",LAZ,2022,2022-12-31,net_revenue,Net revenue,2855.1,USD Millions,SEC_FORM_10K,2023-02-23,0001564590-23-002334,https://www.sec.gov/ix?doc=/Archives/edgar/data/0001311370/000156459023002334/laz-10k_20221231.htm,Item 8,Statements of Operations,Item 7 / Item 8,us-gaap:RevenuesNetOfInterestExpense,DIRECT,RAW_LAZ_2022_net_revenue,DIRECT,Total net revenue.
"Lazard, Inc.",LAZ,2022,2022-12-31,investment_banking_revenue,Financial advisory,1685.0,USD Millions,SEC_FORM_10K,2023-02-23,0001564590-23-002334,https://www.sec.gov/ix?doc=/Archives/edgar/data/0001311370/000156459023002334/laz-10k_20221231.htm,Item 8,Statements of Operations / Segment Disclosures,Item 7 / Item 8,us-gaap:InvestmentAdvisoryFees,DIRECT,RAW_LAZ_2022_investment_banking_revenue,DIRECT,Financial advisory fees.
"Lazard, Inc.",LAZ,2022,2022-12-31,compensation_expense,Compensation and benefits,1745.3,USD Millions,SEC_FORM_10K,2023-02-23,0001564590-23-002334,https://www.sec.gov/ix?doc=/Archives/edgar/data/0001311370/000156459023002334/laz-10k_20221231.htm,Item 8,Statements of Operations,Item 7 / Item 8,us-gaap:LaborAndRelatedExpenses,DIRECT,RAW_LAZ_2022_compensation_expense,SUB_PANEL,GAAP compensation expense.
"Lazard, Inc.",LAZ,2022,2022-12-31,compensation_ratio,Compensation ratio,61.1,%,SEC_FORM_10K,2023-02-23,0001564590-23-002334,https://www.sec.gov/ix?doc=/Archives/edgar/data/0001311370/000156459023002334/laz-10k_20221231.htm,Item 7,Results of Operations,Item 7 / Item 8,,DIRECT,RAW_LAZ_2022_compensation_ratio,SUB_PANEL,Reported compensation ratio in 10-K Item 7.
"Lazard, Inc.",LAZ,2022,2022-12-31,operating_income,Operating income,474.3,USD Millions,SEC_FORM_10K,2023-02-23,0001564590-23-002334,https://www.sec.gov/ix?doc=/Archives/edgar/data/0001311370/000156459023002334/laz-10k_20221231.htm,Item 8,Statements of Operations,Item 7 / Item 8,us-gaap:OperatingIncomeLoss,DIRECT,RAW_LAZ_2022_operating_income,SUB_PANEL,Reported operating income.
"Lazard, Inc.",LAZ,2022,2022-12-31,operating_margin,Operating margin,16.6,%,SEC_FORM_10K,2023-02-23,0001564590-23-002334,https://www.sec.gov/ix?doc=/Archives/edgar/data/0001311370/000156459023002334/laz-10k_20221231.htm,Item 7,Results of Operations (Derived),Item 7 / Item 8,,DERIVED,RAW_LAZ_2022_operating_margin,SUB_PANEL,Derived: operating_income / net_revenue * 100.
"Lazard, Inc.",LAZ,2022,2022-12-31,dividends_paid,Dividends paid,181.9,USD Millions,SEC_FORM_10K,2023-02-23,0001564590-23-002334,https://www.sec.gov/ix?doc=/Archives/edgar/data/0001311370/000156459023002334/laz-10k_20221231.htm,Item 8,Statements of Cash Flows,Item 7 / Item 8,us-gaap:PaymentsOfDividendsCommonStock,DIRECT,RAW_LAZ_2022_dividends_paid,DIRECT,Common cash dividends paid.
"Lazard, Inc.",LAZ,2022,2022-12-31,share_repurchases,Repurchases of Class A common stock,691.7,USD Millions,SEC_FORM_10K,2023-02-23,0001564590-23-002334,https://www.sec.gov/ix?doc=/Archives/edgar/data/0001311370/000156459023002334/laz-10k_20221231.htm,Item 8,Statements of Cash Flows,Item 7 / Item 8,us-gaap:PaymentsForRepurchaseOfCommonStock,DIRECT,RAW_LAZ_2022_share_repurchases,DIRECT,Common shares repurchased.
"Lazard, Inc.",LAZ,2022,2022-12-31,cash,Cash and cash equivalents,1213.6,USD Millions,SEC_FORM_10K,2023-02-23,0001564590-23-002334,https://www.sec.gov/ix?doc=/Archives/edgar/data/0001311370/000156459023002334/laz-10k_20221231.htm,Item 8,Statements of Financial Condition,Item 7 / Item 8,us-gaap:CashAndCashEquivalentsAtCarryingValue,DIRECT,RAW_LAZ_2022_cash,SUB_PANEL,Corporate liquidity cushion.
"Lazard, Inc.",LAZ,2022,2022-12-31,debt,Senior notes,1682.0,USD Millions,SEC_FORM_10K,2023-02-23,0001564590-23-002334,https://www.sec.gov/ix?doc=/Archives/edgar/data/0001311370/000156459023002334/laz-10k_20221231.htm,Item 8,Statements of Financial Condition,Item 7 / Item 8,us-gaap:LongTermDebtNoncurrent,DIRECT,RAW_LAZ_2022_debt,SUB_PANEL,Carrying value of long-term senior notes.
"Lazard, Inc.",LAZ,2022,2022-12-31,technology_or_business_investment_if_available,Information technology and market data,155.0,USD Millions,SEC_FORM_10K,2023-02-23,0001564590-23-002334,https://www.sec.gov/ix?doc=/Archives/edgar/data/0001311370/000156459023002334/laz-10k_20221231.htm,Item 8,Statements of Operations / Note 14,Item 7 / Item 8,us-gaap:CommunicationsAndInformationTechnology,DIRECT,RAW_LAZ_2022_technology_or_business_investment_if_available,PARTIAL,Operating technology expense. Supplementary only.
"Lazard, Inc.",LAZ,2023,2023-12-31,net_revenue,Net revenue,2593.2,USD Millions,SEC_FORM_10K,2024-02-23,0001628280-24-006659,https://www.sec.gov/ix?doc=/Archives/edgar/data/0001311370/000162828024006659/laz-20231231.htm,Item 8,Statements of Operations,Item 7 / Item 8,us-gaap:RevenuesNetOfInterestExpense,DIRECT,RAW_LAZ_2023_net_revenue,DIRECT,Total net revenue.
"Lazard, Inc.",LAZ,2023,2023-12-31,investment_banking_revenue,Financial advisory,1378.0,USD Millions,SEC_FORM_10K,2024-02-23,0001628280-24-006659,https://www.sec.gov/ix?doc=/Archives/edgar/data/0001311370/000162828024006659/laz-20231231.htm,Item 8,Statements of Operations / Segment Disclosures,Item 7 / Item 8,us-gaap:InvestmentAdvisoryFees,DIRECT,RAW_LAZ_2023_investment_banking_revenue,DIRECT,Financial advisory fees.
"Lazard, Inc.",LAZ,2023,2023-12-31,compensation_expense,Compensation and benefits,1855.9,USD Millions,SEC_FORM_10K,2024-02-23,0001628280-24-006659,https://www.sec.gov/ix?doc=/Archives/edgar/data/0001311370/000162828024006659/laz-20231231.htm,Item 8,Statements of Operations,Item 7 / Item 8,us-gaap:LaborAndRelatedExpenses,DIRECT,RAW_LAZ_2023_compensation_expense,SUB_PANEL,Compensation and benefits expense reported in 10-K Consolidated Statements of Operations.
"Lazard, Inc.",LAZ,2023,2023-12-31,compensation_ratio,Compensation ratio,71.6,%,SEC_FORM_10K,2024-02-23,0001628280-24-006659,https://www.sec.gov/ix?doc=/Archives/edgar/data/0001311370/000162828024006659/laz-20231231.htm,Item 7,Results of Operations,Item 7 / Item 8,,DIRECT,RAW_LAZ_2023_compensation_ratio,SUB_PANEL,Reported compensation ratio in 10-K Item 7 Results of Operations.
"Lazard, Inc.",LAZ,2023,2023-12-31,operating_income,Operating income (loss),-87.7,USD Millions,SEC_FORM_10K,2024-02-23,0001628280-24-006659,https://www.sec.gov/ix?doc=/Archives/edgar/data/0001311370/000162828024006659/laz-20231231.htm,Item 8,Statements of Operations,Item 7 / Item 8,us-gaap:OperatingIncomeLoss,DIRECT,RAW_LAZ_2023_operating_income,SUB_PANEL,Reported operating loss in 10-K Consolidated Statements of Operations.
"Lazard, Inc.",LAZ,2023,2023-12-31,operating_margin,Operating margin,-3.4,%,SEC_FORM_10K,2024-02-23,0001628280-24-006659,https://www.sec.gov/ix?doc=/Archives/edgar/data/0001311370/000162828024006659/laz-20231231.htm,Item 7,Results of Operations (Derived),Item 7 / Item 8,,DERIVED,RAW_LAZ_2023_operating_margin,SUB_PANEL,Derived: operating_income / net_revenue * 100.
"Lazard, Inc.",LAZ,2023,2023-12-31,dividends_paid,Dividends paid,173.1,USD Millions,SEC_FORM_10K,2024-02-23,0001628280-24-006659,https://www.sec.gov/ix?doc=/Archives/edgar/data/0001311370/000162828024006659/laz-20231231.htm,Item 8,Statements of Cash Flows,Item 7 / Item 8,us-gaap:PaymentsOfDividendsCommonStock,DIRECT,RAW_LAZ_2023_dividends_paid,DIRECT,Common cash dividends paid.
"Lazard, Inc.",LAZ,2023,2023-12-31,share_repurchases,Repurchases of Class A common stock,102.1,USD Millions,SEC_FORM_10K,2024-02-23,0001628280-24-006659,https://www.sec.gov/ix?doc=/Archives/edgar/data/0001311370/000162828024006659/laz-20231231.htm,Item 8,Statements of Cash Flows,Item 7 / Item 8,us-gaap:PaymentsForRepurchaseOfCommonStock,DIRECT,RAW_LAZ_2023_share_repurchases,DIRECT,Common shares repurchased.
"Lazard, Inc.",LAZ,2023,2023-12-31,cash,Cash and cash equivalents,917.4,USD Millions,SEC_FORM_10K,2024-02-23,0001628280-24-006659,https://www.sec.gov/ix?doc=/Archives/edgar/data/0001311370/000162828024006659/laz-20231231.htm,Item 8,Statements of Financial Condition,Item 7 / Item 8,us-gaap:CashAndCashEquivalentsAtCarryingValue,DIRECT,RAW_LAZ_2023_cash,SUB_PANEL,Corporate liquidity cushion.
"Lazard, Inc.",LAZ,2023,2023-12-31,debt,Senior notes,1678.0,USD Millions,SEC_FORM_10K,2024-02-23,0001628280-24-006659,https://www.sec.gov/ix?doc=/Archives/edgar/data/0001311370/000162828024006659/laz-20231231.htm,Item 8,Statements of Financial Condition,Item 7 / Item 8,us-gaap:LongTermDebtNoncurrent,DIRECT,RAW_LAZ_2023_debt,SUB_PANEL,Carrying value of long-term senior notes.
"Lazard, Inc.",LAZ,2023,2023-12-31,technology_or_business_investment_if_available,Information technology and market data,160.0,USD Millions,SEC_FORM_10K,2024-02-23,0001628280-24-006659,https://www.sec.gov/ix?doc=/Archives/edgar/data/0001311370/000162828024006659/laz-20231231.htm,Item 8,Statements of Operations / Note 14,Item 7 / Item 8,us-gaap:CommunicationsAndInformationTechnology,DIRECT,RAW_LAZ_2023_technology_or_business_investment_if_available,PARTIAL,Operating technology expense. Supplementary only.
"Lazard, Inc.",LAZ,2024,2024-12-31,net_revenue,Net revenue,3139.9,USD Millions,SEC_FORM_10K,2025-02-24,0001628280-25-007441,https://www.sec.gov/ix?doc=/Archives/edgar/data/0001311370/000162828025007441/laz-20241231.htm,Item 8,Statements of Operations,Item 7 / Item 8,us-gaap:RevenuesNetOfInterestExpense,DIRECT,RAW_LAZ_2024_net_revenue,DIRECT,Total net revenue.
"Lazard, Inc.",LAZ,2024,2024-12-31,investment_banking_revenue,Financial advisory,1765.0,USD Millions,SEC_FORM_10K,2025-02-24,0001628280-25-007441,https://www.sec.gov/ix?doc=/Archives/edgar/data/0001311370/000162828025007441/laz-20241231.htm,Item 8,Statements of Operations / Segment Disclosures,Item 7 / Item 8,us-gaap:InvestmentAdvisoryFees,DIRECT,RAW_LAZ_2024_investment_banking_revenue,DIRECT,Financial advisory fees.
"Lazard, Inc.",LAZ,2024,2024-12-31,compensation_expense,Compensation and benefits,2040.9,USD Millions,SEC_FORM_10K,2025-02-24,0001628280-25-007441,https://www.sec.gov/ix?doc=/Archives/edgar/data/0001311370/000162828025007441/laz-20241231.htm,Item 8,Statements of Operations,Item 7 / Item 8,us-gaap:LaborAndRelatedExpenses,DIRECT,RAW_LAZ_2024_compensation_expense,SUB_PANEL,GAAP compensation expense.
"Lazard, Inc.",LAZ,2024,2024-12-31,compensation_ratio,Compensation ratio,65.0,%,SEC_FORM_10K,2025-02-24,0001628280-25-007441,https://www.sec.gov/ix?doc=/Archives/edgar/data/0001311370/000162828025007441/laz-20241231.htm,Item 7,Results of Operations,Item 7 / Item 8,,DIRECT,RAW_LAZ_2024_compensation_ratio,SUB_PANEL,Reported compensation ratio in 10-K Item 7.
"Lazard, Inc.",LAZ,2024,2024-12-31,operating_income,Operating income,341.2,USD Millions,SEC_FORM_10K,2025-02-24,0001628280-25-007441,https://www.sec.gov/ix?doc=/Archives/edgar/data/0001311370/000162828025007441/laz-20241231.htm,Item 8,Statements of Operations,Item 7 / Item 8,us-gaap:OperatingIncomeLoss,DIRECT,RAW_LAZ_2024_operating_income,SUB_PANEL,Reported operating income.
"Lazard, Inc.",LAZ,2024,2024-12-31,operating_margin,Operating margin,10.9,%,SEC_FORM_10K,2025-02-24,0001628280-25-007441,https://www.sec.gov/ix?doc=/Archives/edgar/data/0001311370/000162828025007441/laz-20241231.htm,Item 7,Results of Operations (Derived),Item 7 / Item 8,,DERIVED,RAW_LAZ_2024_operating_margin,SUB_PANEL,Derived: operating_income / net_revenue * 100.
"Lazard, Inc.",LAZ,2024,2024-12-31,dividends_paid,Dividends paid,179.0,USD Millions,SEC_FORM_10K,2025-02-24,0001628280-25-007441,https://www.sec.gov/ix?doc=/Archives/edgar/data/0001311370/000162828025007441/laz-20241231.htm,Item 8,Statements of Cash Flows,Item 7 / Item 8,us-gaap:PaymentsOfDividendsCommonStock,DIRECT,RAW_LAZ_2024_dividends_paid,DIRECT,Common cash dividends paid.
"Lazard, Inc.",LAZ,2024,2024-12-31,share_repurchases,Repurchases of Class A common stock,59.5,USD Millions,SEC_FORM_10K,2025-02-24,0001628280-25-007441,https://www.sec.gov/ix?doc=/Archives/edgar/data/0001311370/000162828025007441/laz-20241231.htm,Item 8,Statements of Cash Flows,Item 7 / Item 8,us-gaap:PaymentsForRepurchaseOfCommonStock,DIRECT,RAW_LAZ_2024_share_repurchases,DIRECT,Common shares repurchased.
"Lazard, Inc.",LAZ,2024,2024-12-31,cash,Cash and cash equivalents,1155.6,USD Millions,SEC_FORM_10K,2025-02-24,0001628280-25-007441,https://www.sec.gov/ix?doc=/Archives/edgar/data/0001311370/000162828025007441/laz-20241231.htm,Item 8,Statements of Financial Condition,Item 7 / Item 8,us-gaap:CashAndCashEquivalentsAtCarryingValue,DIRECT,RAW_LAZ_2024_cash,SUB_PANEL,Corporate liquidity cushion.
"Lazard, Inc.",LAZ,2024,2024-12-31,debt,Senior notes,1674.0,USD Millions,SEC_FORM_10K,2025-02-24,0001628280-25-007441,https://www.sec.gov/ix?doc=/Archives/edgar/data/0001311370/000162828025007441/laz-20241231.htm,Item 8,Statements of Financial Condition,Item 7 / Item 8,us-gaap:LongTermDebtNoncurrent,DIRECT,RAW_LAZ_2024_debt,SUB_PANEL,Carrying value of long-term senior notes.
"Lazard, Inc.",LAZ,2024,2024-12-31,technology_or_business_investment_if_available,Information technology and market data,165.0,USD Millions,SEC_FORM_10K,2025-02-24,0001628280-25-007441,https://www.sec.gov/ix?doc=/Archives/edgar/data/0001311370/000162828025007441/laz-20241231.htm,Item 8,Statements of Operations / Note 14,Item 7 / Item 8,us-gaap:CommunicationsAndInformationTechnology,DIRECT,RAW_LAZ_2024_technology_or_business_investment_if_available,PARTIAL,Operating technology expense. Supplementary only.
Moelis & Company,MC,2020,2020-12-31,net_revenue,Revenues,943.3,USD Millions,SEC_FORM_10K,2021-02-24,0001564590-21-008170,https://www.sec.gov/ix?doc=/Archives/edgar/data/0001596967/000156459021008170/mc-10k_20201231.htm,Item 8,Statements of Operations,Item 7 / Item 8,us-gaap:InvestmentBankingRevenue,DIRECT,RAW_MC_2020_net_revenue,DIRECT,Advisory fee revenues.
Moelis & Company,MC,2020,2020-12-31,investment_banking_revenue,Revenues,943.3,USD Millions,SEC_FORM_10K,2021-02-24,0001564590-21-008170,https://www.sec.gov/ix?doc=/Archives/edgar/data/0001596967/000156459021008170/mc-10k_20201231.htm,Item 8,Statements of Operations,Item 7 / Item 8,us-gaap:InvestmentBankingRevenue,DIRECT,RAW_MC_2020_investment_banking_revenue,DIRECT,Advisory fee revenues.
Moelis & Company,MC,2020,2020-12-31,compensation_expense,Compensation and benefits,594.3,USD Millions,SEC_FORM_10K,2021-02-24,0001564590-21-008170,https://www.sec.gov/ix?doc=/Archives/edgar/data/0001596967/000156459021008170/mc-10k_20201231.htm,Item 8,Statements of Operations,Item 7 / Item 8,us-gaap:LaborAndRelatedExpenses,DIRECT,RAW_MC_2020_compensation_expense,SUB_PANEL,GAAP compensation expense.
Moelis & Company,MC,2020,2020-12-31,compensation_ratio,Compensation ratio,63.0,%,SEC_FORM_10K,2021-02-24,0001564590-21-008170,https://www.sec.gov/ix?doc=/Archives/edgar/data/0001596967/000156459021008170/mc-10k_20201231.htm,Item 7,Results of Operations,Item 7 / Item 8,,DIRECT,RAW_MC_2020_compensation_ratio,SUB_PANEL,Reported compensation ratio in 10-K Item 7.
Moelis & Company,MC,2020,2020-12-31,operating_income,Operating income,232.0,USD Millions,SEC_FORM_10K,2021-02-24,0001564590-21-008170,https://www.sec.gov/ix?doc=/Archives/edgar/data/0001596967/000156459021008170/mc-10k_20201231.htm,Item 8,Statements of Operations,Item 7 / Item 8,us-gaap:OperatingIncomeLoss,DIRECT,RAW_MC_2020_operating_income,SUB_PANEL,Reported operating income.
Moelis & Company,MC,2020,2020-12-31,operating_margin,Operating margin,24.6,%,SEC_FORM_10K,2021-02-24,0001564590-21-008170,https://www.sec.gov/ix?doc=/Archives/edgar/data/0001596967/000156459021008170/mc-10k_20201231.htm,Item 7,Results of Operations (Derived),Item 7 / Item 8,,DERIVED,RAW_MC_2020_operating_margin,SUB_PANEL,Derived: operating_income / net_revenue * 100.
Moelis & Company,MC,2020,2020-12-31,dividends_paid,Dividends and tax distributions paid,282.9,USD Millions,SEC_FORM_10K,2021-02-24,0001564590-21-008170,https://www.sec.gov/ix?doc=/Archives/edgar/data/0001596967/000156459021008170/mc-10k_20201231.htm,Item 8,Statements of Cash Flows,Item 7 / Item 8,us-gaap:PaymentsOfDividends,DIRECT,RAW_MC_2020_dividends_paid,DIRECT,Common dividends and partner tax distributions.
Moelis & Company,MC,2020,2020-12-31,share_repurchases,Purchases of Class A common stock and partnership units,44.3,USD Millions,SEC_FORM_10K,2021-02-24,0001564590-21-008170,https://www.sec.gov/ix?doc=/Archives/edgar/data/0001596967/000156459021008170/mc-10k_20201231.htm,Item 8,Statements of Cash Flows,Item 7 / Item 8,us-gaap:PaymentsForRepurchaseOfCommonStock,DIRECT,RAW_MC_2020_share_repurchases,DIRECT,Common shares and units repurchased.
Moelis & Company,MC,2020,2020-12-31,cash,Cash and cash equivalents,336.8,USD Millions,SEC_FORM_10K,2021-02-24,0001564590-21-008170,https://www.sec.gov/ix?doc=/Archives/edgar/data/0001596967/000156459021008170/mc-10k_20201231.htm,Item 8,Statements of Financial Condition,Item 7 / Item 8,us-gaap:CashAndCashEquivalentsAtCarryingValue,DIRECT,RAW_MC_2020_cash,SUB_PANEL,Corporate liquidity cushion.
Moelis & Company,MC,2020,2020-12-31,debt,Long-term debt (0 reported),0.0,USD Millions,SEC_FORM_10K,2021-02-24,0001564590-21-008170,https://www.sec.gov/ix?doc=/Archives/edgar/data/0001596967/000156459021008170/mc-10k_20201231.htm,Item 8,Statements of Financial Condition,Item 7 / Item 8,us-gaap:LongTermDebtNoncurrent,DIRECT,RAW_MC_2020_debt,SUB_PANEL,Moelis carries zero funded debt.
Moelis & Company,MC,2020,2020-12-31,technology_or_business_investment_if_available,UNAVAILABLE,UNAVAILABLE,USD Millions,SEC_FORM_10K,2021-02-24,0001564590-21-008170,https://www.sec.gov/ix?doc=/Archives/edgar/data/0001596967/000156459021008170/mc-10k_20201231.htm,Item 8,Statements of Operations,Item 7 / Item 8,,UNAVAILABLE,RAW_MC_2020_technology_or_business_investment_if_available,UNAVAILABLE,Moelis does not separately break out technology expense from other operating overhead.
Moelis & Company,MC,2021,2021-12-31,net_revenue,Revenues,1540.6,USD Millions,SEC_FORM_10K,2022-02-23,0000950170-22-001785,https://www.sec.gov/ix?doc=/Archives/edgar/data/0001596967/000095017022001785/mc-20211231.htm,Item 8,Statements of Operations,Item 7 / Item 8,us-gaap:InvestmentBankingRevenue,DIRECT,RAW_MC_2021_net_revenue,DIRECT,Advisory fee revenues.
Moelis & Company,MC,2021,2021-12-31,investment_banking_revenue,Revenues,1540.6,USD Millions,SEC_FORM_10K,2022-02-23,0000950170-22-001785,https://www.sec.gov/ix?doc=/Archives/edgar/data/0001596967/000095017022001785/mc-20211231.htm,Item 8,Statements of Operations,Item 7 / Item 8,us-gaap:InvestmentBankingRevenue,DIRECT,RAW_MC_2021_investment_banking_revenue,DIRECT,Advisory fee revenues.
Moelis & Company,MC,2021,2021-12-31,compensation_expense,Compensation and benefits,986.0,USD Millions,SEC_FORM_10K,2022-02-23,0000950170-22-001785,https://www.sec.gov/ix?doc=/Archives/edgar/data/0001596967/000095017022001785/mc-20211231.htm,Item 8,Statements of Operations,Item 7 / Item 8,us-gaap:LaborAndRelatedExpenses,DIRECT,RAW_MC_2021_compensation_expense,SUB_PANEL,GAAP compensation expense.
Moelis & Company,MC,2021,2021-12-31,compensation_ratio,Compensation ratio,64.0,%,SEC_FORM_10K,2022-02-23,0000950170-22-001785,https://www.sec.gov/ix?doc=/Archives/edgar/data/0001596967/000095017022001785/mc-20211231.htm,Item 7,Results of Operations,Item 7 / Item 8,,DIRECT,RAW_MC_2021_compensation_ratio,SUB_PANEL,Reported compensation ratio in 10-K Item 7.
Moelis & Company,MC,2021,2021-12-31,operating_income,Operating income,464.7,USD Millions,SEC_FORM_10K,2022-02-23,0000950170-22-001785,https://www.sec.gov/ix?doc=/Archives/edgar/data/0001596967/000095017022001785/mc-20211231.htm,Item 8,Statements of Operations,Item 7 / Item 8,us-gaap:OperatingIncomeLoss,DIRECT,RAW_MC_2021_operating_income,SUB_PANEL,Reported operating income.
Moelis & Company,MC,2021,2021-12-31,operating_margin,Operating margin,30.2,%,SEC_FORM_10K,2022-02-23,0000950170-22-001785,https://www.sec.gov/ix?doc=/Archives/edgar/data/0001596967/000095017022001785/mc-20211231.htm,Item 7,Results of Operations (Derived),Item 7 / Item 8,,DERIVED,RAW_MC_2021_operating_margin,SUB_PANEL,Derived: operating_income / net_revenue * 100.
Moelis & Company,MC,2021,2021-12-31,dividends_paid,Dividends and tax distributions paid,479.9,USD Millions,SEC_FORM_10K,2022-02-23,0000950170-22-001785,https://www.sec.gov/ix?doc=/Archives/edgar/data/0001596967/000095017022001785/mc-20211231.htm,Item 8,Statements of Cash Flows,Item 7 / Item 8,us-gaap:PaymentsOfDividends,DIRECT,RAW_MC_2021_dividends_paid,DIRECT,Common dividends and partner tax distributions.
Moelis & Company,MC,2021,2021-12-31,share_repurchases,Purchases of Class A common stock and partnership units,104.2,USD Millions,SEC_FORM_10K,2022-02-23,0000950170-22-001785,https://www.sec.gov/ix?doc=/Archives/edgar/data/0001596967/000095017022001785/mc-20211231.htm,Item 8,Statements of Cash Flows,Item 7 / Item 8,us-gaap:PaymentsForRepurchaseOfCommonStock,DIRECT,RAW_MC_2021_share_repurchases,DIRECT,Common shares and units repurchased.
Moelis & Company,MC,2021,2021-12-31,cash,Cash and cash equivalents,597.5,USD Millions,SEC_FORM_10K,2022-02-23,0000950170-22-001785,https://www.sec.gov/ix?doc=/Archives/edgar/data/0001596967/000095017022001785/mc-20211231.htm,Item 8,Statements of Financial Condition,Item 7 / Item 8,us-gaap:CashAndCashEquivalentsAtCarryingValue,DIRECT,RAW_MC_2021_cash,SUB_PANEL,Corporate liquidity cushion.
Moelis & Company,MC,2021,2021-12-31,debt,Long-term debt (0 reported),0.0,USD Millions,SEC_FORM_10K,2022-02-23,0000950170-22-001785,https://www.sec.gov/ix?doc=/Archives/edgar/data/0001596967/000095017022001785/mc-20211231.htm,Item 8,Statements of Financial Condition,Item 7 / Item 8,us-gaap:LongTermDebtNoncurrent,DIRECT,RAW_MC_2021_debt,SUB_PANEL,Moelis carries zero funded debt.
Moelis & Company,MC,2021,2021-12-31,technology_or_business_investment_if_available,UNAVAILABLE,UNAVAILABLE,USD Millions,SEC_FORM_10K,2022-02-23,0000950170-22-001785,https://www.sec.gov/ix?doc=/Archives/edgar/data/0001596967/000095017022001785/mc-20211231.htm,Item 8,Statements of Operations,Item 7 / Item 8,,UNAVAILABLE,RAW_MC_2021_technology_or_business_investment_if_available,UNAVAILABLE,Moelis does not separately break out technology expense.
Moelis & Company,MC,2022,2022-12-31,net_revenue,Revenues,985.3,USD Millions,SEC_FORM_10K,2023-02-23,0000950170-23-004120,https://www.sec.gov/ix?doc=/Archives/edgar/data/0001596967/000095017023004120/mc-20221231.htm,Item 8,Statements of Operations,Item 7 / Item 8,us-gaap:InvestmentBankingRevenue,DIRECT,RAW_MC_2022_net_revenue,DIRECT,Advisory fee revenues.
Moelis & Company,MC,2022,2022-12-31,investment_banking_revenue,Revenues,985.3,USD Millions,SEC_FORM_10K,2023-02-23,0000950170-23-004120,https://www.sec.gov/ix?doc=/Archives/edgar/data/0001596967/000095017023004120/mc-20221231.htm,Item 8,Statements of Operations,Item 7 / Item 8,us-gaap:InvestmentBankingRevenue,DIRECT,RAW_MC_2022_investment_banking_revenue,DIRECT,Advisory fee revenues.
Moelis & Company,MC,2022,2022-12-31,compensation_expense,Compensation and benefits,640.4,USD Millions,SEC_FORM_10K,2023-02-23,0000950170-23-004120,https://www.sec.gov/ix?doc=/Archives/edgar/data/0001596967/000095017023004120/mc-20221231.htm,Item 8,Statements of Operations,Item 7 / Item 8,us-gaap:LaborAndRelatedExpenses,DIRECT,RAW_MC_2022_compensation_expense,SUB_PANEL,GAAP compensation expense.
Moelis & Company,MC,2022,2022-12-31,compensation_ratio,Compensation ratio,65.0,%,SEC_FORM_10K,2023-02-23,0000950170-23-004120,https://www.sec.gov/ix?doc=/Archives/edgar/data/0001596967/000095017023004120/mc-20221231.htm,Item 7,Results of Operations,Item 7 / Item 8,,DIRECT,RAW_MC_2022_compensation_ratio,SUB_PANEL,Reported compensation ratio in 10-K Item 7.
Moelis & Company,MC,2022,2022-12-31,operating_income,Operating income,213.9,USD Millions,SEC_FORM_10K,2023-02-23,0000950170-23-004120,https://www.sec.gov/ix?doc=/Archives/edgar/data/0001596967/000095017023004120/mc-20221231.htm,Item 8,Statements of Operations,Item 7 / Item 8,us-gaap:OperatingIncomeLoss,DIRECT,RAW_MC_2022_operating_income,SUB_PANEL,Reported operating income.
Moelis & Company,MC,2022,2022-12-31,operating_margin,Operating margin,21.7,%,SEC_FORM_10K,2023-02-23,0000950170-23-004120,https://www.sec.gov/ix?doc=/Archives/edgar/data/0001596967/000095017023004120/mc-20221231.htm,Item 7,Results of Operations (Derived),Item 7 / Item 8,,DERIVED,RAW_MC_2022_operating_margin,SUB_PANEL,Derived: operating_income / net_revenue * 100.
Moelis & Company,MC,2022,2022-12-31,dividends_paid,Dividends and tax distributions paid,174.7,USD Millions,SEC_FORM_10K,2023-02-23,0000950170-23-004120,https://www.sec.gov/ix?doc=/Archives/edgar/data/0001596967/000095017023004120/mc-20221231.htm,Item 8,Statements of Cash Flows,Item 7 / Item 8,us-gaap:PaymentsOfDividends,DIRECT,RAW_MC_2022_dividends_paid,DIRECT,Common dividends paid.
Moelis & Company,MC,2022,2022-12-31,share_repurchases,Purchases of Class A common stock and partnership units,147.5,USD Millions,SEC_FORM_10K,2023-02-23,0000950170-23-004120,https://www.sec.gov/ix?doc=/Archives/edgar/data/0001596967/000095017023004120/mc-20221231.htm,Item 8,Statements of Cash Flows,Item 7 / Item 8,us-gaap:PaymentsForRepurchaseOfCommonStock,DIRECT,RAW_MC_2022_share_repurchases,DIRECT,Common shares and units repurchased.
Moelis & Company,MC,2022,2022-12-31,cash,Cash and cash equivalents,454.1,USD Millions,SEC_FORM_10K,2023-02-23,0000950170-23-004120,https://www.sec.gov/ix?doc=/Archives/edgar/data/0001596967/000095017023004120/mc-20221231.htm,Item 8,Statements of Financial Condition,Item 7 / Item 8,us-gaap:CashAndCashEquivalentsAtCarryingValue,DIRECT,RAW_MC_2022_cash,SUB_PANEL,Corporate liquidity cushion.
Moelis & Company,MC,2022,2022-12-31,debt,Long-term debt (0 reported),0.0,USD Millions,SEC_FORM_10K,2023-02-23,0000950170-23-004120,https://www.sec.gov/ix?doc=/Archives/edgar/data/0001596967/000095017023004120/mc-20221231.htm,Item 8,Statements of Financial Condition,Item 7 / Item 8,us-gaap:LongTermDebtNoncurrent,DIRECT,RAW_MC_2022_debt,SUB_PANEL,Moelis carries zero funded debt.
Moelis & Company,MC,2022,2022-12-31,technology_or_business_investment_if_available,UNAVAILABLE,UNAVAILABLE,USD Millions,SEC_FORM_10K,2023-02-23,0000950170-23-004120,https://www.sec.gov/ix?doc=/Archives/edgar/data/0001596967/000095017023004120/mc-20221231.htm,Item 8,Statements of Operations,Item 7 / Item 8,,UNAVAILABLE,RAW_MC_2022_technology_or_business_investment_if_available,UNAVAILABLE,Moelis does not separately break out technology expense.
Moelis & Company,MC,2023,2023-12-31,net_revenue,Revenues,854.7,USD Millions,SEC_FORM_10K,2024-02-22,0000950170-24-018791,https://www.sec.gov/ix?doc=/Archives/edgar/data/0001596967/000095017024018791/mc-20231231.htm,Item 8,Statements of Operations,Item 7 / Item 8,us-gaap:InvestmentBankingRevenue,DIRECT,RAW_MC_2023_net_revenue,DIRECT,Advisory fee revenues.
Moelis & Company,MC,2023,2023-12-31,investment_banking_revenue,Revenues,854.7,USD Millions,SEC_FORM_10K,2024-02-22,0000950170-24-018791,https://www.sec.gov/ix?doc=/Archives/edgar/data/0001596967/000095017024018791/mc-20231231.htm,Item 8,Statements of Operations,Item 7 / Item 8,us-gaap:InvestmentBankingRevenue,DIRECT,RAW_MC_2023_investment_banking_revenue,DIRECT,Advisory fee revenues.
Moelis & Company,MC,2023,2023-12-31,compensation_expense,Compensation and benefits,598.3,USD Millions,SEC_FORM_10K,2024-02-22,0000950170-24-018791,https://www.sec.gov/ix?doc=/Archives/edgar/data/0001596967/000095017024018791/mc-20231231.htm,Item 8,Statements of Operations,Item 7 / Item 8,us-gaap:LaborAndRelatedExpenses,DIRECT,RAW_MC_2023_compensation_expense,SUB_PANEL,GAAP compensation expense.
Moelis & Company,MC,2023,2023-12-31,compensation_ratio,Compensation ratio,70.0,%,SEC_FORM_10K,2024-02-22,0000950170-24-018791,https://www.sec.gov/ix?doc=/Archives/edgar/data/0001596967/000095017024018791/mc-20231231.htm,Item 7,Results of Operations,Item 7 / Item 8,,DIRECT,RAW_MC_2023_compensation_ratio,SUB_PANEL,Reported compensation ratio in 10-K Item 7 Results of Operations.
Moelis & Company,MC,2023,2023-12-31,operating_income,Operating income,90.9,USD Millions,SEC_FORM_10K,2024-02-22,0000950170-24-018791,https://www.sec.gov/ix?doc=/Archives/edgar/data/0001596967/000095017024018791/mc-20231231.htm,Item 8,Statements of Operations,Item 7 / Item 8,us-gaap:OperatingIncomeLoss,DIRECT,RAW_MC_2023_operating_income,SUB_PANEL,Reported operating income.
Moelis & Company,MC,2023,2023-12-31,operating_margin,Operating margin,10.6,%,SEC_FORM_10K,2024-02-22,0000950170-24-018791,https://www.sec.gov/ix?doc=/Archives/edgar/data/0001596967/000095017024018791/mc-20231231.htm,Item 7,Results of Operations (Derived),Item 7 / Item 8,,DERIVED,RAW_MC_2023_operating_margin,SUB_PANEL,Derived: operating_income / net_revenue * 100.
Moelis & Company,MC,2023,2023-12-31,dividends_paid,Dividends and tax distributions paid,182.2,USD Millions,SEC_FORM_10K,2024-02-22,0000950170-24-018791,https://www.sec.gov/ix?doc=/Archives/edgar/data/0001596967/000095017024018791/mc-20231231.htm,Item 8,Statements of Cash Flows,Item 7 / Item 8,us-gaap:PaymentsOfDividends,DIRECT,RAW_MC_2023_dividends_paid,DIRECT,Common dividends paid.
Moelis & Company,MC,2023,2023-12-31,share_repurchases,Purchases of Class A common stock and partnership units,47.0,USD Millions,SEC_FORM_10K,2024-02-22,0000950170-24-018791,https://www.sec.gov/ix?doc=/Archives/edgar/data/0001596967/000095017024018791/mc-20231231.htm,Item 8,Statements of Cash Flows,Item 7 / Item 8,us-gaap:PaymentsForRepurchaseOfCommonStock,DIRECT,RAW_MC_2023_share_repurchases,DIRECT,Common shares and units repurchased.
Moelis & Company,MC,2023,2023-12-31,cash,Cash and cash equivalents,363.5,USD Millions,SEC_FORM_10K,2024-02-22,0000950170-24-018791,https://www.sec.gov/ix?doc=/Archives/edgar/data/0001596967/000095017024018791/mc-20231231.htm,Item 8,Statements of Financial Condition,Item 7 / Item 8,us-gaap:CashAndCashEquivalentsAtCarryingValue,DIRECT,RAW_MC_2023_cash,SUB_PANEL,Corporate liquidity cushion.
Moelis & Company,MC,2023,2023-12-31,debt,Long-term debt (0 reported),0.0,USD Millions,SEC_FORM_10K,2024-02-22,0000950170-24-018791,https://www.sec.gov/ix?doc=/Archives/edgar/data/0001596967/000095017024018791/mc-20231231.htm,Item 8,Statements of Financial Condition,Item 7 / Item 8,us-gaap:LongTermDebtNoncurrent,DIRECT,RAW_MC_2023_debt,SUB_PANEL,Moelis carries zero funded debt.
Moelis & Company,MC,2023,2023-12-31,technology_or_business_investment_if_available,UNAVAILABLE,UNAVAILABLE,USD Millions,SEC_FORM_10K,2024-02-22,0000950170-24-018791,https://www.sec.gov/ix?doc=/Archives/edgar/data/0001596967/000095017024018791/mc-20231231.htm,Item 8,Statements of Operations,Item 7 / Item 8,,UNAVAILABLE,RAW_MC_2023_technology_or_business_investment_if_available,UNAVAILABLE,Moelis does not separately break out technology expense.
Moelis & Company,MC,2024,2024-12-31,net_revenue,Revenues,1194.5,USD Millions,SEC_FORM_10K,2025-02-27,0000950170-25-029070,https://www.sec.gov/ix?doc=/Archives/edgar/data/0001596967/000095017025029070/mc-20241231.htm,Item 8,Statements of Operations,Item 7 / Item 8,us-gaap:InvestmentBankingRevenue,DIRECT,RAW_MC_2024_net_revenue,DIRECT,Advisory fee revenues.
Moelis & Company,MC,2024,2024-12-31,investment_banking_revenue,Revenues,1194.5,USD Millions,SEC_FORM_10K,2025-02-27,0000950170-25-029070,https://www.sec.gov/ix?doc=/Archives/edgar/data/0001596967/000095017025029070/mc-20241231.htm,Item 8,Statements of Operations,Item 7 / Item 8,us-gaap:InvestmentBankingRevenue,DIRECT,RAW_MC_2024_investment_banking_revenue,DIRECT,Advisory fee revenues.
Moelis & Company,MC,2024,2024-12-31,compensation_expense,Compensation and benefits,776.5,USD Millions,SEC_FORM_10K,2025-02-27,0000950170-25-029070,https://www.sec.gov/ix?doc=/Archives/edgar/data/0001596967/000095017025029070/mc-20241231.htm,Item 8,Statements of Operations,Item 7 / Item 8,us-gaap:LaborAndRelatedExpenses,DIRECT,RAW_MC_2024_compensation_expense,SUB_PANEL,GAAP compensation expense.
Moelis & Company,MC,2024,2024-12-31,compensation_ratio,Compensation ratio,65.0,%,SEC_FORM_10K,2025-02-27,0000950170-25-029070,https://www.sec.gov/ix?doc=/Archives/edgar/data/0001596967/000095017025029070/mc-20241231.htm,Item 7,Results of Operations,Item 7 / Item 8,,DIRECT,RAW_MC_2024_compensation_ratio,SUB_PANEL,Reported compensation ratio in 10-K Item 7.
Moelis & Company,MC,2024,2024-12-31,operating_income,Operating income,235.1,USD Millions,SEC_FORM_10K,2025-02-27,0000950170-25-029070,https://www.sec.gov/ix?doc=/Archives/edgar/data/0001596967/000095017025029070/mc-20241231.htm,Item 8,Statements of Operations,Item 7 / Item 8,us-gaap:OperatingIncomeLoss,DIRECT,RAW_MC_2024_operating_income,SUB_PANEL,Reported operating income.
Moelis & Company,MC,2024,2024-12-31,operating_margin,Operating margin,19.7,%,SEC_FORM_10K,2025-02-27,0000950170-25-029070,https://www.sec.gov/ix?doc=/Archives/edgar/data/0001596967/000095017025029070/mc-20241231.htm,Item 7,Results of Operations (Derived),Item 7 / Item 8,,DERIVED,RAW_MC_2024_operating_margin,SUB_PANEL,Derived: operating_income / net_revenue * 100.
Moelis & Company,MC,2024,2024-12-31,dividends_paid,Dividends and tax distributions paid,184.2,USD Millions,SEC_FORM_10K,2025-02-27,0000950170-25-029070,https://www.sec.gov/ix?doc=/Archives/edgar/data/0001596967/000095017025029070/mc-20241231.htm,Item 8,Statements of Cash Flows,Item 7 / Item 8,us-gaap:PaymentsOfDividends,DIRECT,RAW_MC_2024_dividends_paid,DIRECT,Common dividends paid.
Moelis & Company,MC,2024,2024-12-31,share_repurchases,Purchases of Class A common stock and partnership units,10.8,USD Millions,SEC_FORM_10K,2025-02-27,0000950170-25-029070,https://www.sec.gov/ix?doc=/Archives/edgar/data/0001596967/000095017025029070/mc-20241231.htm,Item 8,Statements of Cash Flows,Item 7 / Item 8,us-gaap:PaymentsForRepurchaseOfCommonStock,DIRECT,RAW_MC_2024_share_repurchases,DIRECT,Common shares and units repurchased.
Moelis & Company,MC,2024,2024-12-31,cash,Cash and cash equivalents,432.8,USD Millions,SEC_FORM_10K,2025-02-27,0000950170-25-029070,https://www.sec.gov/ix?doc=/Archives/edgar/data/0001596967/000095017025029070/mc-20241231.htm,Item 8,Statements of Financial Condition,Item 7 / Item 8,us-gaap:CashAndCashEquivalentsAtCarryingValue,DIRECT,RAW_MC_2024_cash,SUB_PANEL,Corporate liquidity cushion.
Moelis & Company,MC,2024,2024-12-31,debt,Long-term debt (0 reported),0.0,USD Millions,SEC_FORM_10K,2025-02-27,0000950170-25-029070,https://www.sec.gov/ix?doc=/Archives/edgar/data/0001596967/000095017025029070/mc-20241231.htm,Item 8,Statements of Financial Condition,Item 7 / Item 8,us-gaap:LongTermDebtNoncurrent,DIRECT,RAW_MC_2024_debt,SUB_PANEL,Moelis carries zero funded debt.
Moelis & Company,MC,2024,2024-12-31,technology_or_business_investment_if_available,UNAVAILABLE,UNAVAILABLE,USD Millions,SEC_FORM_10K,2025-02-27,0000950170-25-029070,https://www.sec.gov/ix?doc=/Archives/edgar/data/0001596967/000095017025029070/mc-20241231.htm,Item 8,Statements of Operations,Item 7 / Item 8,,UNAVAILABLE,RAW_MC_2024_technology_or_business_investment_if_available,UNAVAILABLE,Moelis does not separately break out technology expense.
Jefferies Financial Group Inc.,JEF,2020,2020-11-30,net_revenue,Total net revenues,6880.4,USD Millions,SEC_FORM_10K,2021-01-29,0000096223-21-000009,https://www.sec.gov/ix?doc=/Archives/edgar/data/0000096223/000009622321000009/jef-20201130.htm,Item 8,Statements of Earnings,Item 7 / Item 8,us-gaap:RevenuesNetOfInterestExpense,DIRECT,RAW_JEF_2020_net_revenue,PARTIAL,Nov 30 FY; includes merchant banking.
Jefferies Financial Group Inc.,JEF,2020,2020-11-30,investment_banking_revenue,Investment banking,3923.2,USD Millions,SEC_FORM_10K,2021-01-29,0000096223-21-000009,https://www.sec.gov/ix?doc=/Archives/edgar/data/0000096223/000009622321000009/jef-20201130.htm,Item 8,Statements of Earnings / Segment,Item 7 / Item 8,us-gaap:InvestmentBankingRevenue,DIRECT,RAW_JEF_2020_investment_banking_revenue,PARTIAL,Advisory and capital markets underwriting.
Jefferies Financial Group Inc.,JEF,2020,2020-11-30,dividends_paid,Dividends paid,160.9,USD Millions,SEC_FORM_10K,2021-01-29,0000096223-21-000009,https://www.sec.gov/ix?doc=/Archives/edgar/data/0000096223/000009622321000009/jef-20201130.htm,Item 8,Statements of Cash Flows,Item 7 / Item 8,us-gaap:PaymentsOfDividendsCommonStock,DIRECT,RAW_JEF_2020_dividends_paid,PARTIAL,Common dividends paid.
Jefferies Financial Group Inc.,JEF,2020,2020-11-30,share_repurchases,Repurchase of common stock,816.9,USD Millions,SEC_FORM_10K,2021-01-29,0000096223-21-000009,https://www.sec.gov/ix?doc=/Archives/edgar/data/0000096223/000009622321000009/jef-20201130.htm,Item 8,Statements of Cash Flows,Item 7 / Item 8,us-gaap:PaymentsForRepurchaseOfCommonStock,DIRECT,RAW_JEF_2020_share_repurchases,PARTIAL,Common shares repurchased.
Jefferies Financial Group Inc.,JEF,2020,2020-11-30,roe,Return on average common shareholders' equity,12.8,%,SEC_FORM_10K,2021-01-29,0000096223-21-000009,https://www.sec.gov/ix?doc=/Archives/edgar/data/0000096223/000009622321000009/jef-20201130.htm,Item 7,Financial Highlights,Item 7 / Item 8,,DIRECT,RAW_JEF_2020_roe,PARTIAL,Reported common equity return.
Jefferies Financial Group Inc.,JEF,2020,2020-11-30,rotce_or_rote,Return on average tangible common equity (ROTE),16.4,%,SEC_FORM_10K,2021-01-29,0000096223-21-000009,https://www.sec.gov/ix?doc=/Archives/edgar/data/0000096223/000009622321000009/jef-20201130.htm,Item 7,Financial Highlights,Item 7 / Item 8,,DIRECT,RAW_JEF_2020_rotce_or_rote,PARTIAL,Non-GAAP return on tangible equity.
Jefferies Financial Group Inc.,JEF,2020,2020-11-30,efficiency_or_overhead_ratio,Non-interest expense to net revenues,74.0,%,SEC_FORM_10K,2021-01-29,0000096223-21-000009,https://www.sec.gov/ix?doc=/Archives/edgar/data/0000096223/000009622321000009/jef-20201130.htm,Item 7,Selected Financial Data,Item 7 / Item 8,,DIRECT,RAW_JEF_2020_efficiency_or_overhead_ratio,PARTIAL,Total expenses divided by revenues.
Jefferies Financial Group Inc.,JEF,2020,2020-11-30,cet1_standardized,N/A (Non-BHC broker-dealer),NOT_APPLICABLE,%,SEC_FORM_10K,2021-01-29,0000096223-21-000009,https://www.sec.gov/ix?doc=/Archives/edgar/data/0000096223/000009622321000009/jef-20201130.htm,Item 7,N/A,Item 7 / Item 8,,NOT_APPLICABLE,RAW_JEF_2020_cet1_standardized,NOT_APPLICABLE,Jefferies is a non-BHC broker-dealer holding company under SEC Rule 15c3-1.
Jefferies Financial Group Inc.,JEF,2020,2020-11-30,tier1_leverage_ratio,N/A (Non-BHC broker-dealer),NOT_APPLICABLE,%,SEC_FORM_10K,2021-01-29,0000096223-21-000009,https://www.sec.gov/ix?doc=/Archives/edgar/data/0000096223/000009622321000009/jef-20201130.htm,Item 7,N/A,Item 7 / Item 8,,NOT_APPLICABLE,RAW_JEF_2020_tier1_leverage_ratio,NOT_APPLICABLE,Not subject to Federal Reserve leverage rules.
Jefferies Financial Group Inc.,JEF,2020,2020-11-30,supplementary_leverage_ratio,N/A (Non-BHC broker-dealer),NOT_APPLICABLE,%,SEC_FORM_10K,2021-01-29,0000096223-21-000009,https://www.sec.gov/ix?doc=/Archives/edgar/data/0000096223/000009622321000009/jef-20201130.htm,Item 7,N/A,Item 7 / Item 8,,NOT_APPLICABLE,RAW_JEF_2020_supplementary_leverage_ratio,NOT_APPLICABLE,Not subject to SLR.
Jefferies Financial Group Inc.,JEF,2020,2020-11-30,tangible_common_equity,Tangible book value,6500.0,USD Millions,SEC_FORM_10K,2021-01-29,0000096223-21-000009,https://www.sec.gov/ix?doc=/Archives/edgar/data/0000096223/000009622321000009/jef-20201130.htm,Item 7,Tangible Book Value Reconciliation,Item 7 / Item 8,,DIRECT,RAW_JEF_2020_tangible_common_equity,PARTIAL,Common equity less intangibles.
Jefferies Financial Group Inc.,JEF,2020,2020-11-30,technology_or_business_investment,Technology and communications,280.0,USD Millions,SEC_FORM_10K,2021-01-29,0000096223-21-000009,https://www.sec.gov/ix?doc=/Archives/edgar/data/0000096223/000009622321000009/jef-20201130.htm,Item 8,Statements of Earnings,Item 7 / Item 8,us-gaap:CommunicationsAndInformationTechnology,DIRECT,RAW_JEF_2020_technology_or_business_investment,PARTIAL,Operating technology expense. Supplementary only.
Jefferies Financial Group Inc.,JEF,2020,2020-11-30,compensation_expense,Compensation and benefits,3550.0,USD Millions,SEC_FORM_10K,2021-01-29,0000096223-21-000009,https://www.sec.gov/ix?doc=/Archives/edgar/data/0000096223/000009622321000009/jef-20201130.htm,Item 8,Statements of Earnings,Item 7 / Item 8,us-gaap:LaborAndRelatedExpenses,DIRECT,RAW_JEF_2020_compensation_expense,PARTIAL,Total personnel costs.
Jefferies Financial Group Inc.,JEF,2020,2020-11-30,cash,Cash and cash equivalents,8500.0,USD Millions,SEC_FORM_10K,2021-01-29,0000096223-21-000009,https://www.sec.gov/ix?doc=/Archives/edgar/data/0000096223/000009622321000009/jef-20201130.htm,Item 8,Statements of Financial Condition,Item 7 / Item 8,us-gaap:CashAndCashEquivalentsAtCarryingValue,DIRECT,RAW_JEF_2020_cash,STRUCTURALLY_NON_COMPARABLE,Broker-dealer cash and segregated client funds.
Jefferies Financial Group Inc.,JEF,2020,2020-11-30,debt,Long-term debt,14200.0,USD Millions,SEC_FORM_10K,2021-01-29,0000096223-21-000009,https://www.sec.gov/ix?doc=/Archives/edgar/data/0000096223/000009622321000009/jef-20201130.htm,Item 8,Statements of Financial Condition,Item 7 / Item 8,us-gaap:LongTermDebtNoncurrent,DIRECT,RAW_JEF_2020_debt,STRUCTURALLY_NON_COMPARABLE,Broker-dealer funding debt.
Jefferies Financial Group Inc.,JEF,2021,2021-11-30,net_revenue,Total net revenues,8945.5,USD Millions,SEC_FORM_10K,2022-01-28,0000096223-22-000006,https://www.sec.gov/ix?doc=/Archives/edgar/data/0000096223/000009622322000006/jef-20211130.htm,Item 8,Statements of Earnings,Item 7 / Item 8,us-gaap:RevenuesNetOfInterestExpense,DIRECT,RAW_JEF_2021_net_revenue,PARTIAL,Nov 30 FY; total net revenues.
Jefferies Financial Group Inc.,JEF,2021,2021-11-30,investment_banking_revenue,Investment banking,6141.8,USD Millions,SEC_FORM_10K,2022-01-28,0000096223-22-000006,https://www.sec.gov/ix?doc=/Archives/edgar/data/0000096223/000009622322000006/jef-20211130.htm,Item 8,Statements of Earnings / Segment,Item 7 / Item 8,us-gaap:InvestmentBankingRevenue,DIRECT,RAW_JEF_2021_investment_banking_revenue,PARTIAL,Underwriting and advisory revenues.
Jefferies Financial Group Inc.,JEF,2021,2021-11-30,dividends_paid,Dividends paid,222.8,USD Millions,SEC_FORM_10K,2022-01-28,0000096223-22-000006,https://www.sec.gov/ix?doc=/Archives/edgar/data/0000096223/000009622322000006/jef-20211130.htm,Item 8,Statements of Cash Flows,Item 7 / Item 8,us-gaap:PaymentsOfDividendsCommonStock,DIRECT,RAW_JEF_2021_dividends_paid,PARTIAL,Common dividends paid.
Jefferies Financial Group Inc.,JEF,2021,2021-11-30,share_repurchases,Repurchase of common stock,269.4,USD Millions,SEC_FORM_10K,2022-01-28,0000096223-22-000006,https://www.sec.gov/ix?doc=/Archives/edgar/data/0000096223/000009622322000006/jef-20211130.htm,Item 8,Statements of Cash Flows,Item 7 / Item 8,us-gaap:PaymentsForRepurchaseOfCommonStock,DIRECT,RAW_JEF_2021_share_repurchases,PARTIAL,Common shares repurchased.
Jefferies Financial Group Inc.,JEF,2021,2021-11-30,roe,Return on average common shareholders' equity,22.4,%,SEC_FORM_10K,2022-01-28,0000096223-22-000006,https://www.sec.gov/ix?doc=/Archives/edgar/data/0000096223/000009622322000006/jef-20211130.htm,Item 7,Financial Highlights,Item 7 / Item 8,,DIRECT,RAW_JEF_2021_roe,PARTIAL,Reported common equity return.
Jefferies Financial Group Inc.,JEF,2021,2021-11-30,rotce_or_rote,Return on average tangible common equity (ROTE),28.5,%,SEC_FORM_10K,2022-01-28,0000096223-22-000006,https://www.sec.gov/ix?doc=/Archives/edgar/data/0000096223/000009622322000006/jef-20211130.htm,Item 7,Financial Highlights,Item 7 / Item 8,,DIRECT,RAW_JEF_2021_rotce_or_rote,PARTIAL,Non-GAAP return on tangible equity.
Jefferies Financial Group Inc.,JEF,2021,2021-11-30,efficiency_or_overhead_ratio,Non-interest expense to net revenues,71.0,%,SEC_FORM_10K,2022-01-28,0000096223-22-000006,https://www.sec.gov/ix?doc=/Archives/edgar/data/0000096223/000009622322000006/jef-20211130.htm,Item 7,Selected Financial Data,Item 7 / Item 8,,DIRECT,RAW_JEF_2021_efficiency_or_overhead_ratio,PARTIAL,Reported efficiency ratio.
Jefferies Financial Group Inc.,JEF,2021,2021-11-30,cet1_standardized,N/A (Non-BHC broker-dealer),NOT_APPLICABLE,%,SEC_FORM_10K,2022-01-28,0000096223-22-000006,https://www.sec.gov/ix?doc=/Archives/edgar/data/0000096223/000009622322000006/jef-20211130.htm,Item 7,N/A,Item 7 / Item 8,,NOT_APPLICABLE,RAW_JEF_2021_cet1_standardized,NOT_APPLICABLE,Non-BHC broker-dealer under SEC Rule 15c3-1.
Jefferies Financial Group Inc.,JEF,2021,2021-11-30,tier1_leverage_ratio,N/A (Non-BHC broker-dealer),NOT_APPLICABLE,%,SEC_FORM_10K,2022-01-28,0000096223-22-000006,https://www.sec.gov/ix?doc=/Archives/edgar/data/0000096223/000009622322000006/jef-20211130.htm,Item 7,N/A,Item 7 / Item 8,,NOT_APPLICABLE,RAW_JEF_2021_tier1_leverage_ratio,NOT_APPLICABLE,Not subject to Federal Reserve rules.
Jefferies Financial Group Inc.,JEF,2021,2021-11-30,supplementary_leverage_ratio,N/A (Non-BHC broker-dealer),NOT_APPLICABLE,%,SEC_FORM_10K,2022-01-28,0000096223-22-000006,https://www.sec.gov/ix?doc=/Archives/edgar/data/0000096223/000009622322000006/jef-20211130.htm,Item 7,N/A,Item 7 / Item 8,,NOT_APPLICABLE,RAW_JEF_2021_supplementary_leverage_ratio,NOT_APPLICABLE,Not subject to SLR.
Jefferies Financial Group Inc.,JEF,2021,2021-11-30,tangible_common_equity,Tangible book value,7800.0,USD Millions,SEC_FORM_10K,2022-01-28,0000096223-22-000006,https://www.sec.gov/ix?doc=/Archives/edgar/data/0000096223/000009622322000006/jef-20211130.htm,Item 7,Tangible Book Value Reconciliation,Item 7 / Item 8,,DIRECT,RAW_JEF_2021_tangible_common_equity,PARTIAL,Common equity less intangibles.
Jefferies Financial Group Inc.,JEF,2021,2021-11-30,technology_or_business_investment,Technology and communications,310.0,USD Millions,SEC_FORM_10K,2022-01-28,0000096223-22-000006,https://www.sec.gov/ix?doc=/Archives/edgar/data/0000096223/000009622322000006/jef-20211130.htm,Item 8,Statements of Earnings,Item 7 / Item 8,us-gaap:CommunicationsAndInformationTechnology,DIRECT,RAW_JEF_2021_technology_or_business_investment,PARTIAL,Operating technology expense. Supplementary only.
Jefferies Financial Group Inc.,JEF,2021,2021-11-30,compensation_expense,Compensation and benefits,4550.0,USD Millions,SEC_FORM_10K,2022-01-28,0000096223-22-000006,https://www.sec.gov/ix?doc=/Archives/edgar/data/0000096223/000009622322000006/jef-20211130.htm,Item 8,Statements of Earnings,Item 7 / Item 8,us-gaap:LaborAndRelatedExpenses,DIRECT,RAW_JEF_2021_compensation_expense,PARTIAL,Total personnel costs.
Jefferies Financial Group Inc.,JEF,2021,2021-11-30,cash,Cash and cash equivalents,9200.0,USD Millions,SEC_FORM_10K,2022-01-28,0000096223-22-000006,https://www.sec.gov/ix?doc=/Archives/edgar/data/0000096223/000009622322000006/jef-20211130.htm,Item 8,Statements of Financial Condition,Item 7 / Item 8,us-gaap:CashAndCashEquivalentsAtCarryingValue,DIRECT,RAW_JEF_2021_cash,STRUCTURALLY_NON_COMPARABLE,Broker-dealer cash.
Jefferies Financial Group Inc.,JEF,2021,2021-11-30,debt,Long-term debt,15800.0,USD Millions,SEC_FORM_10K,2022-01-28,0000096223-22-000006,https://www.sec.gov/ix?doc=/Archives/edgar/data/0000096223/000009622322000006/jef-20211130.htm,Item 8,Statements of Financial Condition,Item 7 / Item 8,us-gaap:LongTermDebtNoncurrent,DIRECT,RAW_JEF_2021_debt,STRUCTURALLY_NON_COMPARABLE,Broker-dealer funding debt.
Jefferies Financial Group Inc.,JEF,2022,2022-11-30,net_revenue,Total net revenues,7149.3,USD Millions,SEC_FORM_10K,2023-01-27,0000096223-23-000009,https://www.sec.gov/ix?doc=/Archives/edgar/data/0000096223/000009622323000009/jef-20221130.htm,Item 8,Statements of Earnings,Item 7 / Item 8,us-gaap:RevenuesNetOfInterestExpense,DIRECT,RAW_JEF_2022_net_revenue,PARTIAL,Nov 30 FY; total net revenues.
Jefferies Financial Group Inc.,JEF,2022,2022-11-30,investment_banking_revenue,Investment banking,4742.9,USD Millions,SEC_FORM_10K,2023-01-27,0000096223-23-000009,https://www.sec.gov/ix?doc=/Archives/edgar/data/0000096223/000009622323000009/jef-20221130.htm,Item 8,Statements of Earnings / Segment,Item 7 / Item 8,us-gaap:InvestmentBankingRevenue,DIRECT,RAW_JEF_2022_investment_banking_revenue,PARTIAL,Underwriting and advisory revenues.
Jefferies Financial Group Inc.,JEF,2022,2022-11-30,dividends_paid,Dividends paid,280.1,USD Millions,SEC_FORM_10K,2023-01-27,0000096223-23-000009,https://www.sec.gov/ix?doc=/Archives/edgar/data/0000096223/000009622323000009/jef-20221130.htm,Item 8,Statements of Cash Flows,Item 7 / Item 8,us-gaap:PaymentsOfDividendsCommonStock,DIRECT,RAW_JEF_2022_dividends_paid,PARTIAL,Common dividends paid.
Jefferies Financial Group Inc.,JEF,2022,2022-11-30,share_repurchases,Repurchase of common stock,859.6,USD Millions,SEC_FORM_10K,2023-01-27,0000096223-23-000009,https://www.sec.gov/ix?doc=/Archives/edgar/data/0000096223/000009622323000009/jef-20221130.htm,Item 8,Statements of Cash Flows,Item 7 / Item 8,us-gaap:PaymentsForRepurchaseOfCommonStock,DIRECT,RAW_JEF_2022_share_repurchases,PARTIAL,Common shares repurchased.
Jefferies Financial Group Inc.,JEF,2022,2022-11-30,roe,Return on average common shareholders' equity,10.3,%,SEC_FORM_10K,2023-01-27,0000096223-23-000009,https://www.sec.gov/ix?doc=/Archives/edgar/data/0000096223/000009622323000009/jef-20221130.htm,Item 7,Financial Highlights,Item 7 / Item 8,,DIRECT,RAW_JEF_2022_roe,PARTIAL,Reported common equity return.
Jefferies Financial Group Inc.,JEF,2022,2022-11-30,rotce_or_rote,Return on average tangible common equity (ROTE),12.8,%,SEC_FORM_10K,2023-01-27,0000096223-23-000009,https://www.sec.gov/ix?doc=/Archives/edgar/data/0000096223/000009622323000009/jef-20221130.htm,Item 7,Financial Highlights,Item 7 / Item 8,,DIRECT,RAW_JEF_2022_rotce_or_rote,PARTIAL,Non-GAAP return on tangible equity.
Jefferies Financial Group Inc.,JEF,2022,2022-11-30,efficiency_or_overhead_ratio,Non-interest expense to net revenues,82.0,%,SEC_FORM_10K,2023-01-27,0000096223-23-000009,https://www.sec.gov/ix?doc=/Archives/edgar/data/0000096223/000009622323000009/jef-20221130.htm,Item 7,Selected Financial Data,Item 7 / Item 8,,DIRECT,RAW_JEF_2022_efficiency_or_overhead_ratio,PARTIAL,Reported efficiency ratio.
Jefferies Financial Group Inc.,JEF,2022,2022-11-30,cet1_standardized,N/A (Non-BHC broker-dealer),NOT_APPLICABLE,%,SEC_FORM_10K,2023-01-27,0000096223-23-000009,https://www.sec.gov/ix?doc=/Archives/edgar/data/0000096223/000009622323000009/jef-20221130.htm,Item 7,N/A,Item 7 / Item 8,,NOT_APPLICABLE,RAW_JEF_2022_cet1_standardized,NOT_APPLICABLE,Non-BHC broker-dealer.
Jefferies Financial Group Inc.,JEF,2022,2022-11-30,tier1_leverage_ratio,N/A (Non-BHC broker-dealer),NOT_APPLICABLE,%,SEC_FORM_10K,2023-01-27,0000096223-23-000009,https://www.sec.gov/ix?doc=/Archives/edgar/data/0000096223/000009622323000009/jef-20221130.htm,Item 7,N/A,Item 7 / Item 8,,NOT_APPLICABLE,RAW_JEF_2022_tier1_leverage_ratio,NOT_APPLICABLE,Not subject to Federal Reserve rules.
Jefferies Financial Group Inc.,JEF,2022,2022-11-30,supplementary_leverage_ratio,N/A (Non-BHC broker-dealer),NOT_APPLICABLE,%,SEC_FORM_10K,2023-01-27,0000096223-23-000009,https://www.sec.gov/ix?doc=/Archives/edgar/data/0000096223/000009622323000009/jef-20221130.htm,Item 7,N/A,Item 7 / Item 8,,NOT_APPLICABLE,RAW_JEF_2022_supplementary_leverage_ratio,NOT_APPLICABLE,Not subject to SLR.
Jefferies Financial Group Inc.,JEF,2022,2022-11-30,tangible_common_equity,Tangible book value,7200.0,USD Millions,SEC_FORM_10K,2023-01-27,0000096223-23-000009,https://www.sec.gov/ix?doc=/Archives/edgar/data/0000096223/000009622323000009/jef-20221130.htm,Item 7,Tangible Book Value Reconciliation,Item 7 / Item 8,,DIRECT,RAW_JEF_2022_tangible_common_equity,PARTIAL,Common equity less intangibles.
Jefferies Financial Group Inc.,JEF,2022,2022-11-30,technology_or_business_investment,Technology and communications,340.0,USD Millions,SEC_FORM_10K,2023-01-27,0000096223-23-000009,https://www.sec.gov/ix?doc=/Archives/edgar/data/0000096223/000009622323000009/jef-20221130.htm,Item 8,Statements of Earnings,Item 7 / Item 8,us-gaap:CommunicationsAndInformationTechnology,DIRECT,RAW_JEF_2022_technology_or_business_investment,PARTIAL,Operating technology expense. Supplementary only.
Jefferies Financial Group Inc.,JEF,2022,2022-11-30,compensation_expense,Compensation and benefits,4100.0,USD Millions,SEC_FORM_10K,2023-01-27,0000096223-23-000009,https://www.sec.gov/ix?doc=/Archives/edgar/data/0000096223/000009622323000009/jef-20221130.htm,Item 8,Statements of Earnings,Item 7 / Item 8,us-gaap:LaborAndRelatedExpenses,DIRECT,RAW_JEF_2022_compensation_expense,PARTIAL,Total personnel costs.
Jefferies Financial Group Inc.,JEF,2022,2022-11-30,cash,Cash and cash equivalents,8800.0,USD Millions,SEC_FORM_10K,2023-01-27,0000096223-23-000009,https://www.sec.gov/ix?doc=/Archives/edgar/data/0000096223/000009622323000009/jef-20221130.htm,Item 8,Statements of Financial Condition,Item 7 / Item 8,us-gaap:CashAndCashEquivalentsAtCarryingValue,DIRECT,RAW_JEF_2022_cash,STRUCTURALLY_NON_COMPARABLE,Broker-dealer cash.
Jefferies Financial Group Inc.,JEF,2022,2022-11-30,debt,Long-term debt,16200.0,USD Millions,SEC_FORM_10K,2023-01-27,0000096223-23-000009,https://www.sec.gov/ix?doc=/Archives/edgar/data/0000096223/000009622323000009/jef-20221130.htm,Item 8,Statements of Financial Condition,Item 7 / Item 8,us-gaap:LongTermDebtNoncurrent,DIRECT,RAW_JEF_2022_debt,STRUCTURALLY_NON_COMPARABLE,Broker-dealer funding debt.
Jefferies Financial Group Inc.,JEF,2023,2023-11-30,net_revenue,Total net revenues,7441.4,USD Millions,SEC_FORM_10K,2024-01-26,0000096223-24-000006,https://www.sec.gov/ix?doc=/Archives/edgar/data/0000096223/000009622324000006/jef-20231130.htm,Item 8,Statements of Earnings,Item 7 / Item 8,us-gaap:RevenuesNetOfInterestExpense,DIRECT,RAW_JEF_2023_net_revenue,PARTIAL,Nov 30 FY; total net revenues.
Jefferies Financial Group Inc.,JEF,2023,2023-11-30,investment_banking_revenue,Investment banking,3233.2,USD Millions,SEC_FORM_10K,2024-01-26,0000096223-24-000006,https://www.sec.gov/ix?doc=/Archives/edgar/data/0000096223/000009622324000006/jef-20231130.htm,Item 8,Statements of Earnings / Segment,Item 7 / Item 8,us-gaap:InvestmentBankingRevenue,DIRECT,RAW_JEF_2023_investment_banking_revenue,PARTIAL,Underwriting and advisory revenues.
Jefferies Financial Group Inc.,JEF,2023,2023-11-30,dividends_paid,Dividends paid,278.6,USD Millions,SEC_FORM_10K,2024-01-26,0000096223-24-000006,https://www.sec.gov/ix?doc=/Archives/edgar/data/0000096223/000009622324000006/jef-20231130.htm,Item 8,Statements of Cash Flows,Item 7 / Item 8,us-gaap:PaymentsOfDividendsCommonStock,DIRECT,RAW_JEF_2023_dividends_paid,PARTIAL,Common dividends paid.
Jefferies Financial Group Inc.,JEF,2023,2023-11-30,share_repurchases,Repurchase of common stock,169.4,USD Millions,SEC_FORM_10K,2024-01-26,0000096223-24-000006,https://www.sec.gov/ix?doc=/Archives/edgar/data/0000096223/000009622324000006/jef-20231130.htm,Item 8,Statements of Cash Flows,Item 7 / Item 8,us-gaap:PaymentsForRepurchaseOfCommonStock,DIRECT,RAW_JEF_2023_share_repurchases,PARTIAL,Common shares repurchased.
Jefferies Financial Group Inc.,JEF,2023,2023-11-30,roe,Return on average common shareholders' equity,5.6,%,SEC_FORM_10K,2024-01-26,0000096223-24-000006,https://www.sec.gov/ix?doc=/Archives/edgar/data/0000096223/000009622324000006/jef-20231130.htm,Item 7,Financial Highlights,Item 7 / Item 8,,DIRECT,RAW_JEF_2023_roe,PARTIAL,Reported common equity return.
Jefferies Financial Group Inc.,JEF,2023,2023-11-30,rotce_or_rote,Return on average tangible common equity (ROTE),7.1,%,SEC_FORM_10K,2024-01-26,0000096223-24-000006,https://www.sec.gov/ix?doc=/Archives/edgar/data/0000096223/000009622324000006/jef-20231130.htm,Item 7,Financial Highlights,Item 7 / Item 8,,DIRECT,RAW_JEF_2023_rotce_or_rote,PARTIAL,Non-GAAP return on tangible equity.
Jefferies Financial Group Inc.,JEF,2023,2023-11-30,efficiency_or_overhead_ratio,Non-interest expense to net revenues,88.0,%,SEC_FORM_10K,2024-01-26,0000096223-24-000006,https://www.sec.gov/ix?doc=/Archives/edgar/data/0000096223/000009622324000006/jef-20231130.htm,Item 7,Selected Financial Data,Item 7 / Item 8,,DIRECT,RAW_JEF_2023_efficiency_or_overhead_ratio,PARTIAL,Reported efficiency ratio.
Jefferies Financial Group Inc.,JEF,2023,2023-11-30,cet1_standardized,N/A (Non-BHC broker-dealer),NOT_APPLICABLE,%,SEC_FORM_10K,2024-01-26,0000096223-24-000006,https://www.sec.gov/ix?doc=/Archives/edgar/data/0000096223/000009622324000006/jef-20231130.htm,Item 7,N/A,Item 7 / Item 8,,NOT_APPLICABLE,RAW_JEF_2023_cet1_standardized,NOT_APPLICABLE,Non-BHC broker-dealer.
Jefferies Financial Group Inc.,JEF,2023,2023-11-30,tier1_leverage_ratio,N/A (Non-BHC broker-dealer),NOT_APPLICABLE,%,SEC_FORM_10K,2024-01-26,0000096223-24-000006,https://www.sec.gov/ix?doc=/Archives/edgar/data/0000096223/000009622324000006/jef-20231130.htm,Item 7,N/A,Item 7 / Item 8,,NOT_APPLICABLE,RAW_JEF_2023_tier1_leverage_ratio,NOT_APPLICABLE,Not subject to Federal Reserve rules.
Jefferies Financial Group Inc.,JEF,2023,2023-11-30,supplementary_leverage_ratio,N/A (Non-BHC broker-dealer),NOT_APPLICABLE,%,SEC_FORM_10K,2024-01-26,0000096223-24-000006,https://www.sec.gov/ix?doc=/Archives/edgar/data/0000096223/000009622324000006/jef-20231130.htm,Item 7,N/A,Item 7 / Item 8,,NOT_APPLICABLE,RAW_JEF_2023_supplementary_leverage_ratio,NOT_APPLICABLE,Not subject to SLR.
Jefferies Financial Group Inc.,JEF,2023,2023-11-30,tangible_common_equity,Tangible book value,7400.0,USD Millions,SEC_FORM_10K,2024-01-26,0000096223-24-000006,https://www.sec.gov/ix?doc=/Archives/edgar/data/0000096223/000009622324000006/jef-20231130.htm,Item 7,Tangible Book Value Reconciliation,Item 7 / Item 8,,DIRECT,RAW_JEF_2023_tangible_common_equity,PARTIAL,Common equity less intangibles.
Jefferies Financial Group Inc.,JEF,2023,2023-11-30,technology_or_business_investment,Technology and communications,365.0,USD Millions,SEC_FORM_10K,2024-01-26,0000096223-24-000006,https://www.sec.gov/ix?doc=/Archives/edgar/data/0000096223/000009622324000006/jef-20231130.htm,Item 8,Statements of Earnings,Item 7 / Item 8,us-gaap:CommunicationsAndInformationTechnology,DIRECT,RAW_JEF_2023_technology_or_business_investment,PARTIAL,Operating technology expense. Supplementary only.
Jefferies Financial Group Inc.,JEF,2023,2023-11-30,compensation_expense,Compensation and benefits,4300.0,USD Millions,SEC_FORM_10K,2024-01-26,0000096223-24-000006,https://www.sec.gov/ix?doc=/Archives/edgar/data/0000096223/000009622324000006/jef-20231130.htm,Item 8,Statements of Earnings,Item 7 / Item 8,us-gaap:LaborAndRelatedExpenses,DIRECT,RAW_JEF_2023_compensation_expense,PARTIAL,Total personnel costs.
Jefferies Financial Group Inc.,JEF,2023,2023-11-30,cash,Cash and cash equivalents,9100.0,USD Millions,SEC_FORM_10K,2024-01-26,0000096223-24-000006,https://www.sec.gov/ix?doc=/Archives/edgar/data/0000096223/000009622324000006/jef-20231130.htm,Item 8,Statements of Financial Condition,Item 7 / Item 8,us-gaap:CashAndCashEquivalentsAtCarryingValue,DIRECT,RAW_JEF_2023_cash,STRUCTURALLY_NON_COMPARABLE,Broker-dealer cash.
Jefferies Financial Group Inc.,JEF,2023,2023-11-30,debt,Long-term debt,17100.0,USD Millions,SEC_FORM_10K,2024-01-26,0000096223-24-000006,https://www.sec.gov/ix?doc=/Archives/edgar/data/0000096223/000009622324000006/jef-20231130.htm,Item 8,Statements of Financial Condition,Item 7 / Item 8,us-gaap:LongTermDebtNoncurrent,DIRECT,RAW_JEF_2023_debt,STRUCTURALLY_NON_COMPARABLE,Broker-dealer funding debt.
Jefferies Financial Group Inc.,JEF,2024,2024-11-30,net_revenue,Total net revenues,10515.1,USD Millions,SEC_FORM_10K,2025-01-28,0001628280-25-002833,https://www.sec.gov/ix?doc=/Archives/edgar/data/0000096223/000162828025002833/jef-20241130.htm,Item 8,Statements of Earnings,Item 7 / Item 8,us-gaap:RevenuesNetOfInterestExpense,DIRECT,RAW_JEF_2024_net_revenue,PARTIAL,Nov 30 FY; total net revenues.
Jefferies Financial Group Inc.,JEF,2024,2024-11-30,investment_banking_revenue,Investment banking,4858.0,USD Millions,SEC_FORM_10K,2025-01-28,0001628280-25-002833,https://www.sec.gov/ix?doc=/Archives/edgar/data/0000096223/000162828025002833/jef-20241130.htm,Item 8,Statements of Earnings / Segment,Item 7 / Item 8,us-gaap:InvestmentBankingRevenue,DIRECT,RAW_JEF_2024_investment_banking_revenue,PARTIAL,Underwriting and advisory revenues.
Jefferies Financial Group Inc.,JEF,2024,2024-11-30,dividends_paid,Dividends paid,303.0,USD Millions,SEC_FORM_10K,2025-01-28,0001628280-25-002833,https://www.sec.gov/ix?doc=/Archives/edgar/data/0000096223/000162828025002833/jef-20241130.htm,Item 8,Statements of Cash Flows,Item 7 / Item 8,us-gaap:PaymentsOfDividendsCommonStock,DIRECT,RAW_JEF_2024_dividends_paid,PARTIAL,Common dividends paid.
Jefferies Financial Group Inc.,JEF,2024,2024-11-30,share_repurchases,Repurchase of common stock,44.3,USD Millions,SEC_FORM_10K,2025-01-28,0001628280-25-002833,https://www.sec.gov/ix?doc=/Archives/edgar/data/0000096223/000162828025002833/jef-20241130.htm,Item 8,Statements of Cash Flows,Item 7 / Item 8,us-gaap:PaymentsForRepurchaseOfCommonStock,DIRECT,RAW_JEF_2024_share_repurchases,PARTIAL,Common shares repurchased.
Jefferies Financial Group Inc.,JEF,2024,2024-11-30,roe,Return on average common shareholders' equity,8.7,%,SEC_FORM_10K,2025-01-28,0001628280-25-002833,https://www.sec.gov/ix?doc=/Archives/edgar/data/0000096223/000162828025002833/jef-20241130.htm,Item 7,Financial Highlights,Item 7 / Item 8,,DIRECT,RAW_JEF_2024_roe,PARTIAL,Reported common equity return.
Jefferies Financial Group Inc.,JEF,2024,2024-11-30,rotce_or_rote,Return on average tangible common equity (ROTE),10.8,%,SEC_FORM_10K,2025-01-28,0001628280-25-002833,https://www.sec.gov/ix?doc=/Archives/edgar/data/0000096223/000162828025002833/jef-20241130.htm,Item 7,Financial Highlights,Item 7 / Item 8,,DIRECT,RAW_JEF_2024_rotce_or_rote,PARTIAL,Non-GAAP return on tangible equity.
Jefferies Financial Group Inc.,JEF,2024,2024-11-30,efficiency_or_overhead_ratio,Non-interest expense to net revenues,81.0,%,SEC_FORM_10K,2025-01-28,0001628280-25-002833,https://www.sec.gov/ix?doc=/Archives/edgar/data/0000096223/000162828025002833/jef-20241130.htm,Item 7,Selected Financial Data,Item 7 / Item 8,,DIRECT,RAW_JEF_2024_efficiency_or_overhead_ratio,PARTIAL,Reported efficiency ratio.
Jefferies Financial Group Inc.,JEF,2024,2024-11-30,cet1_standardized,N/A (Non-BHC broker-dealer),NOT_APPLICABLE,%,SEC_FORM_10K,2025-01-28,0001628280-25-002833,https://www.sec.gov/ix?doc=/Archives/edgar/data/0000096223/000162828025002833/jef-20241130.htm,Item 7,N/A,Item 7 / Item 8,,NOT_APPLICABLE,RAW_JEF_2024_cet1_standardized,NOT_APPLICABLE,Non-BHC broker-dealer.
Jefferies Financial Group Inc.,JEF,2024,2024-11-30,tier1_leverage_ratio,N/A (Non-BHC broker-dealer),NOT_APPLICABLE,%,SEC_FORM_10K,2025-01-28,0001628280-25-002833,https://www.sec.gov/ix?doc=/Archives/edgar/data/0000096223/000162828025002833/jef-20241130.htm,Item 7,N/A,Item 7 / Item 8,,NOT_APPLICABLE,RAW_JEF_2024_tier1_leverage_ratio,NOT_APPLICABLE,Not subject to Federal Reserve rules.
Jefferies Financial Group Inc.,JEF,2024,2024-11-30,supplementary_leverage_ratio,N/A (Non-BHC broker-dealer),NOT_APPLICABLE,%,SEC_FORM_10K,2025-01-28,0001628280-25-002833,https://www.sec.gov/ix?doc=/Archives/edgar/data/0000096223/000162828025002833/jef-20241130.htm,Item 7,N/A,Item 7 / Item 8,,NOT_APPLICABLE,RAW_JEF_2024_supplementary_leverage_ratio,NOT_APPLICABLE,Not subject to SLR.
Jefferies Financial Group Inc.,JEF,2024,2024-11-30,tangible_common_equity,Tangible book value,8200.0,USD Millions,SEC_FORM_10K,2025-01-28,0001628280-25-002833,https://www.sec.gov/ix?doc=/Archives/edgar/data/0000096223/000162828025002833/jef-20241130.htm,Item 7,Tangible Book Value Reconciliation,Item 7 / Item 8,,DIRECT,RAW_JEF_2024_tangible_common_equity,PARTIAL,Common equity less intangibles.
Jefferies Financial Group Inc.,JEF,2024,2024-11-30,technology_or_business_investment,Technology and communications,390.0,USD Millions,SEC_FORM_10K,2025-01-28,0001628280-25-002833,https://www.sec.gov/ix?doc=/Archives/edgar/data/0000096223/000162828025002833/jef-20241130.htm,Item 8,Statements of Earnings,Item 7 / Item 8,us-gaap:CommunicationsAndInformationTechnology,DIRECT,RAW_JEF_2024_technology_or_business_investment,PARTIAL,Operating technology expense. Supplementary only.
Jefferies Financial Group Inc.,JEF,2024,2024-11-30,compensation_expense,Compensation and benefits,5250.0,USD Millions,SEC_FORM_10K,2025-01-28,0001628280-25-002833,https://www.sec.gov/ix?doc=/Archives/edgar/data/0000096223/000162828025002833/jef-20241130.htm,Item 8,Statements of Earnings,Item 7 / Item 8,us-gaap:LaborAndRelatedExpenses,DIRECT,RAW_JEF_2024_compensation_expense,PARTIAL,Total personnel costs.
Jefferies Financial Group Inc.,JEF,2024,2024-11-30,cash,Cash and cash equivalents,9600.0,USD Millions,SEC_FORM_10K,2025-01-28,0001628280-25-002833,https://www.sec.gov/ix?doc=/Archives/edgar/data/0000096223/000162828025002833/jef-20241130.htm,Item 8,Statements of Financial Condition,Item 7 / Item 8,us-gaap:CashAndCashEquivalentsAtCarryingValue,DIRECT,RAW_JEF_2024_cash,STRUCTURALLY_NON_COMPARABLE,Broker-dealer cash.
Jefferies Financial Group Inc.,JEF,2024,2024-11-30,debt,Long-term debt,18500.0,USD Millions,SEC_FORM_10K,2025-01-28,0001628280-25-002833,https://www.sec.gov/ix?doc=/Archives/edgar/data/0000096223/000162828025002833/jef-20241130.htm,Item 8,Statements of Financial Condition,Item 7 / Item 8,us-gaap:LongTermDebtNoncurrent,DIRECT,RAW_JEF_2024_debt,STRUCTURALLY_NON_COMPARABLE,Broker-dealer funding debt.
