firm,ticker,fiscal_year,period_end,variable_name,reported_term,source_type,filing_date,accession_number,source_url,section,table,page,xbrl_tag,source_observation_id,status,comparability_class,notes
"Goldman Sachs Group, Inc.",GS,2020,2020-12-31,net_revenue,Total net revenues,SEC_FORM_10K,2021-02-22,0001193125-21-049380,https://www.sec.gov/ix?doc=/Archives/edgar/data/0000886982/000119312521049380/d39654d10k.htm,Item 8. Financial Statements,Consolidated Statements of Earnings / Operations / Income,Item 7 / Item 8,us-gaap:RevenuesNetOfInterestExpense,SRC_GS_2020_net_revenue,DIRECTLY_REPORTED,DIRECT,Primary GAAP revenue line from Consolidated Statements of Earnings/Operations.
"Goldman Sachs Group, Inc.",GS,2020,2020-12-31,investment_banking_revenue,Investment banking,SEC_FORM_10K,2021-02-22,0001193125-21-049380,https://www.sec.gov/ix?doc=/Archives/edgar/data/0000886982/000119312521049380/d39654d10k.htm,Item 8. Financial Statements / Notes,Segment Reporting / Consolidated Statements of Earnings,Item 7 / Item 8,us-gaap:InvestmentBankingRevenue,SRC_GS_2020_investment_banking_revenue,DIRECTLY_REPORTED,DIRECT,Gross investment banking / advisory and underwriting fees.
"Goldman Sachs Group, Inc.",GS,2020,2020-12-31,dividends_paid,Dividends paid,SEC_FORM_10K,2021-02-22,0001193125-21-049380,https://www.sec.gov/ix?doc=/Archives/edgar/data/0000886982/000119312521049380/d39654d10k.htm,Item 8. Financial Statements,Consolidated Statements of Cash Flows,Item 7 / Item 8,us-gaap:PaymentsOfDividends,SRC_GS_2020_dividends_paid,DIRECTLY_REPORTED,DIRECT,Audited cash outflow from Financing Activities in Consolidated Statement of Cash Flows.
"Goldman Sachs Group, Inc.",GS,2020,2020-12-31,share_repurchases,Repurchase of common stock,SEC_FORM_10K,2021-02-22,0001193125-21-049380,https://www.sec.gov/ix?doc=/Archives/edgar/data/0000886982/000119312521049380/d39654d10k.htm,Item 8. Financial Statements,Consolidated Statements of Cash Flows,Item 7 / Item 8,us-gaap:PaymentsForRepurchaseOfCommonStock,SRC_GS_2020_share_repurchases,DIRECTLY_REPORTED,DIRECT,Audited cash payments for equity retirement / treasury stock acquired from Financing Activities.
"Goldman Sachs Group, Inc.",GS,2020,2020-12-31,total_cash_returned,Total cash returned (Dividends paid + Share repurchases),SEC_FORM_10K,2021-02-22,0001193125-21-049380,https://www.sec.gov/ix?doc=/Archives/edgar/data/0000886982/000119312521049380/d39654d10k.htm,Item 8. Financial Statements,Consolidated Statements of Cash Flows (Derived),Item 7 / Item 8,Derived: CashFlows,SRC_GS_2020_total_cash_returned,DERIVED,DIRECT,"Derived: dividends_paid + share_repurchases (Inputs: SRC_GS_2020_dividends_paid, SRC_GS_2020_share_repurchases)"
"Goldman Sachs Group, Inc.",GS,2020,2020-12-31,roe,Return on average common shareholders' equity (ROE),SEC_FORM_10K,2021-02-22,0001193125-21-049380,https://www.sec.gov/ix?doc=/Archives/edgar/data/0000886982/000119312521049380/d39654d10k.htm,Item 7. MD&A,Financial Highlights / Executive Overview,Item 7 / Item 8,,SRC_GS_2020_roe,DIRECTLY_REPORTED,SUB_PANEL,Reported BHC performance metric in 10-K Item 7 Financial Highlights.
"Goldman Sachs Group, Inc.",GS,2020,2020-12-31,rotce_or_rote,Return on average tangible common equity (ROTCE / ROTE),SEC_FORM_10K,2021-02-22,0001193125-21-049380,https://www.sec.gov/ix?doc=/Archives/edgar/data/0000886982/000119312521049380/d39654d10k.htm,Item 7. MD&A,Non-GAAP Financial Measures Reconciliation,Item 7 / Item 8,,SRC_GS_2020_rotce_or_rote,DIRECTLY_REPORTED,SUB_PANEL,"GS, MS, JPM report ROTCE; SF reports ROTE. Core loss-absorbing capital productivity metric."
"Goldman Sachs Group, Inc.",GS,2020,2020-12-31,efficiency_ratio_or_overhead_ratio,Efficiency ratio,SEC_FORM_10K,2021-02-22,0001193125-21-049380,https://www.sec.gov/ix?doc=/Archives/edgar/data/0000886982/000119312521049380/d39654d10k.htm,Item 7. MD&A,Financial Highlights / Executive Overview,Item 7 / Item 8,,SRC_GS_2020_efficiency_ratio_or_overhead_ratio,DIRECTLY_REPORTED,SUB_PANEL,"Non-interest expense divided by net revenues. JPM reports Overhead Ratio; GS, MS, SF report Efficiency Ratio."
"Goldman Sachs Group, Inc.",GS,2020,2020-12-31,cet1_standardized,Standardized Common Equity Tier 1 (CET1) capital ratio,SEC_FORM_10K,2021-02-22,0001193125-21-049380,https://www.sec.gov/ix?doc=/Archives/edgar/data/0000886982/000119312521049380/d39654d10k.htm,Item 7. MD&A,Capital Resources / Regulatory Capital Disclosures,Item 7 / Item 8,,SRC_GS_2020_cet1_standardized,DIRECTLY_REPORTED,SUB_PANEL,Basel III Standardized Approach CET1 ratio as reported to Federal Reserve.
"Goldman Sachs Group, Inc.",GS,2020,2020-12-31,tier1_leverage_ratio,Tier 1 leverage ratio,SEC_FORM_10K,2021-02-22,0001193125-21-049380,https://www.sec.gov/ix?doc=/Archives/edgar/data/0000886982/000119312521049380/d39654d10k.htm,Item 7. MD&A,Capital Resources / Regulatory Capital Disclosures,Item 7 / Item 8,,SRC_GS_2020_tier1_leverage_ratio,DIRECTLY_REPORTED,SUB_PANEL,Federal Reserve Tier 1 leverage ratio (Tier 1 capital / adjusted average consolidated assets).
"Goldman Sachs Group, Inc.",GS,2020,2020-12-31,supplementary_leverage_ratio,Supplementary leverage ratio (SLR),SEC_FORM_10K,2021-02-22,0001193125-21-049380,https://www.sec.gov/ix?doc=/Archives/edgar/data/0000886982/000119312521049380/d39654d10k.htm,Item 7. MD&A,Capital Resources / Regulatory Capital Disclosures,Item 7 / Item 8,,SRC_GS_2020_supplementary_leverage_ratio,DIRECTLY_REPORTED,SUB_PANEL,Basel III Category I G-SIB Supplementary Leverage Ratio. (Note: 2020 regulatory relief exclusion of Treasuries/reserves ended Q1 2021).
"Goldman Sachs Group, Inc.",GS,2020,2020-12-31,tangible_common_equity,Tangible common equity (TCE),SEC_FORM_10K,2021-02-22,0001193125-21-049380,https://www.sec.gov/ix?doc=/Archives/edgar/data/0000886982/000119312521049380/d39654d10k.htm,Item 7. MD&A,Non-GAAP Financial Measures / Balance Sheet Reconciliation,Item 7 / Item 8,,SRC_GS_2020_tangible_common_equity,DIRECTLY_REPORTED,SUB_PANEL,Common equity less goodwill and identifiable intangible assets.
"Goldman Sachs Group, Inc.",GS,2020,2020-12-31,technology_or_business_investment,Communications and technology,SEC_FORM_10K,2021-02-22,0001193125-21-049380,https://www.sec.gov/ix?doc=/Archives/edgar/data/0000886982/000119312521049380/d39654d10k.htm,Item 8. Financial Statements / Notes,Non-Interest Expenses / Income Statement,Item 7 / Item 8,us-gaap:CommunicationsAndInformationTechnology,SRC_GS_2020_technology_or_business_investment,DIRECTLY_REPORTED,PARTIAL,"High-risk variable: captures operating tech expenses (market data, telecom, IT services). Excludes capitalized software and hardware capex. Quarantined."
"Goldman Sachs Group, Inc.",GS,2020,2020-12-31,relevant_balance_sheet_measure,Total assets,SEC_FORM_10K,2021-02-22,0001193125-21-049380,https://www.sec.gov/ix?doc=/Archives/edgar/data/0000886982/000119312521049380/d39654d10k.htm,Item 8. Financial Statements,Consolidated Statements of Financial Condition,Item 7 / Item 8,us-gaap:Assets,SRC_GS_2020_relevant_balance_sheet_measure,DIRECTLY_REPORTED,SUB_PANEL,Total consolidated balance sheet assets under U.S. GAAP.
"Goldman Sachs Group, Inc.",GS,2020,2020-12-31,compensation_expense,Compensation and benefits,SEC_FORM_10K,2021-02-22,0001193125-21-049380,https://www.sec.gov/ix?doc=/Archives/edgar/data/0000886982/000119312521049380/d39654d10k.htm,Item 8. Financial Statements,Consolidated Statements of Operations / Earnings,Item 7 / Item 8,us-gaap:LaborAndRelatedExpenses,SRC_GS_2020_compensation_expense,DIRECTLY_REPORTED,SUB_PANEL,GAAP compensation and benefits expense. Core capital allocation channel in advisory firms.
"Goldman Sachs Group, Inc.",GS,2020,2020-12-31,compensation_ratio,Derived compensation ratio: compensation_expense / net_revenue * 100,SEC_FORM_10K,2021-02-22,0001193125-21-049380,https://www.sec.gov/ix?doc=/Archives/edgar/data/0000886982/000119312521049380/d39654d10k.htm,Item 8. Financial Statements (Derived),Derived from Income Statement,Item 7 / Item 8,,SRC_GS_2020_compensation_ratio,DERIVED,SUB_PANEL,"Derived: compensation_expense / net_revenue * 100 (Inputs: SRC_GS_2020_compensation_expense, SRC_GS_2020_net_revenue)"
"Goldman Sachs Group, Inc.",GS,2020,2020-12-31,operating_income,N/A (BHCs report Pre-Tax Income; no operating income line),SEC_FORM_10K,2021-02-22,0001193125-21-049380,https://www.sec.gov/ix?doc=/Archives/edgar/data/0000886982/000119312521049380/d39654d10k.htm,Item 8. Financial Statements,N/A,Item 7 / Item 8,,SRC_GS_2020_operating_income,STRUCTURALLY_NON_COMPARABLE,STRUCTURALLY_NON_COMPARABLE,Bank accounting standards do not present an 'Operating Income' subtotal; banks report Income Before Income Taxes.
"Goldman Sachs Group, Inc.",GS,2020,2020-12-31,operating_margin,N/A,SEC_FORM_10K,2021-02-22,0001193125-21-049380,https://www.sec.gov/ix?doc=/Archives/edgar/data/0000886982/000119312521049380/d39654d10k.htm,N/A,N/A,Item 7 / Item 8,,SRC_GS_2020_operating_margin,STRUCTURALLY_NON_COMPARABLE,STRUCTURALLY_NON_COMPARABLE,Structurally non-comparable for BHCs due to lack of operating income line.
"Goldman Sachs Group, Inc.",GS,2020,2020-12-31,cash,N/A (Bank cash represents central bank fractional reserves),SEC_FORM_10K,2021-02-22,0001193125-21-049380,https://www.sec.gov/ix?doc=/Archives/edgar/data/0000886982/000119312521049380/d39654d10k.htm,Item 8. Financial Statements,N/A,Item 7 / Item 8,,SRC_GS_2020_cash,STRUCTURALLY_NON_COMPARABLE,STRUCTURALLY_NON_COMPARABLE,"Bank cash represents regulatory reserves and clearing balances, not discretionary corporate treasury cushions."
"Goldman Sachs Group, Inc.",GS,2020,2020-12-31,debt,N/A (Bank debt funds trading books and earning assets),SEC_FORM_10K,2021-02-22,0001193125-21-049380,https://www.sec.gov/ix?doc=/Archives/edgar/data/0000886982/000119312521049380/d39654d10k.htm,Item 8. Financial Statements,N/A,Item 7 / Item 8,,SRC_GS_2020_debt,STRUCTURALLY_NON_COMPARABLE,STRUCTURALLY_NON_COMPARABLE,"BHC debt is an operational funding mechanism for balance sheet intermediation, structurally distinct from corporate debt."
"Goldman Sachs Group, Inc.",GS,2020,2020-12-31,net_cash_or_net_debt,N/A,SEC_FORM_10K,2021-02-22,0001193125-21-049380,https://www.sec.gov/ix?doc=/Archives/edgar/data/0000886982/000119312521049380/d39654d10k.htm,N/A,N/A,Item 7 / Item 8,,SRC_GS_2020_net_cash_or_net_debt,NOT_APPLICABLE,NOT_APPLICABLE,Net debt is economically meaningless for bank holding companies.
"Goldman Sachs Group, Inc.",GS,2020,2020-12-31,technology_or_business_investment_if_available,N/A,SEC_FORM_10K,2021-02-22,0001193125-21-049380,https://www.sec.gov/ix?doc=/Archives/edgar/data/0000886982/000119312521049380/d39654d10k.htm,N/A,N/A,Item 7 / Item 8,,SRC_GS_2020_technology_or_business_investment_if_available,NOT_APPLICABLE,NOT_APPLICABLE,Tracked under BHC technology variable VAR_13 for Panel A and JEF.
"Goldman Sachs Group, Inc.",GS,2021,2021-12-31,net_revenue,Total net revenues,SEC_FORM_10K,2022-02-25,0001193125-22-052682,https://www.sec.gov/ix?doc=/Archives/edgar/data/0000886982/000119312522052682/d192225d10k.htm,Item 8. Financial Statements,Consolidated Statements of Earnings / Operations / Income,Item 7 / Item 8,us-gaap:RevenuesNetOfInterestExpense,SRC_GS_2021_net_revenue,DIRECTLY_REPORTED,DIRECT,Primary GAAP revenue line from Consolidated Statements of Earnings/Operations.
"Goldman Sachs Group, Inc.",GS,2021,2021-12-31,investment_banking_revenue,Investment banking,SEC_FORM_10K,2022-02-25,0001193125-22-052682,https://www.sec.gov/ix?doc=/Archives/edgar/data/0000886982/000119312522052682/d192225d10k.htm,Item 8. Financial Statements / Notes,Segment Reporting / Consolidated Statements of Earnings,Item 7 / Item 8,us-gaap:InvestmentBankingRevenue,SRC_GS_2021_investment_banking_revenue,DIRECTLY_REPORTED,DIRECT,Gross investment banking / advisory and underwriting fees.
"Goldman Sachs Group, Inc.",GS,2021,2021-12-31,dividends_paid,Dividends paid,SEC_FORM_10K,2022-02-25,0001193125-22-052682,https://www.sec.gov/ix?doc=/Archives/edgar/data/0000886982/000119312522052682/d192225d10k.htm,Item 8. Financial Statements,Consolidated Statements of Cash Flows,Item 7 / Item 8,us-gaap:PaymentsOfDividends,SRC_GS_2021_dividends_paid,DIRECTLY_REPORTED,DIRECT,Audited cash outflow from Financing Activities in Consolidated Statement of Cash Flows.
"Goldman Sachs Group, Inc.",GS,2021,2021-12-31,share_repurchases,Repurchase of common stock,SEC_FORM_10K,2022-02-25,0001193125-22-052682,https://www.sec.gov/ix?doc=/Archives/edgar/data/0000886982/000119312522052682/d192225d10k.htm,Item 8. Financial Statements,Consolidated Statements of Cash Flows,Item 7 / Item 8,us-gaap:PaymentsForRepurchaseOfCommonStock,SRC_GS_2021_share_repurchases,DIRECTLY_REPORTED,DIRECT,Audited cash payments for equity retirement / treasury stock acquired from Financing Activities.
"Goldman Sachs Group, Inc.",GS,2021,2021-12-31,total_cash_returned,Total cash returned (Dividends paid + Share repurchases),SEC_FORM_10K,2022-02-25,0001193125-22-052682,https://www.sec.gov/ix?doc=/Archives/edgar/data/0000886982/000119312522052682/d192225d10k.htm,Item 8. Financial Statements,Consolidated Statements of Cash Flows (Derived),Item 7 / Item 8,Derived: CashFlows,SRC_GS_2021_total_cash_returned,DERIVED,DIRECT,"Derived: dividends_paid + share_repurchases (Inputs: SRC_GS_2021_dividends_paid, SRC_GS_2021_share_repurchases)"
"Goldman Sachs Group, Inc.",GS,2021,2021-12-31,roe,Return on average common shareholders' equity (ROE),SEC_FORM_10K,2022-02-25,0001193125-22-052682,https://www.sec.gov/ix?doc=/Archives/edgar/data/0000886982/000119312522052682/d192225d10k.htm,Item 7. MD&A,Financial Highlights / Executive Overview,Item 7 / Item 8,,SRC_GS_2021_roe,DIRECTLY_REPORTED,SUB_PANEL,Reported BHC performance metric in 10-K Item 7 Financial Highlights.
"Goldman Sachs Group, Inc.",GS,2021,2021-12-31,rotce_or_rote,Return on average tangible common equity (ROTCE / ROTE),SEC_FORM_10K,2022-02-25,0001193125-22-052682,https://www.sec.gov/ix?doc=/Archives/edgar/data/0000886982/000119312522052682/d192225d10k.htm,Item 7. MD&A,Non-GAAP Financial Measures Reconciliation,Item 7 / Item 8,,SRC_GS_2021_rotce_or_rote,DIRECTLY_REPORTED,SUB_PANEL,"GS, MS, JPM report ROTCE; SF reports ROTE. Core loss-absorbing capital productivity metric."
"Goldman Sachs Group, Inc.",GS,2021,2021-12-31,efficiency_ratio_or_overhead_ratio,Efficiency ratio,SEC_FORM_10K,2022-02-25,0001193125-22-052682,https://www.sec.gov/ix?doc=/Archives/edgar/data/0000886982/000119312522052682/d192225d10k.htm,Item 7. MD&A,Financial Highlights / Executive Overview,Item 7 / Item 8,,SRC_GS_2021_efficiency_ratio_or_overhead_ratio,DIRECTLY_REPORTED,SUB_PANEL,"Non-interest expense divided by net revenues. JPM reports Overhead Ratio; GS, MS, SF report Efficiency Ratio."
"Goldman Sachs Group, Inc.",GS,2021,2021-12-31,cet1_standardized,Standardized Common Equity Tier 1 (CET1) capital ratio,SEC_FORM_10K,2022-02-25,0001193125-22-052682,https://www.sec.gov/ix?doc=/Archives/edgar/data/0000886982/000119312522052682/d192225d10k.htm,Item 7. MD&A,Capital Resources / Regulatory Capital Disclosures,Item 7 / Item 8,,SRC_GS_2021_cet1_standardized,DIRECTLY_REPORTED,SUB_PANEL,Basel III Standardized Approach CET1 ratio as reported to Federal Reserve.
"Goldman Sachs Group, Inc.",GS,2021,2021-12-31,tier1_leverage_ratio,Tier 1 leverage ratio,SEC_FORM_10K,2022-02-25,0001193125-22-052682,https://www.sec.gov/ix?doc=/Archives/edgar/data/0000886982/000119312522052682/d192225d10k.htm,Item 7. MD&A,Capital Resources / Regulatory Capital Disclosures,Item 7 / Item 8,,SRC_GS_2021_tier1_leverage_ratio,DIRECTLY_REPORTED,SUB_PANEL,Federal Reserve Tier 1 leverage ratio (Tier 1 capital / adjusted average consolidated assets).
"Goldman Sachs Group, Inc.",GS,2021,2021-12-31,supplementary_leverage_ratio,Supplementary leverage ratio (SLR),SEC_FORM_10K,2022-02-25,0001193125-22-052682,https://www.sec.gov/ix?doc=/Archives/edgar/data/0000886982/000119312522052682/d192225d10k.htm,Item 7. MD&A,Capital Resources / Regulatory Capital Disclosures,Item 7 / Item 8,,SRC_GS_2021_supplementary_leverage_ratio,DIRECTLY_REPORTED,SUB_PANEL,Basel III Category I G-SIB Supplementary Leverage Ratio. (Note: 2020 regulatory relief exclusion of Treasuries/reserves ended Q1 2021).
"Goldman Sachs Group, Inc.",GS,2021,2021-12-31,tangible_common_equity,Tangible common equity (TCE),SEC_FORM_10K,2022-02-25,0001193125-22-052682,https://www.sec.gov/ix?doc=/Archives/edgar/data/0000886982/000119312522052682/d192225d10k.htm,Item 7. MD&A,Non-GAAP Financial Measures / Balance Sheet Reconciliation,Item 7 / Item 8,,SRC_GS_2021_tangible_common_equity,DIRECTLY_REPORTED,SUB_PANEL,Common equity less goodwill and identifiable intangible assets.
"Goldman Sachs Group, Inc.",GS,2021,2021-12-31,technology_or_business_investment,Communications and technology,SEC_FORM_10K,2022-02-25,0001193125-22-052682,https://www.sec.gov/ix?doc=/Archives/edgar/data/0000886982/000119312522052682/d192225d10k.htm,Item 8. Financial Statements / Notes,Non-Interest Expenses / Income Statement,Item 7 / Item 8,us-gaap:CommunicationsAndInformationTechnology,SRC_GS_2021_technology_or_business_investment,DIRECTLY_REPORTED,PARTIAL,"High-risk variable: captures operating tech expenses (market data, telecom, IT services). Excludes capitalized software and hardware capex. Quarantined."
"Goldman Sachs Group, Inc.",GS,2021,2021-12-31,relevant_balance_sheet_measure,Total assets,SEC_FORM_10K,2022-02-25,0001193125-22-052682,https://www.sec.gov/ix?doc=/Archives/edgar/data/0000886982/000119312522052682/d192225d10k.htm,Item 8. Financial Statements,Consolidated Statements of Financial Condition,Item 7 / Item 8,us-gaap:Assets,SRC_GS_2021_relevant_balance_sheet_measure,DIRECTLY_REPORTED,SUB_PANEL,Total consolidated balance sheet assets under U.S. GAAP.
"Goldman Sachs Group, Inc.",GS,2021,2021-12-31,compensation_expense,Compensation and benefits,SEC_FORM_10K,2022-02-25,0001193125-22-052682,https://www.sec.gov/ix?doc=/Archives/edgar/data/0000886982/000119312522052682/d192225d10k.htm,Item 8. Financial Statements,Consolidated Statements of Operations / Earnings,Item 7 / Item 8,us-gaap:LaborAndRelatedExpenses,SRC_GS_2021_compensation_expense,DIRECTLY_REPORTED,SUB_PANEL,GAAP compensation and benefits expense. Core capital allocation channel in advisory firms.
"Goldman Sachs Group, Inc.",GS,2021,2021-12-31,compensation_ratio,Derived compensation ratio: compensation_expense / net_revenue * 100,SEC_FORM_10K,2022-02-25,0001193125-22-052682,https://www.sec.gov/ix?doc=/Archives/edgar/data/0000886982/000119312522052682/d192225d10k.htm,Item 8. Financial Statements (Derived),Derived from Income Statement,Item 7 / Item 8,,SRC_GS_2021_compensation_ratio,DERIVED,SUB_PANEL,"Derived: compensation_expense / net_revenue * 100 (Inputs: SRC_GS_2021_compensation_expense, SRC_GS_2021_net_revenue)"
"Goldman Sachs Group, Inc.",GS,2021,2021-12-31,operating_income,N/A (BHCs report Pre-Tax Income; no operating income line),SEC_FORM_10K,2022-02-25,0001193125-22-052682,https://www.sec.gov/ix?doc=/Archives/edgar/data/0000886982/000119312522052682/d192225d10k.htm,Item 8. Financial Statements,N/A,Item 7 / Item 8,,SRC_GS_2021_operating_income,STRUCTURALLY_NON_COMPARABLE,STRUCTURALLY_NON_COMPARABLE,Bank accounting standards do not present an 'Operating Income' subtotal; banks report Income Before Income Taxes.
"Goldman Sachs Group, Inc.",GS,2021,2021-12-31,operating_margin,N/A,SEC_FORM_10K,2022-02-25,0001193125-22-052682,https://www.sec.gov/ix?doc=/Archives/edgar/data/0000886982/000119312522052682/d192225d10k.htm,N/A,N/A,Item 7 / Item 8,,SRC_GS_2021_operating_margin,STRUCTURALLY_NON_COMPARABLE,STRUCTURALLY_NON_COMPARABLE,Structurally non-comparable for BHCs due to lack of operating income line.
"Goldman Sachs Group, Inc.",GS,2021,2021-12-31,cash,N/A (Bank cash represents central bank fractional reserves),SEC_FORM_10K,2022-02-25,0001193125-22-052682,https://www.sec.gov/ix?doc=/Archives/edgar/data/0000886982/000119312522052682/d192225d10k.htm,Item 8. Financial Statements,N/A,Item 7 / Item 8,,SRC_GS_2021_cash,STRUCTURALLY_NON_COMPARABLE,STRUCTURALLY_NON_COMPARABLE,"Bank cash represents regulatory reserves and clearing balances, not discretionary corporate treasury cushions."
"Goldman Sachs Group, Inc.",GS,2021,2021-12-31,debt,N/A (Bank debt funds trading books and earning assets),SEC_FORM_10K,2022-02-25,0001193125-22-052682,https://www.sec.gov/ix?doc=/Archives/edgar/data/0000886982/000119312522052682/d192225d10k.htm,Item 8. Financial Statements,N/A,Item 7 / Item 8,,SRC_GS_2021_debt,STRUCTURALLY_NON_COMPARABLE,STRUCTURALLY_NON_COMPARABLE,"BHC debt is an operational funding mechanism for balance sheet intermediation, structurally distinct from corporate debt."
"Goldman Sachs Group, Inc.",GS,2021,2021-12-31,net_cash_or_net_debt,N/A,SEC_FORM_10K,2022-02-25,0001193125-22-052682,https://www.sec.gov/ix?doc=/Archives/edgar/data/0000886982/000119312522052682/d192225d10k.htm,N/A,N/A,Item 7 / Item 8,,SRC_GS_2021_net_cash_or_net_debt,NOT_APPLICABLE,NOT_APPLICABLE,Net debt is economically meaningless for bank holding companies.
"Goldman Sachs Group, Inc.",GS,2021,2021-12-31,technology_or_business_investment_if_available,N/A,SEC_FORM_10K,2022-02-25,0001193125-22-052682,https://www.sec.gov/ix?doc=/Archives/edgar/data/0000886982/000119312522052682/d192225d10k.htm,N/A,N/A,Item 7 / Item 8,,SRC_GS_2021_technology_or_business_investment_if_available,NOT_APPLICABLE,NOT_APPLICABLE,Tracked under BHC technology variable VAR_13 for Panel A and JEF.
"Goldman Sachs Group, Inc.",GS,2022,2022-12-31,net_revenue,Total net revenues,SEC_FORM_10K,2023-02-24,0000886982-23-000003,https://www.sec.gov/ix?doc=/Archives/edgar/data/0000886982/000088698223000003/gs-20221231.htm,Item 8. Financial Statements,Consolidated Statements of Earnings / Operations / Income,Item 7 / Item 8,us-gaap:RevenuesNetOfInterestExpense,SRC_GS_2022_net_revenue,DIRECTLY_REPORTED,DIRECT,Primary GAAP revenue line from Consolidated Statements of Earnings/Operations.
"Goldman Sachs Group, Inc.",GS,2022,2022-12-31,investment_banking_revenue,Investment banking,SEC_FORM_10K,2023-02-24,0000886982-23-000003,https://www.sec.gov/ix?doc=/Archives/edgar/data/0000886982/000088698223000003/gs-20221231.htm,Item 8. Financial Statements / Notes,Segment Reporting / Consolidated Statements of Earnings,Item 7 / Item 8,us-gaap:InvestmentBankingRevenue,SRC_GS_2022_investment_banking_revenue,DIRECTLY_REPORTED,DIRECT,Gross investment banking / advisory and underwriting fees.
"Goldman Sachs Group, Inc.",GS,2022,2022-12-31,dividends_paid,Dividends paid,SEC_FORM_10K,2023-02-24,0000886982-23-000003,https://www.sec.gov/ix?doc=/Archives/edgar/data/0000886982/000088698223000003/gs-20221231.htm,Item 8. Financial Statements,Consolidated Statements of Cash Flows,Item 7 / Item 8,us-gaap:PaymentsOfDividends,SRC_GS_2022_dividends_paid,DIRECTLY_REPORTED,DIRECT,Audited cash outflow from Financing Activities in Consolidated Statement of Cash Flows.
"Goldman Sachs Group, Inc.",GS,2022,2022-12-31,share_repurchases,Repurchase of common stock,SEC_FORM_10K,2023-02-24,0000886982-23-000003,https://www.sec.gov/ix?doc=/Archives/edgar/data/0000886982/000088698223000003/gs-20221231.htm,Item 8. Financial Statements,Consolidated Statements of Cash Flows,Item 7 / Item 8,us-gaap:PaymentsForRepurchaseOfCommonStock,SRC_GS_2022_share_repurchases,DIRECTLY_REPORTED,DIRECT,Audited cash payments for equity retirement / treasury stock acquired from Financing Activities.
"Goldman Sachs Group, Inc.",GS,2022,2022-12-31,total_cash_returned,Total cash returned (Dividends paid + Share repurchases),SEC_FORM_10K,2023-02-24,0000886982-23-000003,https://www.sec.gov/ix?doc=/Archives/edgar/data/0000886982/000088698223000003/gs-20221231.htm,Item 8. Financial Statements,Consolidated Statements of Cash Flows (Derived),Item 7 / Item 8,Derived: CashFlows,SRC_GS_2022_total_cash_returned,DERIVED,DIRECT,"Derived: dividends_paid + share_repurchases (Inputs: SRC_GS_2022_dividends_paid, SRC_GS_2022_share_repurchases)"
"Goldman Sachs Group, Inc.",GS,2022,2022-12-31,roe,Return on average common shareholders' equity (ROE),SEC_FORM_10K,2023-02-24,0000886982-23-000003,https://www.sec.gov/ix?doc=/Archives/edgar/data/0000886982/000088698223000003/gs-20221231.htm,Item 7. MD&A,Financial Highlights / Executive Overview,Item 7 / Item 8,,SRC_GS_2022_roe,DIRECTLY_REPORTED,SUB_PANEL,Reported BHC performance metric in 10-K Item 7 Financial Highlights.
"Goldman Sachs Group, Inc.",GS,2022,2022-12-31,rotce_or_rote,Return on average tangible common equity (ROTCE / ROTE),SEC_FORM_10K,2023-02-24,0000886982-23-000003,https://www.sec.gov/ix?doc=/Archives/edgar/data/0000886982/000088698223000003/gs-20221231.htm,Item 7. MD&A,Non-GAAP Financial Measures Reconciliation,Item 7 / Item 8,,SRC_GS_2022_rotce_or_rote,DIRECTLY_REPORTED,SUB_PANEL,"GS, MS, JPM report ROTCE; SF reports ROTE. Core loss-absorbing capital productivity metric."
"Goldman Sachs Group, Inc.",GS,2022,2022-12-31,efficiency_ratio_or_overhead_ratio,Efficiency ratio,SEC_FORM_10K,2023-02-24,0000886982-23-000003,https://www.sec.gov/ix?doc=/Archives/edgar/data/0000886982/000088698223000003/gs-20221231.htm,Item 7. MD&A,Financial Highlights / Executive Overview,Item 7 / Item 8,,SRC_GS_2022_efficiency_ratio_or_overhead_ratio,DIRECTLY_REPORTED,SUB_PANEL,"Non-interest expense divided by net revenues. JPM reports Overhead Ratio; GS, MS, SF report Efficiency Ratio."
"Goldman Sachs Group, Inc.",GS,2022,2022-12-31,cet1_standardized,Standardized Common Equity Tier 1 (CET1) capital ratio,SEC_FORM_10K,2023-02-24,0000886982-23-000003,https://www.sec.gov/ix?doc=/Archives/edgar/data/0000886982/000088698223000003/gs-20221231.htm,Item 7. MD&A,Capital Resources / Regulatory Capital Disclosures,Item 7 / Item 8,,SRC_GS_2022_cet1_standardized,DIRECTLY_REPORTED,SUB_PANEL,Basel III Standardized Approach CET1 ratio as reported to Federal Reserve.
"Goldman Sachs Group, Inc.",GS,2022,2022-12-31,tier1_leverage_ratio,Tier 1 leverage ratio,SEC_FORM_10K,2023-02-24,0000886982-23-000003,https://www.sec.gov/ix?doc=/Archives/edgar/data/0000886982/000088698223000003/gs-20221231.htm,Item 7. MD&A,Capital Resources / Regulatory Capital Disclosures,Item 7 / Item 8,,SRC_GS_2022_tier1_leverage_ratio,DIRECTLY_REPORTED,SUB_PANEL,Federal Reserve Tier 1 leverage ratio (Tier 1 capital / adjusted average consolidated assets).
"Goldman Sachs Group, Inc.",GS,2022,2022-12-31,supplementary_leverage_ratio,Supplementary leverage ratio (SLR),SEC_FORM_10K,2023-02-24,0000886982-23-000003,https://www.sec.gov/ix?doc=/Archives/edgar/data/0000886982/000088698223000003/gs-20221231.htm,Item 7. MD&A,Capital Resources / Regulatory Capital Disclosures,Item 7 / Item 8,,SRC_GS_2022_supplementary_leverage_ratio,DIRECTLY_REPORTED,SUB_PANEL,Basel III Category I G-SIB Supplementary Leverage Ratio. (Note: 2020 regulatory relief exclusion of Treasuries/reserves ended Q1 2021).
"Goldman Sachs Group, Inc.",GS,2022,2022-12-31,tangible_common_equity,Tangible common equity (TCE),SEC_FORM_10K,2023-02-24,0000886982-23-000003,https://www.sec.gov/ix?doc=/Archives/edgar/data/0000886982/000088698223000003/gs-20221231.htm,Item 7. MD&A,Non-GAAP Financial Measures / Balance Sheet Reconciliation,Item 7 / Item 8,,SRC_GS_2022_tangible_common_equity,DIRECTLY_REPORTED,SUB_PANEL,Common equity less goodwill and identifiable intangible assets.
"Goldman Sachs Group, Inc.",GS,2022,2022-12-31,technology_or_business_investment,Communications and technology,SEC_FORM_10K,2023-02-24,0000886982-23-000003,https://www.sec.gov/ix?doc=/Archives/edgar/data/0000886982/000088698223000003/gs-20221231.htm,Item 8. Financial Statements / Notes,Non-Interest Expenses / Income Statement,Item 7 / Item 8,us-gaap:CommunicationsAndInformationTechnology,SRC_GS_2022_technology_or_business_investment,DIRECTLY_REPORTED,PARTIAL,"High-risk variable: captures operating tech expenses (market data, telecom, IT services). Excludes capitalized software and hardware capex. Quarantined."
"Goldman Sachs Group, Inc.",GS,2022,2022-12-31,relevant_balance_sheet_measure,Total assets,SEC_FORM_10K,2023-02-24,0000886982-23-000003,https://www.sec.gov/ix?doc=/Archives/edgar/data/0000886982/000088698223000003/gs-20221231.htm,Item 8. Financial Statements,Consolidated Statements of Financial Condition,Item 7 / Item 8,us-gaap:Assets,SRC_GS_2022_relevant_balance_sheet_measure,DIRECTLY_REPORTED,SUB_PANEL,Total consolidated balance sheet assets under U.S. GAAP.
"Goldman Sachs Group, Inc.",GS,2022,2022-12-31,compensation_expense,Compensation and benefits,SEC_FORM_10K,2023-02-24,0000886982-23-000003,https://www.sec.gov/ix?doc=/Archives/edgar/data/0000886982/000088698223000003/gs-20221231.htm,Item 8. Financial Statements,Consolidated Statements of Operations / Earnings,Item 7 / Item 8,us-gaap:LaborAndRelatedExpenses,SRC_GS_2022_compensation_expense,DIRECTLY_REPORTED,SUB_PANEL,GAAP compensation and benefits expense. Core capital allocation channel in advisory firms.
"Goldman Sachs Group, Inc.",GS,2022,2022-12-31,compensation_ratio,Derived compensation ratio: compensation_expense / net_revenue * 100,SEC_FORM_10K,2023-02-24,0000886982-23-000003,https://www.sec.gov/ix?doc=/Archives/edgar/data/0000886982/000088698223000003/gs-20221231.htm,Item 8. Financial Statements (Derived),Derived from Income Statement,Item 7 / Item 8,,SRC_GS_2022_compensation_ratio,DERIVED,SUB_PANEL,"Derived: compensation_expense / net_revenue * 100 (Inputs: SRC_GS_2022_compensation_expense, SRC_GS_2022_net_revenue)"
"Goldman Sachs Group, Inc.",GS,2022,2022-12-31,operating_income,N/A (BHCs report Pre-Tax Income; no operating income line),SEC_FORM_10K,2023-02-24,0000886982-23-000003,https://www.sec.gov/ix?doc=/Archives/edgar/data/0000886982/000088698223000003/gs-20221231.htm,Item 8. Financial Statements,N/A,Item 7 / Item 8,,SRC_GS_2022_operating_income,STRUCTURALLY_NON_COMPARABLE,STRUCTURALLY_NON_COMPARABLE,Bank accounting standards do not present an 'Operating Income' subtotal; banks report Income Before Income Taxes.
"Goldman Sachs Group, Inc.",GS,2022,2022-12-31,operating_margin,N/A,SEC_FORM_10K,2023-02-24,0000886982-23-000003,https://www.sec.gov/ix?doc=/Archives/edgar/data/0000886982/000088698223000003/gs-20221231.htm,N/A,N/A,Item 7 / Item 8,,SRC_GS_2022_operating_margin,STRUCTURALLY_NON_COMPARABLE,STRUCTURALLY_NON_COMPARABLE,Structurally non-comparable for BHCs due to lack of operating income line.
"Goldman Sachs Group, Inc.",GS,2022,2022-12-31,cash,N/A (Bank cash represents central bank fractional reserves),SEC_FORM_10K,2023-02-24,0000886982-23-000003,https://www.sec.gov/ix?doc=/Archives/edgar/data/0000886982/000088698223000003/gs-20221231.htm,Item 8. Financial Statements,N/A,Item 7 / Item 8,,SRC_GS_2022_cash,STRUCTURALLY_NON_COMPARABLE,STRUCTURALLY_NON_COMPARABLE,"Bank cash represents regulatory reserves and clearing balances, not discretionary corporate treasury cushions."
"Goldman Sachs Group, Inc.",GS,2022,2022-12-31,debt,N/A (Bank debt funds trading books and earning assets),SEC_FORM_10K,2023-02-24,0000886982-23-000003,https://www.sec.gov/ix?doc=/Archives/edgar/data/0000886982/000088698223000003/gs-20221231.htm,Item 8. Financial Statements,N/A,Item 7 / Item 8,,SRC_GS_2022_debt,STRUCTURALLY_NON_COMPARABLE,STRUCTURALLY_NON_COMPARABLE,"BHC debt is an operational funding mechanism for balance sheet intermediation, structurally distinct from corporate debt."
"Goldman Sachs Group, Inc.",GS,2022,2022-12-31,net_cash_or_net_debt,N/A,SEC_FORM_10K,2023-02-24,0000886982-23-000003,https://www.sec.gov/ix?doc=/Archives/edgar/data/0000886982/000088698223000003/gs-20221231.htm,N/A,N/A,Item 7 / Item 8,,SRC_GS_2022_net_cash_or_net_debt,NOT_APPLICABLE,NOT_APPLICABLE,Net debt is economically meaningless for bank holding companies.
"Goldman Sachs Group, Inc.",GS,2022,2022-12-31,technology_or_business_investment_if_available,N/A,SEC_FORM_10K,2023-02-24,0000886982-23-000003,https://www.sec.gov/ix?doc=/Archives/edgar/data/0000886982/000088698223000003/gs-20221231.htm,N/A,N/A,Item 7 / Item 8,,SRC_GS_2022_technology_or_business_investment_if_available,NOT_APPLICABLE,NOT_APPLICABLE,Tracked under BHC technology variable VAR_13 for Panel A and JEF.
"Goldman Sachs Group, Inc.",GS,2023,2023-12-31,net_revenue,Total net revenues,SEC_FORM_10K,2024-02-23,0000886982-24-000006,https://www.sec.gov/ix?doc=/Archives/edgar/data/0000886982/000088698224000006/gs-20231231.htm,Item 8. Financial Statements,Consolidated Statements of Earnings / Operations / Income,Item 7 / Item 8,us-gaap:RevenuesNetOfInterestExpense,SRC_GS_2023_net_revenue,DIRECTLY_REPORTED,DIRECT,Primary GAAP revenue line from Consolidated Statements of Earnings/Operations.
"Goldman Sachs Group, Inc.",GS,2023,2023-12-31,investment_banking_revenue,Investment banking,SEC_FORM_10K,2024-02-23,0000886982-24-000006,https://www.sec.gov/ix?doc=/Archives/edgar/data/0000886982/000088698224000006/gs-20231231.htm,Item 8. Financial Statements / Notes,Segment Reporting / Consolidated Statements of Earnings,Item 7 / Item 8,us-gaap:InvestmentBankingRevenue,SRC_GS_2023_investment_banking_revenue,DIRECTLY_REPORTED,DIRECT,Gross investment banking / advisory and underwriting fees.
"Goldman Sachs Group, Inc.",GS,2023,2023-12-31,dividends_paid,Dividends paid,SEC_FORM_10K,2024-02-23,0000886982-24-000006,https://www.sec.gov/ix?doc=/Archives/edgar/data/0000886982/000088698224000006/gs-20231231.htm,Item 8. Financial Statements,Consolidated Statements of Cash Flows,Item 7 / Item 8,us-gaap:PaymentsOfDividends,SRC_GS_2023_dividends_paid,DIRECTLY_REPORTED,DIRECT,Audited cash outflow from Financing Activities in Consolidated Statement of Cash Flows.
"Goldman Sachs Group, Inc.",GS,2023,2023-12-31,share_repurchases,Repurchase of common stock,SEC_FORM_10K,2024-02-23,0000886982-24-000006,https://www.sec.gov/ix?doc=/Archives/edgar/data/0000886982/000088698224000006/gs-20231231.htm,Item 8. Financial Statements,Consolidated Statements of Cash Flows,Item 7 / Item 8,us-gaap:PaymentsForRepurchaseOfCommonStock,SRC_GS_2023_share_repurchases,DIRECTLY_REPORTED,DIRECT,Audited cash payments for equity retirement / treasury stock acquired from Financing Activities.
"Goldman Sachs Group, Inc.",GS,2023,2023-12-31,total_cash_returned,Total cash returned (Dividends paid + Share repurchases),SEC_FORM_10K,2024-02-23,0000886982-24-000006,https://www.sec.gov/ix?doc=/Archives/edgar/data/0000886982/000088698224000006/gs-20231231.htm,Item 8. Financial Statements,Consolidated Statements of Cash Flows (Derived),Item 7 / Item 8,Derived: CashFlows,SRC_GS_2023_total_cash_returned,DERIVED,DIRECT,"Derived: dividends_paid + share_repurchases (Inputs: SRC_GS_2023_dividends_paid, SRC_GS_2023_share_repurchases)"
"Goldman Sachs Group, Inc.",GS,2023,2023-12-31,roe,Return on average common shareholders' equity (ROE),SEC_FORM_10K,2024-02-23,0000886982-24-000006,https://www.sec.gov/ix?doc=/Archives/edgar/data/0000886982/000088698224000006/gs-20231231.htm,Item 7. MD&A,Financial Highlights / Executive Overview,Item 7 / Item 8,,SRC_GS_2023_roe,DIRECTLY_REPORTED,SUB_PANEL,Reported BHC performance metric in 10-K Item 7 Financial Highlights.
"Goldman Sachs Group, Inc.",GS,2023,2023-12-31,rotce_or_rote,Return on average tangible common equity (ROTCE / ROTE),SEC_FORM_10K,2024-02-23,0000886982-24-000006,https://www.sec.gov/ix?doc=/Archives/edgar/data/0000886982/000088698224000006/gs-20231231.htm,Item 7. MD&A,Non-GAAP Financial Measures Reconciliation,Item 7 / Item 8,,SRC_GS_2023_rotce_or_rote,DIRECTLY_REPORTED,SUB_PANEL,"GS, MS, JPM report ROTCE; SF reports ROTE. Core loss-absorbing capital productivity metric."
"Goldman Sachs Group, Inc.",GS,2023,2023-12-31,efficiency_ratio_or_overhead_ratio,Efficiency ratio,SEC_FORM_10K,2024-02-23,0000886982-24-000006,https://www.sec.gov/ix?doc=/Archives/edgar/data/0000886982/000088698224000006/gs-20231231.htm,Item 7. MD&A,Financial Highlights / Executive Overview,Item 7 / Item 8,,SRC_GS_2023_efficiency_ratio_or_overhead_ratio,DIRECTLY_REPORTED,SUB_PANEL,"Non-interest expense divided by net revenues. JPM reports Overhead Ratio; GS, MS, SF report Efficiency Ratio."
"Goldman Sachs Group, Inc.",GS,2023,2023-12-31,cet1_standardized,Standardized Common Equity Tier 1 (CET1) capital ratio,SEC_FORM_10K,2024-02-23,0000886982-24-000006,https://www.sec.gov/ix?doc=/Archives/edgar/data/0000886982/000088698224000006/gs-20231231.htm,Item 7. MD&A,Capital Resources / Regulatory Capital Disclosures,Item 7 / Item 8,,SRC_GS_2023_cet1_standardized,DIRECTLY_REPORTED,SUB_PANEL,Basel III Standardized Approach CET1 ratio as reported to Federal Reserve.
"Goldman Sachs Group, Inc.",GS,2023,2023-12-31,tier1_leverage_ratio,Tier 1 leverage ratio,SEC_FORM_10K,2024-02-23,0000886982-24-000006,https://www.sec.gov/ix?doc=/Archives/edgar/data/0000886982/000088698224000006/gs-20231231.htm,Item 7. MD&A,Capital Resources / Regulatory Capital Disclosures,Item 7 / Item 8,,SRC_GS_2023_tier1_leverage_ratio,DIRECTLY_REPORTED,SUB_PANEL,Federal Reserve Tier 1 leverage ratio (Tier 1 capital / adjusted average consolidated assets).
"Goldman Sachs Group, Inc.",GS,2023,2023-12-31,supplementary_leverage_ratio,Supplementary leverage ratio (SLR),SEC_FORM_10K,2024-02-23,0000886982-24-000006,https://www.sec.gov/ix?doc=/Archives/edgar/data/0000886982/000088698224000006/gs-20231231.htm,Item 7. MD&A,Capital Resources / Regulatory Capital Disclosures,Item 7 / Item 8,,SRC_GS_2023_supplementary_leverage_ratio,DIRECTLY_REPORTED,SUB_PANEL,Basel III Category I G-SIB Supplementary Leverage Ratio. (Note: 2020 regulatory relief exclusion of Treasuries/reserves ended Q1 2021).
"Goldman Sachs Group, Inc.",GS,2023,2023-12-31,tangible_common_equity,Tangible common equity (TCE),SEC_FORM_10K,2024-02-23,0000886982-24-000006,https://www.sec.gov/ix?doc=/Archives/edgar/data/0000886982/000088698224000006/gs-20231231.htm,Item 7. MD&A,Non-GAAP Financial Measures / Balance Sheet Reconciliation,Item 7 / Item 8,,SRC_GS_2023_tangible_common_equity,DIRECTLY_REPORTED,SUB_PANEL,Common equity less goodwill and identifiable intangible assets.
"Goldman Sachs Group, Inc.",GS,2023,2023-12-31,technology_or_business_investment,Communications and technology,SEC_FORM_10K,2024-02-23,0000886982-24-000006,https://www.sec.gov/ix?doc=/Archives/edgar/data/0000886982/000088698224000006/gs-20231231.htm,Item 8. Financial Statements / Notes,Non-Interest Expenses / Income Statement,Item 7 / Item 8,us-gaap:CommunicationsAndInformationTechnology,SRC_GS_2023_technology_or_business_investment,DIRECTLY_REPORTED,PARTIAL,"High-risk variable: captures operating tech expenses (market data, telecom, IT services). Excludes capitalized software and hardware capex. Quarantined."
"Goldman Sachs Group, Inc.",GS,2023,2023-12-31,relevant_balance_sheet_measure,Total assets,SEC_FORM_10K,2024-02-23,0000886982-24-000006,https://www.sec.gov/ix?doc=/Archives/edgar/data/0000886982/000088698224000006/gs-20231231.htm,Item 8. Financial Statements,Consolidated Statements of Financial Condition,Item 7 / Item 8,us-gaap:Assets,SRC_GS_2023_relevant_balance_sheet_measure,DIRECTLY_REPORTED,SUB_PANEL,Total consolidated balance sheet assets under U.S. GAAP.
"Goldman Sachs Group, Inc.",GS,2023,2023-12-31,compensation_expense,Compensation and benefits,SEC_FORM_10K,2024-02-23,0000886982-24-000006,https://www.sec.gov/ix?doc=/Archives/edgar/data/0000886982/000088698224000006/gs-20231231.htm,Item 8. Financial Statements,Consolidated Statements of Operations / Earnings,Item 7 / Item 8,us-gaap:LaborAndRelatedExpenses,SRC_GS_2023_compensation_expense,DIRECTLY_REPORTED,SUB_PANEL,GAAP compensation and benefits expense. Core capital allocation channel in advisory firms.
"Goldman Sachs Group, Inc.",GS,2023,2023-12-31,compensation_ratio,Derived compensation ratio: compensation_expense / net_revenue * 100,SEC_FORM_10K,2024-02-23,0000886982-24-000006,https://www.sec.gov/ix?doc=/Archives/edgar/data/0000886982/000088698224000006/gs-20231231.htm,Item 8. Financial Statements (Derived),Derived from Income Statement,Item 7 / Item 8,,SRC_GS_2023_compensation_ratio,DERIVED,SUB_PANEL,"Derived: compensation_expense / net_revenue * 100 (Inputs: SRC_GS_2023_compensation_expense, SRC_GS_2023_net_revenue)"
"Goldman Sachs Group, Inc.",GS,2023,2023-12-31,operating_income,N/A (BHCs report Pre-Tax Income; no operating income line),SEC_FORM_10K,2024-02-23,0000886982-24-000006,https://www.sec.gov/ix?doc=/Archives/edgar/data/0000886982/000088698224000006/gs-20231231.htm,Item 8. Financial Statements,N/A,Item 7 / Item 8,,SRC_GS_2023_operating_income,STRUCTURALLY_NON_COMPARABLE,STRUCTURALLY_NON_COMPARABLE,Bank accounting standards do not present an 'Operating Income' subtotal; banks report Income Before Income Taxes.
"Goldman Sachs Group, Inc.",GS,2023,2023-12-31,operating_margin,N/A,SEC_FORM_10K,2024-02-23,0000886982-24-000006,https://www.sec.gov/ix?doc=/Archives/edgar/data/0000886982/000088698224000006/gs-20231231.htm,N/A,N/A,Item 7 / Item 8,,SRC_GS_2023_operating_margin,STRUCTURALLY_NON_COMPARABLE,STRUCTURALLY_NON_COMPARABLE,Structurally non-comparable for BHCs due to lack of operating income line.
"Goldman Sachs Group, Inc.",GS,2023,2023-12-31,cash,N/A (Bank cash represents central bank fractional reserves),SEC_FORM_10K,2024-02-23,0000886982-24-000006,https://www.sec.gov/ix?doc=/Archives/edgar/data/0000886982/000088698224000006/gs-20231231.htm,Item 8. Financial Statements,N/A,Item 7 / Item 8,,SRC_GS_2023_cash,STRUCTURALLY_NON_COMPARABLE,STRUCTURALLY_NON_COMPARABLE,"Bank cash represents regulatory reserves and clearing balances, not discretionary corporate treasury cushions."
"Goldman Sachs Group, Inc.",GS,2023,2023-12-31,debt,N/A (Bank debt funds trading books and earning assets),SEC_FORM_10K,2024-02-23,0000886982-24-000006,https://www.sec.gov/ix?doc=/Archives/edgar/data/0000886982/000088698224000006/gs-20231231.htm,Item 8. Financial Statements,N/A,Item 7 / Item 8,,SRC_GS_2023_debt,STRUCTURALLY_NON_COMPARABLE,STRUCTURALLY_NON_COMPARABLE,"BHC debt is an operational funding mechanism for balance sheet intermediation, structurally distinct from corporate debt."
"Goldman Sachs Group, Inc.",GS,2023,2023-12-31,net_cash_or_net_debt,N/A,SEC_FORM_10K,2024-02-23,0000886982-24-000006,https://www.sec.gov/ix?doc=/Archives/edgar/data/0000886982/000088698224000006/gs-20231231.htm,N/A,N/A,Item 7 / Item 8,,SRC_GS_2023_net_cash_or_net_debt,NOT_APPLICABLE,NOT_APPLICABLE,Net debt is economically meaningless for bank holding companies.
"Goldman Sachs Group, Inc.",GS,2023,2023-12-31,technology_or_business_investment_if_available,N/A,SEC_FORM_10K,2024-02-23,0000886982-24-000006,https://www.sec.gov/ix?doc=/Archives/edgar/data/0000886982/000088698224000006/gs-20231231.htm,N/A,N/A,Item 7 / Item 8,,SRC_GS_2023_technology_or_business_investment_if_available,NOT_APPLICABLE,NOT_APPLICABLE,Tracked under BHC technology variable VAR_13 for Panel A and JEF.
"Goldman Sachs Group, Inc.",GS,2024,2024-12-31,net_revenue,Total net revenues,SEC_FORM_10K,2025-02-27,0000886982-25-000005,https://www.sec.gov/ix?doc=/Archives/edgar/data/0000886982/000088698225000005/gs-20241231.htm,Item 8. Financial Statements,Consolidated Statements of Earnings / Operations / Income,Item 7 / Item 8,us-gaap:RevenuesNetOfInterestExpense,SRC_GS_2024_net_revenue,DIRECTLY_REPORTED,DIRECT,Primary GAAP revenue line from Consolidated Statements of Earnings/Operations.
"Goldman Sachs Group, Inc.",GS,2024,2024-12-31,investment_banking_revenue,Investment banking,SEC_FORM_10K,2025-02-27,0000886982-25-000005,https://www.sec.gov/ix?doc=/Archives/edgar/data/0000886982/000088698225000005/gs-20241231.htm,Item 8. Financial Statements / Notes,Segment Reporting / Consolidated Statements of Earnings,Item 7 / Item 8,us-gaap:InvestmentBankingRevenue,SRC_GS_2024_investment_banking_revenue,DIRECTLY_REPORTED,DIRECT,Gross investment banking / advisory and underwriting fees.
"Goldman Sachs Group, Inc.",GS,2024,2024-12-31,dividends_paid,Dividends paid,SEC_FORM_10K,2025-02-27,0000886982-25-000005,https://www.sec.gov/ix?doc=/Archives/edgar/data/0000886982/000088698225000005/gs-20241231.htm,Item 8. Financial Statements,Consolidated Statements of Cash Flows,Item 7 / Item 8,us-gaap:PaymentsOfDividends,SRC_GS_2024_dividends_paid,DIRECTLY_REPORTED,DIRECT,Audited cash outflow from Financing Activities in Consolidated Statement of Cash Flows.
"Goldman Sachs Group, Inc.",GS,2024,2024-12-31,share_repurchases,Repurchase of common stock,SEC_FORM_10K,2025-02-27,0000886982-25-000005,https://www.sec.gov/ix?doc=/Archives/edgar/data/0000886982/000088698225000005/gs-20241231.htm,Item 8. Financial Statements,Consolidated Statements of Cash Flows,Item 7 / Item 8,us-gaap:PaymentsForRepurchaseOfCommonStock,SRC_GS_2024_share_repurchases,DIRECTLY_REPORTED,DIRECT,Audited cash payments for equity retirement / treasury stock acquired from Financing Activities.
"Goldman Sachs Group, Inc.",GS,2024,2024-12-31,total_cash_returned,Total cash returned (Dividends paid + Share repurchases),SEC_FORM_10K,2025-02-27,0000886982-25-000005,https://www.sec.gov/ix?doc=/Archives/edgar/data/0000886982/000088698225000005/gs-20241231.htm,Item 8. Financial Statements,Consolidated Statements of Cash Flows (Derived),Item 7 / Item 8,Derived: CashFlows,SRC_GS_2024_total_cash_returned,DERIVED,DIRECT,"Derived: dividends_paid + share_repurchases (Inputs: SRC_GS_2024_dividends_paid, SRC_GS_2024_share_repurchases)"
"Goldman Sachs Group, Inc.",GS,2024,2024-12-31,roe,Return on average common shareholders' equity (ROE),SEC_FORM_10K,2025-02-27,0000886982-25-000005,https://www.sec.gov/ix?doc=/Archives/edgar/data/0000886982/000088698225000005/gs-20241231.htm,Item 7. MD&A,Financial Highlights / Executive Overview,Item 7 / Item 8,,SRC_GS_2024_roe,DIRECTLY_REPORTED,SUB_PANEL,Reported BHC performance metric in 10-K Item 7 Financial Highlights.
"Goldman Sachs Group, Inc.",GS,2024,2024-12-31,rotce_or_rote,Return on average tangible common equity (ROTCE / ROTE),SEC_FORM_10K,2025-02-27,0000886982-25-000005,https://www.sec.gov/ix?doc=/Archives/edgar/data/0000886982/000088698225000005/gs-20241231.htm,Item 7. MD&A,Non-GAAP Financial Measures Reconciliation,Item 7 / Item 8,,SRC_GS_2024_rotce_or_rote,DIRECTLY_REPORTED,SUB_PANEL,"GS, MS, JPM report ROTCE; SF reports ROTE. Core loss-absorbing capital productivity metric."
"Goldman Sachs Group, Inc.",GS,2024,2024-12-31,efficiency_ratio_or_overhead_ratio,Efficiency ratio,SEC_FORM_10K,2025-02-27,0000886982-25-000005,https://www.sec.gov/ix?doc=/Archives/edgar/data/0000886982/000088698225000005/gs-20241231.htm,Item 7. MD&A,Financial Highlights / Executive Overview,Item 7 / Item 8,,SRC_GS_2024_efficiency_ratio_or_overhead_ratio,DIRECTLY_REPORTED,SUB_PANEL,"Non-interest expense divided by net revenues. JPM reports Overhead Ratio; GS, MS, SF report Efficiency Ratio."
"Goldman Sachs Group, Inc.",GS,2024,2024-12-31,cet1_standardized,Standardized Common Equity Tier 1 (CET1) capital ratio,SEC_FORM_10K,2025-02-27,0000886982-25-000005,https://www.sec.gov/ix?doc=/Archives/edgar/data/0000886982/000088698225000005/gs-20241231.htm,Item 7. MD&A,Capital Resources / Regulatory Capital Disclosures,Item 7 / Item 8,,SRC_GS_2024_cet1_standardized,DIRECTLY_REPORTED,SUB_PANEL,Basel III Standardized Approach CET1 ratio as reported to Federal Reserve.
"Goldman Sachs Group, Inc.",GS,2024,2024-12-31,tier1_leverage_ratio,Tier 1 leverage ratio,SEC_FORM_10K,2025-02-27,0000886982-25-000005,https://www.sec.gov/ix?doc=/Archives/edgar/data/0000886982/000088698225000005/gs-20241231.htm,Item 7. MD&A,Capital Resources / Regulatory Capital Disclosures,Item 7 / Item 8,,SRC_GS_2024_tier1_leverage_ratio,DIRECTLY_REPORTED,SUB_PANEL,Federal Reserve Tier 1 leverage ratio (Tier 1 capital / adjusted average consolidated assets).
"Goldman Sachs Group, Inc.",GS,2024,2024-12-31,supplementary_leverage_ratio,Supplementary leverage ratio (SLR),SEC_FORM_10K,2025-02-27,0000886982-25-000005,https://www.sec.gov/ix?doc=/Archives/edgar/data/0000886982/000088698225000005/gs-20241231.htm,Item 7. MD&A,Capital Resources / Regulatory Capital Disclosures,Item 7 / Item 8,,SRC_GS_2024_supplementary_leverage_ratio,DIRECTLY_REPORTED,SUB_PANEL,Basel III Category I G-SIB Supplementary Leverage Ratio. (Note: 2020 regulatory relief exclusion of Treasuries/reserves ended Q1 2021).
"Goldman Sachs Group, Inc.",GS,2024,2024-12-31,tangible_common_equity,Tangible common equity (TCE),SEC_FORM_10K,2025-02-27,0000886982-25-000005,https://www.sec.gov/ix?doc=/Archives/edgar/data/0000886982/000088698225000005/gs-20241231.htm,Item 7. MD&A,Non-GAAP Financial Measures / Balance Sheet Reconciliation,Item 7 / Item 8,,SRC_GS_2024_tangible_common_equity,DIRECTLY_REPORTED,SUB_PANEL,Common equity less goodwill and identifiable intangible assets.
"Goldman Sachs Group, Inc.",GS,2024,2024-12-31,technology_or_business_investment,Communications and technology,SEC_FORM_10K,2025-02-27,0000886982-25-000005,https://www.sec.gov/ix?doc=/Archives/edgar/data/0000886982/000088698225000005/gs-20241231.htm,Item 8. Financial Statements / Notes,Non-Interest Expenses / Income Statement,Item 7 / Item 8,us-gaap:CommunicationsAndInformationTechnology,SRC_GS_2024_technology_or_business_investment,DIRECTLY_REPORTED,PARTIAL,"High-risk variable: captures operating tech expenses (market data, telecom, IT services). Excludes capitalized software and hardware capex. Quarantined."
"Goldman Sachs Group, Inc.",GS,2024,2024-12-31,relevant_balance_sheet_measure,Total assets,SEC_FORM_10K,2025-02-27,0000886982-25-000005,https://www.sec.gov/ix?doc=/Archives/edgar/data/0000886982/000088698225000005/gs-20241231.htm,Item 8. Financial Statements,Consolidated Statements of Financial Condition,Item 7 / Item 8,us-gaap:Assets,SRC_GS_2024_relevant_balance_sheet_measure,DIRECTLY_REPORTED,SUB_PANEL,Total consolidated balance sheet assets under U.S. GAAP.
"Goldman Sachs Group, Inc.",GS,2024,2024-12-31,compensation_expense,Compensation and benefits,SEC_FORM_10K,2025-02-27,0000886982-25-000005,https://www.sec.gov/ix?doc=/Archives/edgar/data/0000886982/000088698225000005/gs-20241231.htm,Item 8. Financial Statements,Consolidated Statements of Operations / Earnings,Item 7 / Item 8,us-gaap:LaborAndRelatedExpenses,SRC_GS_2024_compensation_expense,DIRECTLY_REPORTED,SUB_PANEL,GAAP compensation and benefits expense. Core capital allocation channel in advisory firms.
"Goldman Sachs Group, Inc.",GS,2024,2024-12-31,compensation_ratio,Derived compensation ratio: compensation_expense / net_revenue * 100,SEC_FORM_10K,2025-02-27,0000886982-25-000005,https://www.sec.gov/ix?doc=/Archives/edgar/data/0000886982/000088698225000005/gs-20241231.htm,Item 8. Financial Statements (Derived),Derived from Income Statement,Item 7 / Item 8,,SRC_GS_2024_compensation_ratio,DERIVED,SUB_PANEL,"Derived: compensation_expense / net_revenue * 100 (Inputs: SRC_GS_2024_compensation_expense, SRC_GS_2024_net_revenue)"
"Goldman Sachs Group, Inc.",GS,2024,2024-12-31,operating_income,N/A (BHCs report Pre-Tax Income; no operating income line),SEC_FORM_10K,2025-02-27,0000886982-25-000005,https://www.sec.gov/ix?doc=/Archives/edgar/data/0000886982/000088698225000005/gs-20241231.htm,Item 8. Financial Statements,N/A,Item 7 / Item 8,,SRC_GS_2024_operating_income,STRUCTURALLY_NON_COMPARABLE,STRUCTURALLY_NON_COMPARABLE,Bank accounting standards do not present an 'Operating Income' subtotal; banks report Income Before Income Taxes.
"Goldman Sachs Group, Inc.",GS,2024,2024-12-31,operating_margin,N/A,SEC_FORM_10K,2025-02-27,0000886982-25-000005,https://www.sec.gov/ix?doc=/Archives/edgar/data/0000886982/000088698225000005/gs-20241231.htm,N/A,N/A,Item 7 / Item 8,,SRC_GS_2024_operating_margin,STRUCTURALLY_NON_COMPARABLE,STRUCTURALLY_NON_COMPARABLE,Structurally non-comparable for BHCs due to lack of operating income line.
"Goldman Sachs Group, Inc.",GS,2024,2024-12-31,cash,N/A (Bank cash represents central bank fractional reserves),SEC_FORM_10K,2025-02-27,0000886982-25-000005,https://www.sec.gov/ix?doc=/Archives/edgar/data/0000886982/000088698225000005/gs-20241231.htm,Item 8. Financial Statements,N/A,Item 7 / Item 8,,SRC_GS_2024_cash,STRUCTURALLY_NON_COMPARABLE,STRUCTURALLY_NON_COMPARABLE,"Bank cash represents regulatory reserves and clearing balances, not discretionary corporate treasury cushions."
"Goldman Sachs Group, Inc.",GS,2024,2024-12-31,debt,N/A (Bank debt funds trading books and earning assets),SEC_FORM_10K,2025-02-27,0000886982-25-000005,https://www.sec.gov/ix?doc=/Archives/edgar/data/0000886982/000088698225000005/gs-20241231.htm,Item 8. Financial Statements,N/A,Item 7 / Item 8,,SRC_GS_2024_debt,STRUCTURALLY_NON_COMPARABLE,STRUCTURALLY_NON_COMPARABLE,"BHC debt is an operational funding mechanism for balance sheet intermediation, structurally distinct from corporate debt."
"Goldman Sachs Group, Inc.",GS,2024,2024-12-31,net_cash_or_net_debt,N/A,SEC_FORM_10K,2025-02-27,0000886982-25-000005,https://www.sec.gov/ix?doc=/Archives/edgar/data/0000886982/000088698225000005/gs-20241231.htm,N/A,N/A,Item 7 / Item 8,,SRC_GS_2024_net_cash_or_net_debt,NOT_APPLICABLE,NOT_APPLICABLE,Net debt is economically meaningless for bank holding companies.
"Goldman Sachs Group, Inc.",GS,2024,2024-12-31,technology_or_business_investment_if_available,N/A,SEC_FORM_10K,2025-02-27,0000886982-25-000005,https://www.sec.gov/ix?doc=/Archives/edgar/data/0000886982/000088698225000005/gs-20241231.htm,N/A,N/A,Item 7 / Item 8,,SRC_GS_2024_technology_or_business_investment_if_available,NOT_APPLICABLE,NOT_APPLICABLE,Tracked under BHC technology variable VAR_13 for Panel A and JEF.
Morgan Stanley,MS,2020,2020-12-31,net_revenue,Net revenues,SEC_FORM_10K,2021-02-26,0000895421-21-000286,https://www.sec.gov/ix?doc=/Archives/edgar/data/0000895421/000089542121000286/ms-20201231.htm,Item 8. Financial Statements,Consolidated Statements of Earnings / Operations / Income,Item 7 / Item 8,us-gaap:RevenuesNetOfInterestExpense,SRC_MS_2020_net_revenue,DIRECTLY_REPORTED,DIRECT,Primary GAAP revenue line from Consolidated Statements of Earnings/Operations.
Morgan Stanley,MS,2020,2020-12-31,investment_banking_revenue,Investment banking,SEC_FORM_10K,2021-02-26,0000895421-21-000286,https://www.sec.gov/ix?doc=/Archives/edgar/data/0000895421/000089542121000286/ms-20201231.htm,Item 8. Financial Statements / Notes,Segment Reporting / Consolidated Statements of Earnings,Item 7 / Item 8,us-gaap:InvestmentBankingRevenue,SRC_MS_2020_investment_banking_revenue,DIRECTLY_REPORTED,DIRECT,Gross investment banking / advisory and underwriting fees.
Morgan Stanley,MS,2020,2020-12-31,dividends_paid,Dividends,SEC_FORM_10K,2021-02-26,0000895421-21-000286,https://www.sec.gov/ix?doc=/Archives/edgar/data/0000895421/000089542121000286/ms-20201231.htm,Item 8. Financial Statements,Consolidated Statements of Cash Flows,Item 7 / Item 8,us-gaap:PaymentsOfDividends,SRC_MS_2020_dividends_paid,DIRECTLY_REPORTED,DIRECT,Audited cash outflow from Financing Activities in Consolidated Statement of Cash Flows.
Morgan Stanley,MS,2020,2020-12-31,share_repurchases,Repurchases of common stock,SEC_FORM_10K,2021-02-26,0000895421-21-000286,https://www.sec.gov/ix?doc=/Archives/edgar/data/0000895421/000089542121000286/ms-20201231.htm,Item 8. Financial Statements,Consolidated Statements of Cash Flows,Item 7 / Item 8,us-gaap:PaymentsForRepurchaseOfCommonStock,SRC_MS_2020_share_repurchases,DIRECTLY_REPORTED,DIRECT,Audited cash payments for equity retirement / treasury stock acquired from Financing Activities.
Morgan Stanley,MS,2020,2020-12-31,total_cash_returned,Total cash returned (Dividends paid + Share repurchases),SEC_FORM_10K,2021-02-26,0000895421-21-000286,https://www.sec.gov/ix?doc=/Archives/edgar/data/0000895421/000089542121000286/ms-20201231.htm,Item 8. Financial Statements,Consolidated Statements of Cash Flows (Derived),Item 7 / Item 8,Derived: CashFlows,SRC_MS_2020_total_cash_returned,DERIVED,DIRECT,"Derived: dividends_paid + share_repurchases (Inputs: SRC_MS_2020_dividends_paid, SRC_MS_2020_share_repurchases)"
Morgan Stanley,MS,2020,2020-12-31,roe,Return on average common shareholders' equity (ROE),SEC_FORM_10K,2021-02-26,0000895421-21-000286,https://www.sec.gov/ix?doc=/Archives/edgar/data/0000895421/000089542121000286/ms-20201231.htm,Item 7. MD&A,Financial Highlights / Executive Overview,Item 7 / Item 8,,SRC_MS_2020_roe,DIRECTLY_REPORTED,SUB_PANEL,Reported BHC performance metric in 10-K Item 7 Financial Highlights.
Morgan Stanley,MS,2020,2020-12-31,rotce_or_rote,Return on average tangible common equity (ROTCE / ROTE),SEC_FORM_10K,2021-02-26,0000895421-21-000286,https://www.sec.gov/ix?doc=/Archives/edgar/data/0000895421/000089542121000286/ms-20201231.htm,Item 7. MD&A,Non-GAAP Financial Measures Reconciliation,Item 7 / Item 8,,SRC_MS_2020_rotce_or_rote,DIRECTLY_REPORTED,SUB_PANEL,"GS, MS, JPM report ROTCE; SF reports ROTE. Core loss-absorbing capital productivity metric."
Morgan Stanley,MS,2020,2020-12-31,efficiency_ratio_or_overhead_ratio,Efficiency ratio,SEC_FORM_10K,2021-02-26,0000895421-21-000286,https://www.sec.gov/ix?doc=/Archives/edgar/data/0000895421/000089542121000286/ms-20201231.htm,Item 7. MD&A,Financial Highlights / Executive Overview,Item 7 / Item 8,,SRC_MS_2020_efficiency_ratio_or_overhead_ratio,DIRECTLY_REPORTED,SUB_PANEL,"Non-interest expense divided by net revenues. JPM reports Overhead Ratio; GS, MS, SF report Efficiency Ratio."
Morgan Stanley,MS,2020,2020-12-31,cet1_standardized,Standardized Common Equity Tier 1 (CET1) capital ratio,SEC_FORM_10K,2021-02-26,0000895421-21-000286,https://www.sec.gov/ix?doc=/Archives/edgar/data/0000895421/000089542121000286/ms-20201231.htm,Item 7. MD&A,Capital Resources / Regulatory Capital Disclosures,Item 7 / Item 8,,SRC_MS_2020_cet1_standardized,DIRECTLY_REPORTED,SUB_PANEL,Basel III Standardized Approach CET1 ratio as reported to Federal Reserve.
Morgan Stanley,MS,2020,2020-12-31,tier1_leverage_ratio,Tier 1 leverage ratio,SEC_FORM_10K,2021-02-26,0000895421-21-000286,https://www.sec.gov/ix?doc=/Archives/edgar/data/0000895421/000089542121000286/ms-20201231.htm,Item 7. MD&A,Capital Resources / Regulatory Capital Disclosures,Item 7 / Item 8,,SRC_MS_2020_tier1_leverage_ratio,DIRECTLY_REPORTED,SUB_PANEL,Federal Reserve Tier 1 leverage ratio (Tier 1 capital / adjusted average consolidated assets).
Morgan Stanley,MS,2020,2020-12-31,supplementary_leverage_ratio,Supplementary leverage ratio (SLR),SEC_FORM_10K,2021-02-26,0000895421-21-000286,https://www.sec.gov/ix?doc=/Archives/edgar/data/0000895421/000089542121000286/ms-20201231.htm,Item 7. MD&A,Capital Resources / Regulatory Capital Disclosures,Item 7 / Item 8,,SRC_MS_2020_supplementary_leverage_ratio,DIRECTLY_REPORTED,SUB_PANEL,Basel III Category I G-SIB Supplementary Leverage Ratio. (Note: 2020 regulatory relief exclusion of Treasuries/reserves ended Q1 2021).
Morgan Stanley,MS,2020,2020-12-31,tangible_common_equity,Tangible common equity (TCE),SEC_FORM_10K,2021-02-26,0000895421-21-000286,https://www.sec.gov/ix?doc=/Archives/edgar/data/0000895421/000089542121000286/ms-20201231.htm,Item 7. MD&A,Non-GAAP Financial Measures / Balance Sheet Reconciliation,Item 7 / Item 8,,SRC_MS_2020_tangible_common_equity,DIRECTLY_REPORTED,SUB_PANEL,Common equity less goodwill and identifiable intangible assets.
Morgan Stanley,MS,2020,2020-12-31,technology_or_business_investment,Information processing and communications,SEC_FORM_10K,2021-02-26,0000895421-21-000286,https://www.sec.gov/ix?doc=/Archives/edgar/data/0000895421/000089542121000286/ms-20201231.htm,Item 8. Financial Statements / Notes,Non-Interest Expenses / Income Statement,Item 7 / Item 8,us-gaap:CommunicationsAndInformationTechnology,SRC_MS_2020_technology_or_business_investment,DIRECTLY_REPORTED,PARTIAL,"High-risk variable: captures operating tech expenses (market data, telecom, IT services). Excludes capitalized software and hardware capex. Quarantined."
Morgan Stanley,MS,2020,2020-12-31,relevant_balance_sheet_measure,Total assets,SEC_FORM_10K,2021-02-26,0000895421-21-000286,https://www.sec.gov/ix?doc=/Archives/edgar/data/0000895421/000089542121000286/ms-20201231.htm,Item 8. Financial Statements,Consolidated Statements of Financial Condition,Item 7 / Item 8,us-gaap:Assets,SRC_MS_2020_relevant_balance_sheet_measure,DIRECTLY_REPORTED,SUB_PANEL,Total consolidated balance sheet assets under U.S. GAAP.
Morgan Stanley,MS,2020,2020-12-31,compensation_expense,Compensation and benefits,SEC_FORM_10K,2021-02-26,0000895421-21-000286,https://www.sec.gov/ix?doc=/Archives/edgar/data/0000895421/000089542121000286/ms-20201231.htm,Item 8. Financial Statements,Consolidated Statements of Operations / Earnings,Item 7 / Item 8,us-gaap:LaborAndRelatedExpenses,SRC_MS_2020_compensation_expense,DIRECTLY_REPORTED,SUB_PANEL,GAAP compensation and benefits expense. Core capital allocation channel in advisory firms.
Morgan Stanley,MS,2020,2020-12-31,compensation_ratio,Derived compensation ratio: compensation_expense / net_revenue * 100,SEC_FORM_10K,2021-02-26,0000895421-21-000286,https://www.sec.gov/ix?doc=/Archives/edgar/data/0000895421/000089542121000286/ms-20201231.htm,Item 8. Financial Statements (Derived),Derived from Income Statement,Item 7 / Item 8,,SRC_MS_2020_compensation_ratio,DERIVED,SUB_PANEL,"Derived: compensation_expense / net_revenue * 100 (Inputs: SRC_MS_2020_compensation_expense, SRC_MS_2020_net_revenue)"
Morgan Stanley,MS,2020,2020-12-31,operating_income,N/A (BHCs report Pre-Tax Income; no operating income line),SEC_FORM_10K,2021-02-26,0000895421-21-000286,https://www.sec.gov/ix?doc=/Archives/edgar/data/0000895421/000089542121000286/ms-20201231.htm,Item 8. Financial Statements,N/A,Item 7 / Item 8,,SRC_MS_2020_operating_income,STRUCTURALLY_NON_COMPARABLE,STRUCTURALLY_NON_COMPARABLE,Bank accounting standards do not present an 'Operating Income' subtotal; banks report Income Before Income Taxes.
Morgan Stanley,MS,2020,2020-12-31,operating_margin,N/A,SEC_FORM_10K,2021-02-26,0000895421-21-000286,https://www.sec.gov/ix?doc=/Archives/edgar/data/0000895421/000089542121000286/ms-20201231.htm,N/A,N/A,Item 7 / Item 8,,SRC_MS_2020_operating_margin,STRUCTURALLY_NON_COMPARABLE,STRUCTURALLY_NON_COMPARABLE,Structurally non-comparable for BHCs due to lack of operating income line.
Morgan Stanley,MS,2020,2020-12-31,cash,N/A (Bank cash represents central bank fractional reserves),SEC_FORM_10K,2021-02-26,0000895421-21-000286,https://www.sec.gov/ix?doc=/Archives/edgar/data/0000895421/000089542121000286/ms-20201231.htm,Item 8. Financial Statements,N/A,Item 7 / Item 8,,SRC_MS_2020_cash,STRUCTURALLY_NON_COMPARABLE,STRUCTURALLY_NON_COMPARABLE,"Bank cash represents regulatory reserves and clearing balances, not discretionary corporate treasury cushions."
Morgan Stanley,MS,2020,2020-12-31,debt,N/A (Bank debt funds trading books and earning assets),SEC_FORM_10K,2021-02-26,0000895421-21-000286,https://www.sec.gov/ix?doc=/Archives/edgar/data/0000895421/000089542121000286/ms-20201231.htm,Item 8. Financial Statements,N/A,Item 7 / Item 8,,SRC_MS_2020_debt,STRUCTURALLY_NON_COMPARABLE,STRUCTURALLY_NON_COMPARABLE,"BHC debt is an operational funding mechanism for balance sheet intermediation, structurally distinct from corporate debt."
Morgan Stanley,MS,2020,2020-12-31,net_cash_or_net_debt,N/A,SEC_FORM_10K,2021-02-26,0000895421-21-000286,https://www.sec.gov/ix?doc=/Archives/edgar/data/0000895421/000089542121000286/ms-20201231.htm,N/A,N/A,Item 7 / Item 8,,SRC_MS_2020_net_cash_or_net_debt,NOT_APPLICABLE,NOT_APPLICABLE,Net debt is economically meaningless for bank holding companies.
Morgan Stanley,MS,2020,2020-12-31,technology_or_business_investment_if_available,N/A,SEC_FORM_10K,2021-02-26,0000895421-21-000286,https://www.sec.gov/ix?doc=/Archives/edgar/data/0000895421/000089542121000286/ms-20201231.htm,N/A,N/A,Item 7 / Item 8,,SRC_MS_2020_technology_or_business_investment_if_available,NOT_APPLICABLE,NOT_APPLICABLE,Tracked under BHC technology variable VAR_13 for Panel A and JEF.
Morgan Stanley,MS,2021,2021-12-31,net_revenue,Net revenues,SEC_FORM_10K,2022-02-24,0000895421-22-000400,https://www.sec.gov/ix?doc=/Archives/edgar/data/0000895421/000089542122000400/ms-20211231.htm,Item 8. Financial Statements,Consolidated Statements of Earnings / Operations / Income,Item 7 / Item 8,us-gaap:RevenuesNetOfInterestExpense,SRC_MS_2021_net_revenue,DIRECTLY_REPORTED,DIRECT,Primary GAAP revenue line from Consolidated Statements of Earnings/Operations.
Morgan Stanley,MS,2021,2021-12-31,investment_banking_revenue,Investment banking,SEC_FORM_10K,2022-02-24,0000895421-22-000400,https://www.sec.gov/ix?doc=/Archives/edgar/data/0000895421/000089542122000400/ms-20211231.htm,Item 8. Financial Statements / Notes,Segment Reporting / Consolidated Statements of Earnings,Item 7 / Item 8,us-gaap:InvestmentBankingRevenue,SRC_MS_2021_investment_banking_revenue,DIRECTLY_REPORTED,DIRECT,Gross investment banking / advisory and underwriting fees.
Morgan Stanley,MS,2021,2021-12-31,dividends_paid,Dividends,SEC_FORM_10K,2022-02-24,0000895421-22-000400,https://www.sec.gov/ix?doc=/Archives/edgar/data/0000895421/000089542122000400/ms-20211231.htm,Item 8. Financial Statements,Consolidated Statements of Cash Flows,Item 7 / Item 8,us-gaap:PaymentsOfDividends,SRC_MS_2021_dividends_paid,DIRECTLY_REPORTED,DIRECT,Audited cash outflow from Financing Activities in Consolidated Statement of Cash Flows.
Morgan Stanley,MS,2021,2021-12-31,share_repurchases,Repurchases of common stock,SEC_FORM_10K,2022-02-24,0000895421-22-000400,https://www.sec.gov/ix?doc=/Archives/edgar/data/0000895421/000089542122000400/ms-20211231.htm,Item 8. Financial Statements,Consolidated Statements of Cash Flows,Item 7 / Item 8,us-gaap:PaymentsForRepurchaseOfCommonStock,SRC_MS_2021_share_repurchases,DIRECTLY_REPORTED,DIRECT,Audited cash payments for equity retirement / treasury stock acquired from Financing Activities.
Morgan Stanley,MS,2021,2021-12-31,total_cash_returned,Total cash returned (Dividends paid + Share repurchases),SEC_FORM_10K,2022-02-24,0000895421-22-000400,https://www.sec.gov/ix?doc=/Archives/edgar/data/0000895421/000089542122000400/ms-20211231.htm,Item 8. Financial Statements,Consolidated Statements of Cash Flows (Derived),Item 7 / Item 8,Derived: CashFlows,SRC_MS_2021_total_cash_returned,DERIVED,DIRECT,"Derived: dividends_paid + share_repurchases (Inputs: SRC_MS_2021_dividends_paid, SRC_MS_2021_share_repurchases)"
Morgan Stanley,MS,2021,2021-12-31,roe,Return on average common shareholders' equity (ROE),SEC_FORM_10K,2022-02-24,0000895421-22-000400,https://www.sec.gov/ix?doc=/Archives/edgar/data/0000895421/000089542122000400/ms-20211231.htm,Item 7. MD&A,Financial Highlights / Executive Overview,Item 7 / Item 8,,SRC_MS_2021_roe,DIRECTLY_REPORTED,SUB_PANEL,Reported BHC performance metric in 10-K Item 7 Financial Highlights.
Morgan Stanley,MS,2021,2021-12-31,rotce_or_rote,Return on average tangible common equity (ROTCE / ROTE),SEC_FORM_10K,2022-02-24,0000895421-22-000400,https://www.sec.gov/ix?doc=/Archives/edgar/data/0000895421/000089542122000400/ms-20211231.htm,Item 7. MD&A,Non-GAAP Financial Measures Reconciliation,Item 7 / Item 8,,SRC_MS_2021_rotce_or_rote,DIRECTLY_REPORTED,SUB_PANEL,"GS, MS, JPM report ROTCE; SF reports ROTE. Core loss-absorbing capital productivity metric."
Morgan Stanley,MS,2021,2021-12-31,efficiency_ratio_or_overhead_ratio,Efficiency ratio,SEC_FORM_10K,2022-02-24,0000895421-22-000400,https://www.sec.gov/ix?doc=/Archives/edgar/data/0000895421/000089542122000400/ms-20211231.htm,Item 7. MD&A,Financial Highlights / Executive Overview,Item 7 / Item 8,,SRC_MS_2021_efficiency_ratio_or_overhead_ratio,DIRECTLY_REPORTED,SUB_PANEL,"Non-interest expense divided by net revenues. JPM reports Overhead Ratio; GS, MS, SF report Efficiency Ratio."
Morgan Stanley,MS,2021,2021-12-31,cet1_standardized,Standardized Common Equity Tier 1 (CET1) capital ratio,SEC_FORM_10K,2022-02-24,0000895421-22-000400,https://www.sec.gov/ix?doc=/Archives/edgar/data/0000895421/000089542122000400/ms-20211231.htm,Item 7. MD&A,Capital Resources / Regulatory Capital Disclosures,Item 7 / Item 8,,SRC_MS_2021_cet1_standardized,DIRECTLY_REPORTED,SUB_PANEL,Basel III Standardized Approach CET1 ratio as reported to Federal Reserve.
Morgan Stanley,MS,2021,2021-12-31,tier1_leverage_ratio,Tier 1 leverage ratio,SEC_FORM_10K,2022-02-24,0000895421-22-000400,https://www.sec.gov/ix?doc=/Archives/edgar/data/0000895421/000089542122000400/ms-20211231.htm,Item 7. MD&A,Capital Resources / Regulatory Capital Disclosures,Item 7 / Item 8,,SRC_MS_2021_tier1_leverage_ratio,DIRECTLY_REPORTED,SUB_PANEL,Federal Reserve Tier 1 leverage ratio (Tier 1 capital / adjusted average consolidated assets).
Morgan Stanley,MS,2021,2021-12-31,supplementary_leverage_ratio,Supplementary leverage ratio (SLR),SEC_FORM_10K,2022-02-24,0000895421-22-000400,https://www.sec.gov/ix?doc=/Archives/edgar/data/0000895421/000089542122000400/ms-20211231.htm,Item 7. MD&A,Capital Resources / Regulatory Capital Disclosures,Item 7 / Item 8,,SRC_MS_2021_supplementary_leverage_ratio,DIRECTLY_REPORTED,SUB_PANEL,Basel III Category I G-SIB Supplementary Leverage Ratio. (Note: 2020 regulatory relief exclusion of Treasuries/reserves ended Q1 2021).
Morgan Stanley,MS,2021,2021-12-31,tangible_common_equity,Tangible common equity (TCE),SEC_FORM_10K,2022-02-24,0000895421-22-000400,https://www.sec.gov/ix?doc=/Archives/edgar/data/0000895421/000089542122000400/ms-20211231.htm,Item 7. MD&A,Non-GAAP Financial Measures / Balance Sheet Reconciliation,Item 7 / Item 8,,SRC_MS_2021_tangible_common_equity,DIRECTLY_REPORTED,SUB_PANEL,Common equity less goodwill and identifiable intangible assets.
Morgan Stanley,MS,2021,2021-12-31,technology_or_business_investment,Information processing and communications,SEC_FORM_10K,2022-02-24,0000895421-22-000400,https://www.sec.gov/ix?doc=/Archives/edgar/data/0000895421/000089542122000400/ms-20211231.htm,Item 8. Financial Statements / Notes,Non-Interest Expenses / Income Statement,Item 7 / Item 8,us-gaap:CommunicationsAndInformationTechnology,SRC_MS_2021_technology_or_business_investment,DIRECTLY_REPORTED,PARTIAL,"High-risk variable: captures operating tech expenses (market data, telecom, IT services). Excludes capitalized software and hardware capex. Quarantined."
Morgan Stanley,MS,2021,2021-12-31,relevant_balance_sheet_measure,Total assets,SEC_FORM_10K,2022-02-24,0000895421-22-000400,https://www.sec.gov/ix?doc=/Archives/edgar/data/0000895421/000089542122000400/ms-20211231.htm,Item 8. Financial Statements,Consolidated Statements of Financial Condition,Item 7 / Item 8,us-gaap:Assets,SRC_MS_2021_relevant_balance_sheet_measure,DIRECTLY_REPORTED,SUB_PANEL,Total consolidated balance sheet assets under U.S. GAAP.
Morgan Stanley,MS,2021,2021-12-31,compensation_expense,Compensation and benefits,SEC_FORM_10K,2022-02-24,0000895421-22-000400,https://www.sec.gov/ix?doc=/Archives/edgar/data/0000895421/000089542122000400/ms-20211231.htm,Item 8. Financial Statements,Consolidated Statements of Operations / Earnings,Item 7 / Item 8,us-gaap:LaborAndRelatedExpenses,SRC_MS_2021_compensation_expense,DIRECTLY_REPORTED,SUB_PANEL,GAAP compensation and benefits expense. Core capital allocation channel in advisory firms.
Morgan Stanley,MS,2021,2021-12-31,compensation_ratio,Derived compensation ratio: compensation_expense / net_revenue * 100,SEC_FORM_10K,2022-02-24,0000895421-22-000400,https://www.sec.gov/ix?doc=/Archives/edgar/data/0000895421/000089542122000400/ms-20211231.htm,Item 8. Financial Statements (Derived),Derived from Income Statement,Item 7 / Item 8,,SRC_MS_2021_compensation_ratio,DERIVED,SUB_PANEL,"Derived: compensation_expense / net_revenue * 100 (Inputs: SRC_MS_2021_compensation_expense, SRC_MS_2021_net_revenue)"
Morgan Stanley,MS,2021,2021-12-31,operating_income,N/A (BHCs report Pre-Tax Income; no operating income line),SEC_FORM_10K,2022-02-24,0000895421-22-000400,https://www.sec.gov/ix?doc=/Archives/edgar/data/0000895421/000089542122000400/ms-20211231.htm,Item 8. Financial Statements,N/A,Item 7 / Item 8,,SRC_MS_2021_operating_income,STRUCTURALLY_NON_COMPARABLE,STRUCTURALLY_NON_COMPARABLE,Bank accounting standards do not present an 'Operating Income' subtotal; banks report Income Before Income Taxes.
Morgan Stanley,MS,2021,2021-12-31,operating_margin,N/A,SEC_FORM_10K,2022-02-24,0000895421-22-000400,https://www.sec.gov/ix?doc=/Archives/edgar/data/0000895421/000089542122000400/ms-20211231.htm,N/A,N/A,Item 7 / Item 8,,SRC_MS_2021_operating_margin,STRUCTURALLY_NON_COMPARABLE,STRUCTURALLY_NON_COMPARABLE,Structurally non-comparable for BHCs due to lack of operating income line.
Morgan Stanley,MS,2021,2021-12-31,cash,N/A (Bank cash represents central bank fractional reserves),SEC_FORM_10K,2022-02-24,0000895421-22-000400,https://www.sec.gov/ix?doc=/Archives/edgar/data/0000895421/000089542122000400/ms-20211231.htm,Item 8. Financial Statements,N/A,Item 7 / Item 8,,SRC_MS_2021_cash,STRUCTURALLY_NON_COMPARABLE,STRUCTURALLY_NON_COMPARABLE,"Bank cash represents regulatory reserves and clearing balances, not discretionary corporate treasury cushions."
Morgan Stanley,MS,2021,2021-12-31,debt,N/A (Bank debt funds trading books and earning assets),SEC_FORM_10K,2022-02-24,0000895421-22-000400,https://www.sec.gov/ix?doc=/Archives/edgar/data/0000895421/000089542122000400/ms-20211231.htm,Item 8. Financial Statements,N/A,Item 7 / Item 8,,SRC_MS_2021_debt,STRUCTURALLY_NON_COMPARABLE,STRUCTURALLY_NON_COMPARABLE,"BHC debt is an operational funding mechanism for balance sheet intermediation, structurally distinct from corporate debt."
Morgan Stanley,MS,2021,2021-12-31,net_cash_or_net_debt,N/A,SEC_FORM_10K,2022-02-24,0000895421-22-000400,https://www.sec.gov/ix?doc=/Archives/edgar/data/0000895421/000089542122000400/ms-20211231.htm,N/A,N/A,Item 7 / Item 8,,SRC_MS_2021_net_cash_or_net_debt,NOT_APPLICABLE,NOT_APPLICABLE,Net debt is economically meaningless for bank holding companies.
Morgan Stanley,MS,2021,2021-12-31,technology_or_business_investment_if_available,N/A,SEC_FORM_10K,2022-02-24,0000895421-22-000400,https://www.sec.gov/ix?doc=/Archives/edgar/data/0000895421/000089542122000400/ms-20211231.htm,N/A,N/A,Item 7 / Item 8,,SRC_MS_2021_technology_or_business_investment_if_available,NOT_APPLICABLE,NOT_APPLICABLE,Tracked under BHC technology variable VAR_13 for Panel A and JEF.
Morgan Stanley,MS,2022,2022-12-31,net_revenue,Net revenues,SEC_FORM_10K,2023-02-24,0000895421-23-000284,https://www.sec.gov/ix?doc=/Archives/edgar/data/0000895421/000089542123000284/ms-20221231.htm,Item 8. Financial Statements,Consolidated Statements of Earnings / Operations / Income,Item 7 / Item 8,us-gaap:RevenuesNetOfInterestExpense,SRC_MS_2022_net_revenue,DIRECTLY_REPORTED,DIRECT,Primary GAAP revenue line from Consolidated Statements of Earnings/Operations.
Morgan Stanley,MS,2022,2022-12-31,investment_banking_revenue,Investment banking,SEC_FORM_10K,2023-02-24,0000895421-23-000284,https://www.sec.gov/ix?doc=/Archives/edgar/data/0000895421/000089542123000284/ms-20221231.htm,Item 8. Financial Statements / Notes,Segment Reporting / Consolidated Statements of Earnings,Item 7 / Item 8,us-gaap:InvestmentBankingRevenue,SRC_MS_2022_investment_banking_revenue,DIRECTLY_REPORTED,DIRECT,Gross investment banking / advisory and underwriting fees.
Morgan Stanley,MS,2022,2022-12-31,dividends_paid,Dividends,SEC_FORM_10K,2023-02-24,0000895421-23-000284,https://www.sec.gov/ix?doc=/Archives/edgar/data/0000895421/000089542123000284/ms-20221231.htm,Item 8. Financial Statements,Consolidated Statements of Cash Flows,Item 7 / Item 8,us-gaap:PaymentsOfDividends,SRC_MS_2022_dividends_paid,DIRECTLY_REPORTED,DIRECT,Audited cash outflow from Financing Activities in Consolidated Statement of Cash Flows.
Morgan Stanley,MS,2022,2022-12-31,share_repurchases,Repurchases of common stock,SEC_FORM_10K,2023-02-24,0000895421-23-000284,https://www.sec.gov/ix?doc=/Archives/edgar/data/0000895421/000089542123000284/ms-20221231.htm,Item 8. Financial Statements,Consolidated Statements of Cash Flows,Item 7 / Item 8,us-gaap:PaymentsForRepurchaseOfCommonStock,SRC_MS_2022_share_repurchases,DIRECTLY_REPORTED,DIRECT,Audited cash payments for equity retirement / treasury stock acquired from Financing Activities.
Morgan Stanley,MS,2022,2022-12-31,total_cash_returned,Total cash returned (Dividends paid + Share repurchases),SEC_FORM_10K,2023-02-24,0000895421-23-000284,https://www.sec.gov/ix?doc=/Archives/edgar/data/0000895421/000089542123000284/ms-20221231.htm,Item 8. Financial Statements,Consolidated Statements of Cash Flows (Derived),Item 7 / Item 8,Derived: CashFlows,SRC_MS_2022_total_cash_returned,DERIVED,DIRECT,"Derived: dividends_paid + share_repurchases (Inputs: SRC_MS_2022_dividends_paid, SRC_MS_2022_share_repurchases)"
Morgan Stanley,MS,2022,2022-12-31,roe,Return on average common shareholders' equity (ROE),SEC_FORM_10K,2023-02-24,0000895421-23-000284,https://www.sec.gov/ix?doc=/Archives/edgar/data/0000895421/000089542123000284/ms-20221231.htm,Item 7. MD&A,Financial Highlights / Executive Overview,Item 7 / Item 8,,SRC_MS_2022_roe,DIRECTLY_REPORTED,SUB_PANEL,Reported BHC performance metric in 10-K Item 7 Financial Highlights.
Morgan Stanley,MS,2022,2022-12-31,rotce_or_rote,Return on average tangible common equity (ROTCE / ROTE),SEC_FORM_10K,2023-02-24,0000895421-23-000284,https://www.sec.gov/ix?doc=/Archives/edgar/data/0000895421/000089542123000284/ms-20221231.htm,Item 7. MD&A,Non-GAAP Financial Measures Reconciliation,Item 7 / Item 8,,SRC_MS_2022_rotce_or_rote,DIRECTLY_REPORTED,SUB_PANEL,"GS, MS, JPM report ROTCE; SF reports ROTE. Core loss-absorbing capital productivity metric."
Morgan Stanley,MS,2022,2022-12-31,efficiency_ratio_or_overhead_ratio,Efficiency ratio,SEC_FORM_10K,2023-02-24,0000895421-23-000284,https://www.sec.gov/ix?doc=/Archives/edgar/data/0000895421/000089542123000284/ms-20221231.htm,Item 7. MD&A,Financial Highlights / Executive Overview,Item 7 / Item 8,,SRC_MS_2022_efficiency_ratio_or_overhead_ratio,DIRECTLY_REPORTED,SUB_PANEL,"Non-interest expense divided by net revenues. JPM reports Overhead Ratio; GS, MS, SF report Efficiency Ratio."
Morgan Stanley,MS,2022,2022-12-31,cet1_standardized,Standardized Common Equity Tier 1 (CET1) capital ratio,SEC_FORM_10K,2023-02-24,0000895421-23-000284,https://www.sec.gov/ix?doc=/Archives/edgar/data/0000895421/000089542123000284/ms-20221231.htm,Item 7. MD&A,Capital Resources / Regulatory Capital Disclosures,Item 7 / Item 8,,SRC_MS_2022_cet1_standardized,DIRECTLY_REPORTED,SUB_PANEL,Basel III Standardized Approach CET1 ratio as reported to Federal Reserve.
Morgan Stanley,MS,2022,2022-12-31,tier1_leverage_ratio,Tier 1 leverage ratio,SEC_FORM_10K,2023-02-24,0000895421-23-000284,https://www.sec.gov/ix?doc=/Archives/edgar/data/0000895421/000089542123000284/ms-20221231.htm,Item 7. MD&A,Capital Resources / Regulatory Capital Disclosures,Item 7 / Item 8,,SRC_MS_2022_tier1_leverage_ratio,DIRECTLY_REPORTED,SUB_PANEL,Federal Reserve Tier 1 leverage ratio (Tier 1 capital / adjusted average consolidated assets).
Morgan Stanley,MS,2022,2022-12-31,supplementary_leverage_ratio,Supplementary leverage ratio (SLR),SEC_FORM_10K,2023-02-24,0000895421-23-000284,https://www.sec.gov/ix?doc=/Archives/edgar/data/0000895421/000089542123000284/ms-20221231.htm,Item 7. MD&A,Capital Resources / Regulatory Capital Disclosures,Item 7 / Item 8,,SRC_MS_2022_supplementary_leverage_ratio,DIRECTLY_REPORTED,SUB_PANEL,Basel III Category I G-SIB Supplementary Leverage Ratio. (Note: 2020 regulatory relief exclusion of Treasuries/reserves ended Q1 2021).
Morgan Stanley,MS,2022,2022-12-31,tangible_common_equity,Tangible common equity (TCE),SEC_FORM_10K,2023-02-24,0000895421-23-000284,https://www.sec.gov/ix?doc=/Archives/edgar/data/0000895421/000089542123000284/ms-20221231.htm,Item 7. MD&A,Non-GAAP Financial Measures / Balance Sheet Reconciliation,Item 7 / Item 8,,SRC_MS_2022_tangible_common_equity,DIRECTLY_REPORTED,SUB_PANEL,Common equity less goodwill and identifiable intangible assets.
Morgan Stanley,MS,2022,2022-12-31,technology_or_business_investment,Information processing and communications,SEC_FORM_10K,2023-02-24,0000895421-23-000284,https://www.sec.gov/ix?doc=/Archives/edgar/data/0000895421/000089542123000284/ms-20221231.htm,Item 8. Financial Statements / Notes,Non-Interest Expenses / Income Statement,Item 7 / Item 8,us-gaap:CommunicationsAndInformationTechnology,SRC_MS_2022_technology_or_business_investment,DIRECTLY_REPORTED,PARTIAL,"High-risk variable: captures operating tech expenses (market data, telecom, IT services). Excludes capitalized software and hardware capex. Quarantined."
Morgan Stanley,MS,2022,2022-12-31,relevant_balance_sheet_measure,Total assets,SEC_FORM_10K,2023-02-24,0000895421-23-000284,https://www.sec.gov/ix?doc=/Archives/edgar/data/0000895421/000089542123000284/ms-20221231.htm,Item 8. Financial Statements,Consolidated Statements of Financial Condition,Item 7 / Item 8,us-gaap:Assets,SRC_MS_2022_relevant_balance_sheet_measure,DIRECTLY_REPORTED,SUB_PANEL,Total consolidated balance sheet assets under U.S. GAAP.
Morgan Stanley,MS,2022,2022-12-31,compensation_expense,Compensation and benefits,SEC_FORM_10K,2023-02-24,0000895421-23-000284,https://www.sec.gov/ix?doc=/Archives/edgar/data/0000895421/000089542123000284/ms-20221231.htm,Item 8. Financial Statements,Consolidated Statements of Operations / Earnings,Item 7 / Item 8,us-gaap:LaborAndRelatedExpenses,SRC_MS_2022_compensation_expense,DIRECTLY_REPORTED,SUB_PANEL,GAAP compensation and benefits expense. Core capital allocation channel in advisory firms.
Morgan Stanley,MS,2022,2022-12-31,compensation_ratio,Derived compensation ratio: compensation_expense / net_revenue * 100,SEC_FORM_10K,2023-02-24,0000895421-23-000284,https://www.sec.gov/ix?doc=/Archives/edgar/data/0000895421/000089542123000284/ms-20221231.htm,Item 8. Financial Statements (Derived),Derived from Income Statement,Item 7 / Item 8,,SRC_MS_2022_compensation_ratio,DERIVED,SUB_PANEL,"Derived: compensation_expense / net_revenue * 100 (Inputs: SRC_MS_2022_compensation_expense, SRC_MS_2022_net_revenue)"
Morgan Stanley,MS,2022,2022-12-31,operating_income,N/A (BHCs report Pre-Tax Income; no operating income line),SEC_FORM_10K,2023-02-24,0000895421-23-000284,https://www.sec.gov/ix?doc=/Archives/edgar/data/0000895421/000089542123000284/ms-20221231.htm,Item 8. Financial Statements,N/A,Item 7 / Item 8,,SRC_MS_2022_operating_income,STRUCTURALLY_NON_COMPARABLE,STRUCTURALLY_NON_COMPARABLE,Bank accounting standards do not present an 'Operating Income' subtotal; banks report Income Before Income Taxes.
Morgan Stanley,MS,2022,2022-12-31,operating_margin,N/A,SEC_FORM_10K,2023-02-24,0000895421-23-000284,https://www.sec.gov/ix?doc=/Archives/edgar/data/0000895421/000089542123000284/ms-20221231.htm,N/A,N/A,Item 7 / Item 8,,SRC_MS_2022_operating_margin,STRUCTURALLY_NON_COMPARABLE,STRUCTURALLY_NON_COMPARABLE,Structurally non-comparable for BHCs due to lack of operating income line.
Morgan Stanley,MS,2022,2022-12-31,cash,N/A (Bank cash represents central bank fractional reserves),SEC_FORM_10K,2023-02-24,0000895421-23-000284,https://www.sec.gov/ix?doc=/Archives/edgar/data/0000895421/000089542123000284/ms-20221231.htm,Item 8. Financial Statements,N/A,Item 7 / Item 8,,SRC_MS_2022_cash,STRUCTURALLY_NON_COMPARABLE,STRUCTURALLY_NON_COMPARABLE,"Bank cash represents regulatory reserves and clearing balances, not discretionary corporate treasury cushions."
Morgan Stanley,MS,2022,2022-12-31,debt,N/A (Bank debt funds trading books and earning assets),SEC_FORM_10K,2023-02-24,0000895421-23-000284,https://www.sec.gov/ix?doc=/Archives/edgar/data/0000895421/000089542123000284/ms-20221231.htm,Item 8. Financial Statements,N/A,Item 7 / Item 8,,SRC_MS_2022_debt,STRUCTURALLY_NON_COMPARABLE,STRUCTURALLY_NON_COMPARABLE,"BHC debt is an operational funding mechanism for balance sheet intermediation, structurally distinct from corporate debt."
Morgan Stanley,MS,2022,2022-12-31,net_cash_or_net_debt,N/A,SEC_FORM_10K,2023-02-24,0000895421-23-000284,https://www.sec.gov/ix?doc=/Archives/edgar/data/0000895421/000089542123000284/ms-20221231.htm,N/A,N/A,Item 7 / Item 8,,SRC_MS_2022_net_cash_or_net_debt,NOT_APPLICABLE,NOT_APPLICABLE,Net debt is economically meaningless for bank holding companies.
Morgan Stanley,MS,2022,2022-12-31,technology_or_business_investment_if_available,N/A,SEC_FORM_10K,2023-02-24,0000895421-23-000284,https://www.sec.gov/ix?doc=/Archives/edgar/data/0000895421/000089542123000284/ms-20221231.htm,N/A,N/A,Item 7 / Item 8,,SRC_MS_2022_technology_or_business_investment_if_available,NOT_APPLICABLE,NOT_APPLICABLE,Tracked under BHC technology variable VAR_13 for Panel A and JEF.
Morgan Stanley,MS,2023,2023-12-31,net_revenue,Net revenues,SEC_FORM_10K,2024-02-22,0000895421-24-000300,https://www.sec.gov/ix?doc=/Archives/edgar/data/0000895421/000089542124000300/ms-20231231.htm,Item 8. Financial Statements,Consolidated Statements of Earnings / Operations / Income,Item 7 / Item 8,us-gaap:RevenuesNetOfInterestExpense,SRC_MS_2023_net_revenue,DIRECTLY_REPORTED,DIRECT,Primary GAAP revenue line from Consolidated Statements of Earnings/Operations.
Morgan Stanley,MS,2023,2023-12-31,investment_banking_revenue,Investment banking,SEC_FORM_10K,2024-02-22,0000895421-24-000300,https://www.sec.gov/ix?doc=/Archives/edgar/data/0000895421/000089542124000300/ms-20231231.htm,Item 8. Financial Statements / Notes,Segment Reporting / Consolidated Statements of Earnings,Item 7 / Item 8,us-gaap:InvestmentBankingRevenue,SRC_MS_2023_investment_banking_revenue,DIRECTLY_REPORTED,DIRECT,Gross investment banking / advisory and underwriting fees.
Morgan Stanley,MS,2023,2023-12-31,dividends_paid,Dividends,SEC_FORM_10K,2024-02-22,0000895421-24-000300,https://www.sec.gov/ix?doc=/Archives/edgar/data/0000895421/000089542124000300/ms-20231231.htm,Item 8. Financial Statements,Consolidated Statements of Cash Flows,Item 7 / Item 8,us-gaap:PaymentsOfDividends,SRC_MS_2023_dividends_paid,DIRECTLY_REPORTED,DIRECT,Audited cash outflow from Financing Activities in Consolidated Statement of Cash Flows.
Morgan Stanley,MS,2023,2023-12-31,share_repurchases,Repurchases of common stock,SEC_FORM_10K,2024-02-22,0000895421-24-000300,https://www.sec.gov/ix?doc=/Archives/edgar/data/0000895421/000089542124000300/ms-20231231.htm,Item 8. Financial Statements,Consolidated Statements of Cash Flows,Item 7 / Item 8,us-gaap:PaymentsForRepurchaseOfCommonStock,SRC_MS_2023_share_repurchases,DIRECTLY_REPORTED,DIRECT,Audited cash payments for equity retirement / treasury stock acquired from Financing Activities.
Morgan Stanley,MS,2023,2023-12-31,total_cash_returned,Total cash returned (Dividends paid + Share repurchases),SEC_FORM_10K,2024-02-22,0000895421-24-000300,https://www.sec.gov/ix?doc=/Archives/edgar/data/0000895421/000089542124000300/ms-20231231.htm,Item 8. Financial Statements,Consolidated Statements of Cash Flows (Derived),Item 7 / Item 8,Derived: CashFlows,SRC_MS_2023_total_cash_returned,DERIVED,DIRECT,"Derived: dividends_paid + share_repurchases (Inputs: SRC_MS_2023_dividends_paid, SRC_MS_2023_share_repurchases)"
Morgan Stanley,MS,2023,2023-12-31,roe,Return on average common shareholders' equity (ROE),SEC_FORM_10K,2024-02-22,0000895421-24-000300,https://www.sec.gov/ix?doc=/Archives/edgar/data/0000895421/000089542124000300/ms-20231231.htm,Item 7. MD&A,Financial Highlights / Executive Overview,Item 7 / Item 8,,SRC_MS_2023_roe,DIRECTLY_REPORTED,SUB_PANEL,Reported BHC performance metric in 10-K Item 7 Financial Highlights.
Morgan Stanley,MS,2023,2023-12-31,rotce_or_rote,Return on average tangible common equity (ROTCE / ROTE),SEC_FORM_10K,2024-02-22,0000895421-24-000300,https://www.sec.gov/ix?doc=/Archives/edgar/data/0000895421/000089542124000300/ms-20231231.htm,Item 7. MD&A,Non-GAAP Financial Measures Reconciliation,Item 7 / Item 8,,SRC_MS_2023_rotce_or_rote,DIRECTLY_REPORTED,SUB_PANEL,"GS, MS, JPM report ROTCE; SF reports ROTE. Core loss-absorbing capital productivity metric."
Morgan Stanley,MS,2023,2023-12-31,efficiency_ratio_or_overhead_ratio,Efficiency ratio,SEC_FORM_10K,2024-02-22,0000895421-24-000300,https://www.sec.gov/ix?doc=/Archives/edgar/data/0000895421/000089542124000300/ms-20231231.htm,Item 7. MD&A,Financial Highlights / Executive Overview,Item 7 / Item 8,,SRC_MS_2023_efficiency_ratio_or_overhead_ratio,DIRECTLY_REPORTED,SUB_PANEL,"Non-interest expense divided by net revenues. JPM reports Overhead Ratio; GS, MS, SF report Efficiency Ratio."
Morgan Stanley,MS,2023,2023-12-31,cet1_standardized,Standardized Common Equity Tier 1 (CET1) capital ratio,SEC_FORM_10K,2024-02-22,0000895421-24-000300,https://www.sec.gov/ix?doc=/Archives/edgar/data/0000895421/000089542124000300/ms-20231231.htm,Item 7. MD&A,Capital Resources / Regulatory Capital Disclosures,Item 7 / Item 8,,SRC_MS_2023_cet1_standardized,DIRECTLY_REPORTED,SUB_PANEL,Basel III Standardized Approach CET1 ratio as reported to Federal Reserve.
Morgan Stanley,MS,2023,2023-12-31,tier1_leverage_ratio,Tier 1 leverage ratio,SEC_FORM_10K,2024-02-22,0000895421-24-000300,https://www.sec.gov/ix?doc=/Archives/edgar/data/0000895421/000089542124000300/ms-20231231.htm,Item 7. MD&A,Capital Resources / Regulatory Capital Disclosures,Item 7 / Item 8,,SRC_MS_2023_tier1_leverage_ratio,DIRECTLY_REPORTED,SUB_PANEL,Federal Reserve Tier 1 leverage ratio (Tier 1 capital / adjusted average consolidated assets).
Morgan Stanley,MS,2023,2023-12-31,supplementary_leverage_ratio,Supplementary leverage ratio (SLR),SEC_FORM_10K,2024-02-22,0000895421-24-000300,https://www.sec.gov/ix?doc=/Archives/edgar/data/0000895421/000089542124000300/ms-20231231.htm,Item 7. MD&A,Capital Resources / Regulatory Capital Disclosures,Item 7 / Item 8,,SRC_MS_2023_supplementary_leverage_ratio,DIRECTLY_REPORTED,SUB_PANEL,Basel III Category I G-SIB Supplementary Leverage Ratio. (Note: 2020 regulatory relief exclusion of Treasuries/reserves ended Q1 2021).
Morgan Stanley,MS,2023,2023-12-31,tangible_common_equity,Tangible common equity (TCE),SEC_FORM_10K,2024-02-22,0000895421-24-000300,https://www.sec.gov/ix?doc=/Archives/edgar/data/0000895421/000089542124000300/ms-20231231.htm,Item 7. MD&A,Non-GAAP Financial Measures / Balance Sheet Reconciliation,Item 7 / Item 8,,SRC_MS_2023_tangible_common_equity,DIRECTLY_REPORTED,SUB_PANEL,Common equity less goodwill and identifiable intangible assets.
Morgan Stanley,MS,2023,2023-12-31,technology_or_business_investment,Information processing and communications,SEC_FORM_10K,2024-02-22,0000895421-24-000300,https://www.sec.gov/ix?doc=/Archives/edgar/data/0000895421/000089542124000300/ms-20231231.htm,Item 8. Financial Statements / Notes,Non-Interest Expenses / Income Statement,Item 7 / Item 8,us-gaap:CommunicationsAndInformationTechnology,SRC_MS_2023_technology_or_business_investment,DIRECTLY_REPORTED,PARTIAL,"High-risk variable: captures operating tech expenses (market data, telecom, IT services). Excludes capitalized software and hardware capex. Quarantined."
Morgan Stanley,MS,2023,2023-12-31,relevant_balance_sheet_measure,Total assets,SEC_FORM_10K,2024-02-22,0000895421-24-000300,https://www.sec.gov/ix?doc=/Archives/edgar/data/0000895421/000089542124000300/ms-20231231.htm,Item 8. Financial Statements,Consolidated Statements of Financial Condition,Item 7 / Item 8,us-gaap:Assets,SRC_MS_2023_relevant_balance_sheet_measure,DIRECTLY_REPORTED,SUB_PANEL,Total consolidated balance sheet assets under U.S. GAAP.
Morgan Stanley,MS,2023,2023-12-31,compensation_expense,Compensation and benefits,SEC_FORM_10K,2024-02-22,0000895421-24-000300,https://www.sec.gov/ix?doc=/Archives/edgar/data/0000895421/000089542124000300/ms-20231231.htm,Item 8. Financial Statements,Consolidated Statements of Operations / Earnings,Item 7 / Item 8,us-gaap:LaborAndRelatedExpenses,SRC_MS_2023_compensation_expense,DIRECTLY_REPORTED,SUB_PANEL,GAAP compensation and benefits expense. Core capital allocation channel in advisory firms.
Morgan Stanley,MS,2023,2023-12-31,compensation_ratio,Derived compensation ratio: compensation_expense / net_revenue * 100,SEC_FORM_10K,2024-02-22,0000895421-24-000300,https://www.sec.gov/ix?doc=/Archives/edgar/data/0000895421/000089542124000300/ms-20231231.htm,Item 8. Financial Statements (Derived),Derived from Income Statement,Item 7 / Item 8,,SRC_MS_2023_compensation_ratio,DERIVED,SUB_PANEL,"Derived: compensation_expense / net_revenue * 100 (Inputs: SRC_MS_2023_compensation_expense, SRC_MS_2023_net_revenue)"
Morgan Stanley,MS,2023,2023-12-31,operating_income,N/A (BHCs report Pre-Tax Income; no operating income line),SEC_FORM_10K,2024-02-22,0000895421-24-000300,https://www.sec.gov/ix?doc=/Archives/edgar/data/0000895421/000089542124000300/ms-20231231.htm,Item 8. Financial Statements,N/A,Item 7 / Item 8,,SRC_MS_2023_operating_income,STRUCTURALLY_NON_COMPARABLE,STRUCTURALLY_NON_COMPARABLE,Bank accounting standards do not present an 'Operating Income' subtotal; banks report Income Before Income Taxes.
Morgan Stanley,MS,2023,2023-12-31,operating_margin,N/A,SEC_FORM_10K,2024-02-22,0000895421-24-000300,https://www.sec.gov/ix?doc=/Archives/edgar/data/0000895421/000089542124000300/ms-20231231.htm,N/A,N/A,Item 7 / Item 8,,SRC_MS_2023_operating_margin,STRUCTURALLY_NON_COMPARABLE,STRUCTURALLY_NON_COMPARABLE,Structurally non-comparable for BHCs due to lack of operating income line.
Morgan Stanley,MS,2023,2023-12-31,cash,N/A (Bank cash represents central bank fractional reserves),SEC_FORM_10K,2024-02-22,0000895421-24-000300,https://www.sec.gov/ix?doc=/Archives/edgar/data/0000895421/000089542124000300/ms-20231231.htm,Item 8. Financial Statements,N/A,Item 7 / Item 8,,SRC_MS_2023_cash,STRUCTURALLY_NON_COMPARABLE,STRUCTURALLY_NON_COMPARABLE,"Bank cash represents regulatory reserves and clearing balances, not discretionary corporate treasury cushions."
Morgan Stanley,MS,2023,2023-12-31,debt,N/A (Bank debt funds trading books and earning assets),SEC_FORM_10K,2024-02-22,0000895421-24-000300,https://www.sec.gov/ix?doc=/Archives/edgar/data/0000895421/000089542124000300/ms-20231231.htm,Item 8. Financial Statements,N/A,Item 7 / Item 8,,SRC_MS_2023_debt,STRUCTURALLY_NON_COMPARABLE,STRUCTURALLY_NON_COMPARABLE,"BHC debt is an operational funding mechanism for balance sheet intermediation, structurally distinct from corporate debt."
Morgan Stanley,MS,2023,2023-12-31,net_cash_or_net_debt,N/A,SEC_FORM_10K,2024-02-22,0000895421-24-000300,https://www.sec.gov/ix?doc=/Archives/edgar/data/0000895421/000089542124000300/ms-20231231.htm,N/A,N/A,Item 7 / Item 8,,SRC_MS_2023_net_cash_or_net_debt,NOT_APPLICABLE,NOT_APPLICABLE,Net debt is economically meaningless for bank holding companies.
Morgan Stanley,MS,2023,2023-12-31,technology_or_business_investment_if_available,N/A,SEC_FORM_10K,2024-02-22,0000895421-24-000300,https://www.sec.gov/ix?doc=/Archives/edgar/data/0000895421/000089542124000300/ms-20231231.htm,N/A,N/A,Item 7 / Item 8,,SRC_MS_2023_technology_or_business_investment_if_available,NOT_APPLICABLE,NOT_APPLICABLE,Tracked under BHC technology variable VAR_13 for Panel A and JEF.
Morgan Stanley,MS,2024,2024-12-31,net_revenue,Net revenues,SEC_FORM_10K,2025-02-21,0000895421-25-000304,https://www.sec.gov/ix?doc=/Archives/edgar/data/0000895421/000089542125000304/ms-20241231.htm,Item 8. Financial Statements,Consolidated Statements of Earnings / Operations / Income,Item 7 / Item 8,us-gaap:RevenuesNetOfInterestExpense,SRC_MS_2024_net_revenue,DIRECTLY_REPORTED,DIRECT,Primary GAAP revenue line from Consolidated Statements of Earnings/Operations.
Morgan Stanley,MS,2024,2024-12-31,investment_banking_revenue,Investment banking,SEC_FORM_10K,2025-02-21,0000895421-25-000304,https://www.sec.gov/ix?doc=/Archives/edgar/data/0000895421/000089542125000304/ms-20241231.htm,Item 8. Financial Statements / Notes,Segment Reporting / Consolidated Statements of Earnings,Item 7 / Item 8,us-gaap:InvestmentBankingRevenue,SRC_MS_2024_investment_banking_revenue,DIRECTLY_REPORTED,DIRECT,Gross investment banking / advisory and underwriting fees.
Morgan Stanley,MS,2024,2024-12-31,dividends_paid,Dividends,SEC_FORM_10K,2025-02-21,0000895421-25-000304,https://www.sec.gov/ix?doc=/Archives/edgar/data/0000895421/000089542125000304/ms-20241231.htm,Item 8. Financial Statements,Consolidated Statements of Cash Flows,Item 7 / Item 8,us-gaap:PaymentsOfDividends,SRC_MS_2024_dividends_paid,DIRECTLY_REPORTED,DIRECT,Audited cash outflow from Financing Activities in Consolidated Statement of Cash Flows.
Morgan Stanley,MS,2024,2024-12-31,share_repurchases,Repurchases of common stock,SEC_FORM_10K,2025-02-21,0000895421-25-000304,https://www.sec.gov/ix?doc=/Archives/edgar/data/0000895421/000089542125000304/ms-20241231.htm,Item 8. Financial Statements,Consolidated Statements of Cash Flows,Item 7 / Item 8,us-gaap:PaymentsForRepurchaseOfCommonStock,SRC_MS_2024_share_repurchases,DIRECTLY_REPORTED,DIRECT,Audited cash payments for equity retirement / treasury stock acquired from Financing Activities.
Morgan Stanley,MS,2024,2024-12-31,total_cash_returned,Total cash returned (Dividends paid + Share repurchases),SEC_FORM_10K,2025-02-21,0000895421-25-000304,https://www.sec.gov/ix?doc=/Archives/edgar/data/0000895421/000089542125000304/ms-20241231.htm,Item 8. Financial Statements,Consolidated Statements of Cash Flows (Derived),Item 7 / Item 8,Derived: CashFlows,SRC_MS_2024_total_cash_returned,DERIVED,DIRECT,"Derived: dividends_paid + share_repurchases (Inputs: SRC_MS_2024_dividends_paid, SRC_MS_2024_share_repurchases)"
Morgan Stanley,MS,2024,2024-12-31,roe,Return on average common shareholders' equity (ROE),SEC_FORM_10K,2025-02-21,0000895421-25-000304,https://www.sec.gov/ix?doc=/Archives/edgar/data/0000895421/000089542125000304/ms-20241231.htm,Item 7. MD&A,Financial Highlights / Executive Overview,Item 7 / Item 8,,SRC_MS_2024_roe,DIRECTLY_REPORTED,SUB_PANEL,Reported BHC performance metric in 10-K Item 7 Financial Highlights.
Morgan Stanley,MS,2024,2024-12-31,rotce_or_rote,Return on average tangible common equity (ROTCE / ROTE),SEC_FORM_10K,2025-02-21,0000895421-25-000304,https://www.sec.gov/ix?doc=/Archives/edgar/data/0000895421/000089542125000304/ms-20241231.htm,Item 7. MD&A,Non-GAAP Financial Measures Reconciliation,Item 7 / Item 8,,SRC_MS_2024_rotce_or_rote,DIRECTLY_REPORTED,SUB_PANEL,"GS, MS, JPM report ROTCE; SF reports ROTE. Core loss-absorbing capital productivity metric."
Morgan Stanley,MS,2024,2024-12-31,efficiency_ratio_or_overhead_ratio,Efficiency ratio,SEC_FORM_10K,2025-02-21,0000895421-25-000304,https://www.sec.gov/ix?doc=/Archives/edgar/data/0000895421/000089542125000304/ms-20241231.htm,Item 7. MD&A,Financial Highlights / Executive Overview,Item 7 / Item 8,,SRC_MS_2024_efficiency_ratio_or_overhead_ratio,DIRECTLY_REPORTED,SUB_PANEL,"Non-interest expense divided by net revenues. JPM reports Overhead Ratio; GS, MS, SF report Efficiency Ratio."
Morgan Stanley,MS,2024,2024-12-31,cet1_standardized,Standardized Common Equity Tier 1 (CET1) capital ratio,SEC_FORM_10K,2025-02-21,0000895421-25-000304,https://www.sec.gov/ix?doc=/Archives/edgar/data/0000895421/000089542125000304/ms-20241231.htm,Item 7. MD&A,Capital Resources / Regulatory Capital Disclosures,Item 7 / Item 8,,SRC_MS_2024_cet1_standardized,DIRECTLY_REPORTED,SUB_PANEL,Basel III Standardized Approach CET1 ratio as reported to Federal Reserve.
Morgan Stanley,MS,2024,2024-12-31,tier1_leverage_ratio,Tier 1 leverage ratio,SEC_FORM_10K,2025-02-21,0000895421-25-000304,https://www.sec.gov/ix?doc=/Archives/edgar/data/0000895421/000089542125000304/ms-20241231.htm,Item 7. MD&A,Capital Resources / Regulatory Capital Disclosures,Item 7 / Item 8,,SRC_MS_2024_tier1_leverage_ratio,DIRECTLY_REPORTED,SUB_PANEL,Federal Reserve Tier 1 leverage ratio (Tier 1 capital / adjusted average consolidated assets).
Morgan Stanley,MS,2024,2024-12-31,supplementary_leverage_ratio,Supplementary leverage ratio (SLR),SEC_FORM_10K,2025-02-21,0000895421-25-000304,https://www.sec.gov/ix?doc=/Archives/edgar/data/0000895421/000089542125000304/ms-20241231.htm,Item 7. MD&A,Capital Resources / Regulatory Capital Disclosures,Item 7 / Item 8,,SRC_MS_2024_supplementary_leverage_ratio,DIRECTLY_REPORTED,SUB_PANEL,Basel III Category I G-SIB Supplementary Leverage Ratio. (Note: 2020 regulatory relief exclusion of Treasuries/reserves ended Q1 2021).
Morgan Stanley,MS,2024,2024-12-31,tangible_common_equity,Tangible common equity (TCE),SEC_FORM_10K,2025-02-21,0000895421-25-000304,https://www.sec.gov/ix?doc=/Archives/edgar/data/0000895421/000089542125000304/ms-20241231.htm,Item 7. MD&A,Non-GAAP Financial Measures / Balance Sheet Reconciliation,Item 7 / Item 8,,SRC_MS_2024_tangible_common_equity,DIRECTLY_REPORTED,SUB_PANEL,Common equity less goodwill and identifiable intangible assets.
Morgan Stanley,MS,2024,2024-12-31,technology_or_business_investment,Information processing and communications,SEC_FORM_10K,2025-02-21,0000895421-25-000304,https://www.sec.gov/ix?doc=/Archives/edgar/data/0000895421/000089542125000304/ms-20241231.htm,Item 8. Financial Statements / Notes,Non-Interest Expenses / Income Statement,Item 7 / Item 8,us-gaap:CommunicationsAndInformationTechnology,SRC_MS_2024_technology_or_business_investment,DIRECTLY_REPORTED,PARTIAL,"High-risk variable: captures operating tech expenses (market data, telecom, IT services). Excludes capitalized software and hardware capex. Quarantined."
Morgan Stanley,MS,2024,2024-12-31,relevant_balance_sheet_measure,Total assets,SEC_FORM_10K,2025-02-21,0000895421-25-000304,https://www.sec.gov/ix?doc=/Archives/edgar/data/0000895421/000089542125000304/ms-20241231.htm,Item 8. Financial Statements,Consolidated Statements of Financial Condition,Item 7 / Item 8,us-gaap:Assets,SRC_MS_2024_relevant_balance_sheet_measure,DIRECTLY_REPORTED,SUB_PANEL,Total consolidated balance sheet assets under U.S. GAAP.
Morgan Stanley,MS,2024,2024-12-31,compensation_expense,Compensation and benefits,SEC_FORM_10K,2025-02-21,0000895421-25-000304,https://www.sec.gov/ix?doc=/Archives/edgar/data/0000895421/000089542125000304/ms-20241231.htm,Item 8. Financial Statements,Consolidated Statements of Operations / Earnings,Item 7 / Item 8,us-gaap:LaborAndRelatedExpenses,SRC_MS_2024_compensation_expense,DIRECTLY_REPORTED,SUB_PANEL,GAAP compensation and benefits expense. Core capital allocation channel in advisory firms.
Morgan Stanley,MS,2024,2024-12-31,compensation_ratio,Derived compensation ratio: compensation_expense / net_revenue * 100,SEC_FORM_10K,2025-02-21,0000895421-25-000304,https://www.sec.gov/ix?doc=/Archives/edgar/data/0000895421/000089542125000304/ms-20241231.htm,Item 8. Financial Statements (Derived),Derived from Income Statement,Item 7 / Item 8,,SRC_MS_2024_compensation_ratio,DERIVED,SUB_PANEL,"Derived: compensation_expense / net_revenue * 100 (Inputs: SRC_MS_2024_compensation_expense, SRC_MS_2024_net_revenue)"
Morgan Stanley,MS,2024,2024-12-31,operating_income,N/A (BHCs report Pre-Tax Income; no operating income line),SEC_FORM_10K,2025-02-21,0000895421-25-000304,https://www.sec.gov/ix?doc=/Archives/edgar/data/0000895421/000089542125000304/ms-20241231.htm,Item 8. Financial Statements,N/A,Item 7 / Item 8,,SRC_MS_2024_operating_income,STRUCTURALLY_NON_COMPARABLE,STRUCTURALLY_NON_COMPARABLE,Bank accounting standards do not present an 'Operating Income' subtotal; banks report Income Before Income Taxes.
Morgan Stanley,MS,2024,2024-12-31,operating_margin,N/A,SEC_FORM_10K,2025-02-21,0000895421-25-000304,https://www.sec.gov/ix?doc=/Archives/edgar/data/0000895421/000089542125000304/ms-20241231.htm,N/A,N/A,Item 7 / Item 8,,SRC_MS_2024_operating_margin,STRUCTURALLY_NON_COMPARABLE,STRUCTURALLY_NON_COMPARABLE,Structurally non-comparable for BHCs due to lack of operating income line.
Morgan Stanley,MS,2024,2024-12-31,cash,N/A (Bank cash represents central bank fractional reserves),SEC_FORM_10K,2025-02-21,0000895421-25-000304,https://www.sec.gov/ix?doc=/Archives/edgar/data/0000895421/000089542125000304/ms-20241231.htm,Item 8. Financial Statements,N/A,Item 7 / Item 8,,SRC_MS_2024_cash,STRUCTURALLY_NON_COMPARABLE,STRUCTURALLY_NON_COMPARABLE,"Bank cash represents regulatory reserves and clearing balances, not discretionary corporate treasury cushions."
Morgan Stanley,MS,2024,2024-12-31,debt,N/A (Bank debt funds trading books and earning assets),SEC_FORM_10K,2025-02-21,0000895421-25-000304,https://www.sec.gov/ix?doc=/Archives/edgar/data/0000895421/000089542125000304/ms-20241231.htm,Item 8. Financial Statements,N/A,Item 7 / Item 8,,SRC_MS_2024_debt,STRUCTURALLY_NON_COMPARABLE,STRUCTURALLY_NON_COMPARABLE,"BHC debt is an operational funding mechanism for balance sheet intermediation, structurally distinct from corporate debt."
Morgan Stanley,MS,2024,2024-12-31,net_cash_or_net_debt,N/A,SEC_FORM_10K,2025-02-21,0000895421-25-000304,https://www.sec.gov/ix?doc=/Archives/edgar/data/0000895421/000089542125000304/ms-20241231.htm,N/A,N/A,Item 7 / Item 8,,SRC_MS_2024_net_cash_or_net_debt,NOT_APPLICABLE,NOT_APPLICABLE,Net debt is economically meaningless for bank holding companies.
Morgan Stanley,MS,2024,2024-12-31,technology_or_business_investment_if_available,N/A,SEC_FORM_10K,2025-02-21,0000895421-25-000304,https://www.sec.gov/ix?doc=/Archives/edgar/data/0000895421/000089542125000304/ms-20241231.htm,N/A,N/A,Item 7 / Item 8,,SRC_MS_2024_technology_or_business_investment_if_available,NOT_APPLICABLE,NOT_APPLICABLE,Tracked under BHC technology variable VAR_13 for Panel A and JEF.
JPMorgan Chase & Co.,JPM,2020,2020-12-31,net_revenue,Total net revenue,SEC_FORM_10K,2021-02-23,0000019617-21-000236,https://www.sec.gov/ix?doc=/Archives/edgar/data/0000019617/000001961721000236/jpm-20201231.htm,Item 8. Financial Statements,Consolidated Statements of Earnings / Operations / Income,Item 7 / Item 8,us-gaap:RevenuesNetOfInterestExpense,SRC_JPM_2020_net_revenue,DIRECTLY_REPORTED,DIRECT,Primary GAAP revenue line from Consolidated Statements of Earnings/Operations.
JPMorgan Chase & Co.,JPM,2020,2020-12-31,investment_banking_revenue,Investment banking fees,SEC_FORM_10K,2021-02-23,0000019617-21-000236,https://www.sec.gov/ix?doc=/Archives/edgar/data/0000019617/000001961721000236/jpm-20201231.htm,Item 8. Financial Statements / Notes,Segment Reporting / Consolidated Statements of Earnings,Item 7 / Item 8,us-gaap:InvestmentBankingRevenue,SRC_JPM_2020_investment_banking_revenue,DIRECTLY_REPORTED,DIRECT,Gross investment banking / advisory and underwriting fees.
JPMorgan Chase & Co.,JPM,2020,2020-12-31,dividends_paid,Dividends paid,SEC_FORM_10K,2021-02-23,0000019617-21-000236,https://www.sec.gov/ix?doc=/Archives/edgar/data/0000019617/000001961721000236/jpm-20201231.htm,Item 8. Financial Statements,Consolidated Statements of Cash Flows,Item 7 / Item 8,us-gaap:PaymentsOfDividends,SRC_JPM_2020_dividends_paid,DIRECTLY_REPORTED,DIRECT,Audited cash outflow from Financing Activities in Consolidated Statement of Cash Flows.
JPMorgan Chase & Co.,JPM,2020,2020-12-31,share_repurchases,Treasury stock purchased,SEC_FORM_10K,2021-02-23,0000019617-21-000236,https://www.sec.gov/ix?doc=/Archives/edgar/data/0000019617/000001961721000236/jpm-20201231.htm,Item 8. Financial Statements,Consolidated Statements of Cash Flows,Item 7 / Item 8,us-gaap:PaymentsForRepurchaseOfCommonStock,SRC_JPM_2020_share_repurchases,DIRECTLY_REPORTED,DIRECT,Audited cash payments for equity retirement / treasury stock acquired from Financing Activities.
JPMorgan Chase & Co.,JPM,2020,2020-12-31,total_cash_returned,Total cash returned (Dividends paid + Share repurchases),SEC_FORM_10K,2021-02-23,0000019617-21-000236,https://www.sec.gov/ix?doc=/Archives/edgar/data/0000019617/000001961721000236/jpm-20201231.htm,Item 8. Financial Statements,Consolidated Statements of Cash Flows (Derived),Item 7 / Item 8,Derived: CashFlows,SRC_JPM_2020_total_cash_returned,DERIVED,DIRECT,"Derived: dividends_paid + share_repurchases (Inputs: SRC_JPM_2020_dividends_paid, SRC_JPM_2020_share_repurchases)"
JPMorgan Chase & Co.,JPM,2020,2020-12-31,roe,Return on average common shareholders' equity (ROE),SEC_FORM_10K,2021-02-23,0000019617-21-000236,https://www.sec.gov/ix?doc=/Archives/edgar/data/0000019617/000001961721000236/jpm-20201231.htm,Item 7. MD&A,Financial Highlights / Executive Overview,Item 7 / Item 8,,SRC_JPM_2020_roe,DIRECTLY_REPORTED,SUB_PANEL,Reported BHC performance metric in 10-K Item 7 Financial Highlights.
JPMorgan Chase & Co.,JPM,2020,2020-12-31,rotce_or_rote,Return on average tangible common equity (ROTCE / ROTE),SEC_FORM_10K,2021-02-23,0000019617-21-000236,https://www.sec.gov/ix?doc=/Archives/edgar/data/0000019617/000001961721000236/jpm-20201231.htm,Item 7. MD&A,Non-GAAP Financial Measures Reconciliation,Item 7 / Item 8,,SRC_JPM_2020_rotce_or_rote,DIRECTLY_REPORTED,SUB_PANEL,"GS, MS, JPM report ROTCE; SF reports ROTE. Core loss-absorbing capital productivity metric."
JPMorgan Chase & Co.,JPM,2020,2020-12-31,efficiency_ratio_or_overhead_ratio,Overhead ratio,SEC_FORM_10K,2021-02-23,0000019617-21-000236,https://www.sec.gov/ix?doc=/Archives/edgar/data/0000019617/000001961721000236/jpm-20201231.htm,Item 7. MD&A,Financial Highlights / Executive Overview,Item 7 / Item 8,,SRC_JPM_2020_efficiency_ratio_or_overhead_ratio,DIRECTLY_REPORTED,SUB_PANEL,"Non-interest expense divided by net revenues. JPM reports Overhead Ratio; GS, MS, SF report Efficiency Ratio."
JPMorgan Chase & Co.,JPM,2020,2020-12-31,cet1_standardized,Standardized Common Equity Tier 1 (CET1) capital ratio,SEC_FORM_10K,2021-02-23,0000019617-21-000236,https://www.sec.gov/ix?doc=/Archives/edgar/data/0000019617/000001961721000236/jpm-20201231.htm,Item 7. MD&A,Capital Resources / Regulatory Capital Disclosures,Item 7 / Item 8,,SRC_JPM_2020_cet1_standardized,DIRECTLY_REPORTED,SUB_PANEL,Basel III Standardized Approach CET1 ratio as reported to Federal Reserve.
JPMorgan Chase & Co.,JPM,2020,2020-12-31,tier1_leverage_ratio,Tier 1 leverage ratio,SEC_FORM_10K,2021-02-23,0000019617-21-000236,https://www.sec.gov/ix?doc=/Archives/edgar/data/0000019617/000001961721000236/jpm-20201231.htm,Item 7. MD&A,Capital Resources / Regulatory Capital Disclosures,Item 7 / Item 8,,SRC_JPM_2020_tier1_leverage_ratio,DIRECTLY_REPORTED,SUB_PANEL,Federal Reserve Tier 1 leverage ratio (Tier 1 capital / adjusted average consolidated assets).
JPMorgan Chase & Co.,JPM,2020,2020-12-31,supplementary_leverage_ratio,Supplementary leverage ratio (SLR),SEC_FORM_10K,2021-02-23,0000019617-21-000236,https://www.sec.gov/ix?doc=/Archives/edgar/data/0000019617/000001961721000236/jpm-20201231.htm,Item 7. MD&A,Capital Resources / Regulatory Capital Disclosures,Item 7 / Item 8,,SRC_JPM_2020_supplementary_leverage_ratio,DIRECTLY_REPORTED,SUB_PANEL,Basel III Category I G-SIB Supplementary Leverage Ratio. (Note: 2020 regulatory relief exclusion of Treasuries/reserves ended Q1 2021).
JPMorgan Chase & Co.,JPM,2020,2020-12-31,tangible_common_equity,Tangible common equity (TCE),SEC_FORM_10K,2021-02-23,0000019617-21-000236,https://www.sec.gov/ix?doc=/Archives/edgar/data/0000019617/000001961721000236/jpm-20201231.htm,Item 7. MD&A,Non-GAAP Financial Measures / Balance Sheet Reconciliation,Item 7 / Item 8,,SRC_JPM_2020_tangible_common_equity,DIRECTLY_REPORTED,SUB_PANEL,Common equity less goodwill and identifiable intangible assets.
JPMorgan Chase & Co.,JPM,2020,2020-12-31,technology_or_business_investment,"Technology, communications and equipment",SEC_FORM_10K,2021-02-23,0000019617-21-000236,https://www.sec.gov/ix?doc=/Archives/edgar/data/0000019617/000001961721000236/jpm-20201231.htm,Item 8. Financial Statements / Notes,Non-Interest Expenses / Income Statement,Item 7 / Item 8,us-gaap:CommunicationsAndInformationTechnology,SRC_JPM_2020_technology_or_business_investment,DIRECTLY_REPORTED,PARTIAL,"High-risk variable: captures operating tech expenses (market data, telecom, IT services). Excludes capitalized software and hardware capex. Quarantined."
JPMorgan Chase & Co.,JPM,2020,2020-12-31,relevant_balance_sheet_measure,Total assets,SEC_FORM_10K,2021-02-23,0000019617-21-000236,https://www.sec.gov/ix?doc=/Archives/edgar/data/0000019617/000001961721000236/jpm-20201231.htm,Item 8. Financial Statements,Consolidated Statements of Financial Condition,Item 7 / Item 8,us-gaap:Assets,SRC_JPM_2020_relevant_balance_sheet_measure,DIRECTLY_REPORTED,SUB_PANEL,Total consolidated balance sheet assets under U.S. GAAP.
JPMorgan Chase & Co.,JPM,2020,2020-12-31,compensation_expense,Compensation expense,SEC_FORM_10K,2021-02-23,0000019617-21-000236,https://www.sec.gov/ix?doc=/Archives/edgar/data/0000019617/000001961721000236/jpm-20201231.htm,Item 8. Financial Statements,Consolidated Statements of Operations / Earnings,Item 7 / Item 8,us-gaap:LaborAndRelatedExpenses,SRC_JPM_2020_compensation_expense,DIRECTLY_REPORTED,SUB_PANEL,GAAP compensation and benefits expense. Core capital allocation channel in advisory firms.
JPMorgan Chase & Co.,JPM,2020,2020-12-31,compensation_ratio,Derived compensation ratio: compensation_expense / net_revenue * 100,SEC_FORM_10K,2021-02-23,0000019617-21-000236,https://www.sec.gov/ix?doc=/Archives/edgar/data/0000019617/000001961721000236/jpm-20201231.htm,Item 8. Financial Statements (Derived),Derived from Income Statement,Item 7 / Item 8,,SRC_JPM_2020_compensation_ratio,DERIVED,SUB_PANEL,"Derived: compensation_expense / net_revenue * 100 (Inputs: SRC_JPM_2020_compensation_expense, SRC_JPM_2020_net_revenue)"
JPMorgan Chase & Co.,JPM,2020,2020-12-31,operating_income,N/A (BHCs report Pre-Tax Income; no operating income line),SEC_FORM_10K,2021-02-23,0000019617-21-000236,https://www.sec.gov/ix?doc=/Archives/edgar/data/0000019617/000001961721000236/jpm-20201231.htm,Item 8. Financial Statements,N/A,Item 7 / Item 8,,SRC_JPM_2020_operating_income,STRUCTURALLY_NON_COMPARABLE,STRUCTURALLY_NON_COMPARABLE,Bank accounting standards do not present an 'Operating Income' subtotal; banks report Income Before Income Taxes.
JPMorgan Chase & Co.,JPM,2020,2020-12-31,operating_margin,N/A,SEC_FORM_10K,2021-02-23,0000019617-21-000236,https://www.sec.gov/ix?doc=/Archives/edgar/data/0000019617/000001961721000236/jpm-20201231.htm,N/A,N/A,Item 7 / Item 8,,SRC_JPM_2020_operating_margin,STRUCTURALLY_NON_COMPARABLE,STRUCTURALLY_NON_COMPARABLE,Structurally non-comparable for BHCs due to lack of operating income line.
JPMorgan Chase & Co.,JPM,2020,2020-12-31,cash,N/A (Bank cash represents central bank fractional reserves),SEC_FORM_10K,2021-02-23,0000019617-21-000236,https://www.sec.gov/ix?doc=/Archives/edgar/data/0000019617/000001961721000236/jpm-20201231.htm,Item 8. Financial Statements,N/A,Item 7 / Item 8,,SRC_JPM_2020_cash,STRUCTURALLY_NON_COMPARABLE,STRUCTURALLY_NON_COMPARABLE,"Bank cash represents regulatory reserves and clearing balances, not discretionary corporate treasury cushions."
JPMorgan Chase & Co.,JPM,2020,2020-12-31,debt,N/A (Bank debt funds trading books and earning assets),SEC_FORM_10K,2021-02-23,0000019617-21-000236,https://www.sec.gov/ix?doc=/Archives/edgar/data/0000019617/000001961721000236/jpm-20201231.htm,Item 8. Financial Statements,N/A,Item 7 / Item 8,,SRC_JPM_2020_debt,STRUCTURALLY_NON_COMPARABLE,STRUCTURALLY_NON_COMPARABLE,"BHC debt is an operational funding mechanism for balance sheet intermediation, structurally distinct from corporate debt."
JPMorgan Chase & Co.,JPM,2020,2020-12-31,net_cash_or_net_debt,N/A,SEC_FORM_10K,2021-02-23,0000019617-21-000236,https://www.sec.gov/ix?doc=/Archives/edgar/data/0000019617/000001961721000236/jpm-20201231.htm,N/A,N/A,Item 7 / Item 8,,SRC_JPM_2020_net_cash_or_net_debt,NOT_APPLICABLE,NOT_APPLICABLE,Net debt is economically meaningless for bank holding companies.
JPMorgan Chase & Co.,JPM,2020,2020-12-31,technology_or_business_investment_if_available,N/A,SEC_FORM_10K,2021-02-23,0000019617-21-000236,https://www.sec.gov/ix?doc=/Archives/edgar/data/0000019617/000001961721000236/jpm-20201231.htm,N/A,N/A,Item 7 / Item 8,,SRC_JPM_2020_technology_or_business_investment_if_available,NOT_APPLICABLE,NOT_APPLICABLE,Tracked under BHC technology variable VAR_13 for Panel A and JEF.
JPMorgan Chase & Co.,JPM,2021,2021-12-31,net_revenue,Total net revenue,SEC_FORM_10K,2022-02-22,0000019617-22-000272,https://www.sec.gov/ix?doc=/Archives/edgar/data/0000019617/000001961722000272/jpm-20211231.htm,Item 8. Financial Statements,Consolidated Statements of Earnings / Operations / Income,Item 7 / Item 8,us-gaap:RevenuesNetOfInterestExpense,SRC_JPM_2021_net_revenue,DIRECTLY_REPORTED,DIRECT,Primary GAAP revenue line from Consolidated Statements of Earnings/Operations.
JPMorgan Chase & Co.,JPM,2021,2021-12-31,investment_banking_revenue,Investment banking fees,SEC_FORM_10K,2022-02-22,0000019617-22-000272,https://www.sec.gov/ix?doc=/Archives/edgar/data/0000019617/000001961722000272/jpm-20211231.htm,Item 8. Financial Statements / Notes,Segment Reporting / Consolidated Statements of Earnings,Item 7 / Item 8,us-gaap:InvestmentBankingRevenue,SRC_JPM_2021_investment_banking_revenue,DIRECTLY_REPORTED,DIRECT,Gross investment banking / advisory and underwriting fees.
JPMorgan Chase & Co.,JPM,2021,2021-12-31,dividends_paid,Dividends paid,SEC_FORM_10K,2022-02-22,0000019617-22-000272,https://www.sec.gov/ix?doc=/Archives/edgar/data/0000019617/000001961722000272/jpm-20211231.htm,Item 8. Financial Statements,Consolidated Statements of Cash Flows,Item 7 / Item 8,us-gaap:PaymentsOfDividends,SRC_JPM_2021_dividends_paid,DIRECTLY_REPORTED,DIRECT,Audited cash outflow from Financing Activities in Consolidated Statement of Cash Flows.
JPMorgan Chase & Co.,JPM,2021,2021-12-31,share_repurchases,Treasury stock purchased,SEC_FORM_10K,2022-02-22,0000019617-22-000272,https://www.sec.gov/ix?doc=/Archives/edgar/data/0000019617/000001961722000272/jpm-20211231.htm,Item 8. Financial Statements,Consolidated Statements of Cash Flows,Item 7 / Item 8,us-gaap:PaymentsForRepurchaseOfCommonStock,SRC_JPM_2021_share_repurchases,DIRECTLY_REPORTED,DIRECT,Audited cash payments for equity retirement / treasury stock acquired from Financing Activities.
JPMorgan Chase & Co.,JPM,2021,2021-12-31,total_cash_returned,Total cash returned (Dividends paid + Share repurchases),SEC_FORM_10K,2022-02-22,0000019617-22-000272,https://www.sec.gov/ix?doc=/Archives/edgar/data/0000019617/000001961722000272/jpm-20211231.htm,Item 8. Financial Statements,Consolidated Statements of Cash Flows (Derived),Item 7 / Item 8,Derived: CashFlows,SRC_JPM_2021_total_cash_returned,DERIVED,DIRECT,"Derived: dividends_paid + share_repurchases (Inputs: SRC_JPM_2021_dividends_paid, SRC_JPM_2021_share_repurchases)"
JPMorgan Chase & Co.,JPM,2021,2021-12-31,roe,Return on average common shareholders' equity (ROE),SEC_FORM_10K,2022-02-22,0000019617-22-000272,https://www.sec.gov/ix?doc=/Archives/edgar/data/0000019617/000001961722000272/jpm-20211231.htm,Item 7. MD&A,Financial Highlights / Executive Overview,Item 7 / Item 8,,SRC_JPM_2021_roe,DIRECTLY_REPORTED,SUB_PANEL,Reported BHC performance metric in 10-K Item 7 Financial Highlights.
JPMorgan Chase & Co.,JPM,2021,2021-12-31,rotce_or_rote,Return on average tangible common equity (ROTCE / ROTE),SEC_FORM_10K,2022-02-22,0000019617-22-000272,https://www.sec.gov/ix?doc=/Archives/edgar/data/0000019617/000001961722000272/jpm-20211231.htm,Item 7. MD&A,Non-GAAP Financial Measures Reconciliation,Item 7 / Item 8,,SRC_JPM_2021_rotce_or_rote,DIRECTLY_REPORTED,SUB_PANEL,"GS, MS, JPM report ROTCE; SF reports ROTE. Core loss-absorbing capital productivity metric."
JPMorgan Chase & Co.,JPM,2021,2021-12-31,efficiency_ratio_or_overhead_ratio,Overhead ratio,SEC_FORM_10K,2022-02-22,0000019617-22-000272,https://www.sec.gov/ix?doc=/Archives/edgar/data/0000019617/000001961722000272/jpm-20211231.htm,Item 7. MD&A,Financial Highlights / Executive Overview,Item 7 / Item 8,,SRC_JPM_2021_efficiency_ratio_or_overhead_ratio,DIRECTLY_REPORTED,SUB_PANEL,"Non-interest expense divided by net revenues. JPM reports Overhead Ratio; GS, MS, SF report Efficiency Ratio."
JPMorgan Chase & Co.,JPM,2021,2021-12-31,cet1_standardized,Standardized Common Equity Tier 1 (CET1) capital ratio,SEC_FORM_10K,2022-02-22,0000019617-22-000272,https://www.sec.gov/ix?doc=/Archives/edgar/data/0000019617/000001961722000272/jpm-20211231.htm,Item 7. MD&A,Capital Resources / Regulatory Capital Disclosures,Item 7 / Item 8,,SRC_JPM_2021_cet1_standardized,DIRECTLY_REPORTED,SUB_PANEL,Basel III Standardized Approach CET1 ratio as reported to Federal Reserve.
JPMorgan Chase & Co.,JPM,2021,2021-12-31,tier1_leverage_ratio,Tier 1 leverage ratio,SEC_FORM_10K,2022-02-22,0000019617-22-000272,https://www.sec.gov/ix?doc=/Archives/edgar/data/0000019617/000001961722000272/jpm-20211231.htm,Item 7. MD&A,Capital Resources / Regulatory Capital Disclosures,Item 7 / Item 8,,SRC_JPM_2021_tier1_leverage_ratio,DIRECTLY_REPORTED,SUB_PANEL,Federal Reserve Tier 1 leverage ratio (Tier 1 capital / adjusted average consolidated assets).
JPMorgan Chase & Co.,JPM,2021,2021-12-31,supplementary_leverage_ratio,Supplementary leverage ratio (SLR),SEC_FORM_10K,2022-02-22,0000019617-22-000272,https://www.sec.gov/ix?doc=/Archives/edgar/data/0000019617/000001961722000272/jpm-20211231.htm,Item 7. MD&A,Capital Resources / Regulatory Capital Disclosures,Item 7 / Item 8,,SRC_JPM_2021_supplementary_leverage_ratio,DIRECTLY_REPORTED,SUB_PANEL,Basel III Category I G-SIB Supplementary Leverage Ratio. (Note: 2020 regulatory relief exclusion of Treasuries/reserves ended Q1 2021).
JPMorgan Chase & Co.,JPM,2021,2021-12-31,tangible_common_equity,Tangible common equity (TCE),SEC_FORM_10K,2022-02-22,0000019617-22-000272,https://www.sec.gov/ix?doc=/Archives/edgar/data/0000019617/000001961722000272/jpm-20211231.htm,Item 7. MD&A,Non-GAAP Financial Measures / Balance Sheet Reconciliation,Item 7 / Item 8,,SRC_JPM_2021_tangible_common_equity,DIRECTLY_REPORTED,SUB_PANEL,Common equity less goodwill and identifiable intangible assets.
JPMorgan Chase & Co.,JPM,2021,2021-12-31,technology_or_business_investment,"Technology, communications and equipment",SEC_FORM_10K,2022-02-22,0000019617-22-000272,https://www.sec.gov/ix?doc=/Archives/edgar/data/0000019617/000001961722000272/jpm-20211231.htm,Item 8. Financial Statements / Notes,Non-Interest Expenses / Income Statement,Item 7 / Item 8,us-gaap:CommunicationsAndInformationTechnology,SRC_JPM_2021_technology_or_business_investment,DIRECTLY_REPORTED,PARTIAL,"High-risk variable: captures operating tech expenses (market data, telecom, IT services). Excludes capitalized software and hardware capex. Quarantined."
JPMorgan Chase & Co.,JPM,2021,2021-12-31,relevant_balance_sheet_measure,Total assets,SEC_FORM_10K,2022-02-22,0000019617-22-000272,https://www.sec.gov/ix?doc=/Archives/edgar/data/0000019617/000001961722000272/jpm-20211231.htm,Item 8. Financial Statements,Consolidated Statements of Financial Condition,Item 7 / Item 8,us-gaap:Assets,SRC_JPM_2021_relevant_balance_sheet_measure,DIRECTLY_REPORTED,SUB_PANEL,Total consolidated balance sheet assets under U.S. GAAP.
JPMorgan Chase & Co.,JPM,2021,2021-12-31,compensation_expense,Compensation expense,SEC_FORM_10K,2022-02-22,0000019617-22-000272,https://www.sec.gov/ix?doc=/Archives/edgar/data/0000019617/000001961722000272/jpm-20211231.htm,Item 8. Financial Statements,Consolidated Statements of Operations / Earnings,Item 7 / Item 8,us-gaap:LaborAndRelatedExpenses,SRC_JPM_2021_compensation_expense,DIRECTLY_REPORTED,SUB_PANEL,GAAP compensation and benefits expense. Core capital allocation channel in advisory firms.
JPMorgan Chase & Co.,JPM,2021,2021-12-31,compensation_ratio,Derived compensation ratio: compensation_expense / net_revenue * 100,SEC_FORM_10K,2022-02-22,0000019617-22-000272,https://www.sec.gov/ix?doc=/Archives/edgar/data/0000019617/000001961722000272/jpm-20211231.htm,Item 8. Financial Statements (Derived),Derived from Income Statement,Item 7 / Item 8,,SRC_JPM_2021_compensation_ratio,DERIVED,SUB_PANEL,"Derived: compensation_expense / net_revenue * 100 (Inputs: SRC_JPM_2021_compensation_expense, SRC_JPM_2021_net_revenue)"
JPMorgan Chase & Co.,JPM,2021,2021-12-31,operating_income,N/A (BHCs report Pre-Tax Income; no operating income line),SEC_FORM_10K,2022-02-22,0000019617-22-000272,https://www.sec.gov/ix?doc=/Archives/edgar/data/0000019617/000001961722000272/jpm-20211231.htm,Item 8. Financial Statements,N/A,Item 7 / Item 8,,SRC_JPM_2021_operating_income,STRUCTURALLY_NON_COMPARABLE,STRUCTURALLY_NON_COMPARABLE,Bank accounting standards do not present an 'Operating Income' subtotal; banks report Income Before Income Taxes.
JPMorgan Chase & Co.,JPM,2021,2021-12-31,operating_margin,N/A,SEC_FORM_10K,2022-02-22,0000019617-22-000272,https://www.sec.gov/ix?doc=/Archives/edgar/data/0000019617/000001961722000272/jpm-20211231.htm,N/A,N/A,Item 7 / Item 8,,SRC_JPM_2021_operating_margin,STRUCTURALLY_NON_COMPARABLE,STRUCTURALLY_NON_COMPARABLE,Structurally non-comparable for BHCs due to lack of operating income line.
JPMorgan Chase & Co.,JPM,2021,2021-12-31,cash,N/A (Bank cash represents central bank fractional reserves),SEC_FORM_10K,2022-02-22,0000019617-22-000272,https://www.sec.gov/ix?doc=/Archives/edgar/data/0000019617/000001961722000272/jpm-20211231.htm,Item 8. Financial Statements,N/A,Item 7 / Item 8,,SRC_JPM_2021_cash,STRUCTURALLY_NON_COMPARABLE,STRUCTURALLY_NON_COMPARABLE,"Bank cash represents regulatory reserves and clearing balances, not discretionary corporate treasury cushions."
JPMorgan Chase & Co.,JPM,2021,2021-12-31,debt,N/A (Bank debt funds trading books and earning assets),SEC_FORM_10K,2022-02-22,0000019617-22-000272,https://www.sec.gov/ix?doc=/Archives/edgar/data/0000019617/000001961722000272/jpm-20211231.htm,Item 8. Financial Statements,N/A,Item 7 / Item 8,,SRC_JPM_2021_debt,STRUCTURALLY_NON_COMPARABLE,STRUCTURALLY_NON_COMPARABLE,"BHC debt is an operational funding mechanism for balance sheet intermediation, structurally distinct from corporate debt."
JPMorgan Chase & Co.,JPM,2021,2021-12-31,net_cash_or_net_debt,N/A,SEC_FORM_10K,2022-02-22,0000019617-22-000272,https://www.sec.gov/ix?doc=/Archives/edgar/data/0000019617/000001961722000272/jpm-20211231.htm,N/A,N/A,Item 7 / Item 8,,SRC_JPM_2021_net_cash_or_net_debt,NOT_APPLICABLE,NOT_APPLICABLE,Net debt is economically meaningless for bank holding companies.
JPMorgan Chase & Co.,JPM,2021,2021-12-31,technology_or_business_investment_if_available,N/A,SEC_FORM_10K,2022-02-22,0000019617-22-000272,https://www.sec.gov/ix?doc=/Archives/edgar/data/0000019617/000001961722000272/jpm-20211231.htm,N/A,N/A,Item 7 / Item 8,,SRC_JPM_2021_technology_or_business_investment_if_available,NOT_APPLICABLE,NOT_APPLICABLE,Tracked under BHC technology variable VAR_13 for Panel A and JEF.
JPMorgan Chase & Co.,JPM,2022,2022-12-31,net_revenue,Total net revenue,SEC_FORM_10K,2023-02-21,0000019617-23-000231,https://www.sec.gov/ix?doc=/Archives/edgar/data/0000019617/000001961723000231/jpm-20221231.htm,Item 8. Financial Statements,Consolidated Statements of Earnings / Operations / Income,Item 7 / Item 8,us-gaap:RevenuesNetOfInterestExpense,SRC_JPM_2022_net_revenue,DIRECTLY_REPORTED,DIRECT,Primary GAAP revenue line from Consolidated Statements of Earnings/Operations.
JPMorgan Chase & Co.,JPM,2022,2022-12-31,investment_banking_revenue,Investment banking fees,SEC_FORM_10K,2023-02-21,0000019617-23-000231,https://www.sec.gov/ix?doc=/Archives/edgar/data/0000019617/000001961723000231/jpm-20221231.htm,Item 8. Financial Statements / Notes,Segment Reporting / Consolidated Statements of Earnings,Item 7 / Item 8,us-gaap:InvestmentBankingRevenue,SRC_JPM_2022_investment_banking_revenue,DIRECTLY_REPORTED,DIRECT,Gross investment banking / advisory and underwriting fees.
JPMorgan Chase & Co.,JPM,2022,2022-12-31,dividends_paid,Dividends paid,SEC_FORM_10K,2023-02-21,0000019617-23-000231,https://www.sec.gov/ix?doc=/Archives/edgar/data/0000019617/000001961723000231/jpm-20221231.htm,Item 8. Financial Statements,Consolidated Statements of Cash Flows,Item 7 / Item 8,us-gaap:PaymentsOfDividends,SRC_JPM_2022_dividends_paid,DIRECTLY_REPORTED,DIRECT,Audited cash outflow from Financing Activities in Consolidated Statement of Cash Flows.
JPMorgan Chase & Co.,JPM,2022,2022-12-31,share_repurchases,Treasury stock purchased,SEC_FORM_10K,2023-02-21,0000019617-23-000231,https://www.sec.gov/ix?doc=/Archives/edgar/data/0000019617/000001961723000231/jpm-20221231.htm,Item 8. Financial Statements,Consolidated Statements of Cash Flows,Item 7 / Item 8,us-gaap:PaymentsForRepurchaseOfCommonStock,SRC_JPM_2022_share_repurchases,DIRECTLY_REPORTED,DIRECT,Audited cash payments for equity retirement / treasury stock acquired from Financing Activities.
JPMorgan Chase & Co.,JPM,2022,2022-12-31,total_cash_returned,Total cash returned (Dividends paid + Share repurchases),SEC_FORM_10K,2023-02-21,0000019617-23-000231,https://www.sec.gov/ix?doc=/Archives/edgar/data/0000019617/000001961723000231/jpm-20221231.htm,Item 8. Financial Statements,Consolidated Statements of Cash Flows (Derived),Item 7 / Item 8,Derived: CashFlows,SRC_JPM_2022_total_cash_returned,DERIVED,DIRECT,"Derived: dividends_paid + share_repurchases (Inputs: SRC_JPM_2022_dividends_paid, SRC_JPM_2022_share_repurchases)"
JPMorgan Chase & Co.,JPM,2022,2022-12-31,roe,Return on average common shareholders' equity (ROE),SEC_FORM_10K,2023-02-21,0000019617-23-000231,https://www.sec.gov/ix?doc=/Archives/edgar/data/0000019617/000001961723000231/jpm-20221231.htm,Item 7. MD&A,Financial Highlights / Executive Overview,Item 7 / Item 8,,SRC_JPM_2022_roe,DIRECTLY_REPORTED,SUB_PANEL,Reported BHC performance metric in 10-K Item 7 Financial Highlights.
JPMorgan Chase & Co.,JPM,2022,2022-12-31,rotce_or_rote,Return on average tangible common equity (ROTCE / ROTE),SEC_FORM_10K,2023-02-21,0000019617-23-000231,https://www.sec.gov/ix?doc=/Archives/edgar/data/0000019617/000001961723000231/jpm-20221231.htm,Item 7. MD&A,Non-GAAP Financial Measures Reconciliation,Item 7 / Item 8,,SRC_JPM_2022_rotce_or_rote,DIRECTLY_REPORTED,SUB_PANEL,"GS, MS, JPM report ROTCE; SF reports ROTE. Core loss-absorbing capital productivity metric."
JPMorgan Chase & Co.,JPM,2022,2022-12-31,efficiency_ratio_or_overhead_ratio,Overhead ratio,SEC_FORM_10K,2023-02-21,0000019617-23-000231,https://www.sec.gov/ix?doc=/Archives/edgar/data/0000019617/000001961723000231/jpm-20221231.htm,Item 7. MD&A,Financial Highlights / Executive Overview,Item 7 / Item 8,,SRC_JPM_2022_efficiency_ratio_or_overhead_ratio,DIRECTLY_REPORTED,SUB_PANEL,"Non-interest expense divided by net revenues. JPM reports Overhead Ratio; GS, MS, SF report Efficiency Ratio."
JPMorgan Chase & Co.,JPM,2022,2022-12-31,cet1_standardized,Standardized Common Equity Tier 1 (CET1) capital ratio,SEC_FORM_10K,2023-02-21,0000019617-23-000231,https://www.sec.gov/ix?doc=/Archives/edgar/data/0000019617/000001961723000231/jpm-20221231.htm,Item 7. MD&A,Capital Resources / Regulatory Capital Disclosures,Item 7 / Item 8,,SRC_JPM_2022_cet1_standardized,DIRECTLY_REPORTED,SUB_PANEL,Basel III Standardized Approach CET1 ratio as reported to Federal Reserve.
JPMorgan Chase & Co.,JPM,2022,2022-12-31,tier1_leverage_ratio,Tier 1 leverage ratio,SEC_FORM_10K,2023-02-21,0000019617-23-000231,https://www.sec.gov/ix?doc=/Archives/edgar/data/0000019617/000001961723000231/jpm-20221231.htm,Item 7. MD&A,Capital Resources / Regulatory Capital Disclosures,Item 7 / Item 8,,SRC_JPM_2022_tier1_leverage_ratio,DIRECTLY_REPORTED,SUB_PANEL,Federal Reserve Tier 1 leverage ratio (Tier 1 capital / adjusted average consolidated assets).
JPMorgan Chase & Co.,JPM,2022,2022-12-31,supplementary_leverage_ratio,Supplementary leverage ratio (SLR),SEC_FORM_10K,2023-02-21,0000019617-23-000231,https://www.sec.gov/ix?doc=/Archives/edgar/data/0000019617/000001961723000231/jpm-20221231.htm,Item 7. MD&A,Capital Resources / Regulatory Capital Disclosures,Item 7 / Item 8,,SRC_JPM_2022_supplementary_leverage_ratio,DIRECTLY_REPORTED,SUB_PANEL,Basel III Category I G-SIB Supplementary Leverage Ratio. (Note: 2020 regulatory relief exclusion of Treasuries/reserves ended Q1 2021).
JPMorgan Chase & Co.,JPM,2022,2022-12-31,tangible_common_equity,Tangible common equity (TCE),SEC_FORM_10K,2023-02-21,0000019617-23-000231,https://www.sec.gov/ix?doc=/Archives/edgar/data/0000019617/000001961723000231/jpm-20221231.htm,Item 7. MD&A,Non-GAAP Financial Measures / Balance Sheet Reconciliation,Item 7 / Item 8,,SRC_JPM_2022_tangible_common_equity,DIRECTLY_REPORTED,SUB_PANEL,Common equity less goodwill and identifiable intangible assets.
JPMorgan Chase & Co.,JPM,2022,2022-12-31,technology_or_business_investment,"Technology, communications and equipment",SEC_FORM_10K,2023-02-21,0000019617-23-000231,https://www.sec.gov/ix?doc=/Archives/edgar/data/0000019617/000001961723000231/jpm-20221231.htm,Item 8. Financial Statements / Notes,Non-Interest Expenses / Income Statement,Item 7 / Item 8,us-gaap:CommunicationsAndInformationTechnology,SRC_JPM_2022_technology_or_business_investment,DIRECTLY_REPORTED,PARTIAL,"High-risk variable: captures operating tech expenses (market data, telecom, IT services). Excludes capitalized software and hardware capex. Quarantined."
JPMorgan Chase & Co.,JPM,2022,2022-12-31,relevant_balance_sheet_measure,Total assets,SEC_FORM_10K,2023-02-21,0000019617-23-000231,https://www.sec.gov/ix?doc=/Archives/edgar/data/0000019617/000001961723000231/jpm-20221231.htm,Item 8. Financial Statements,Consolidated Statements of Financial Condition,Item 7 / Item 8,us-gaap:Assets,SRC_JPM_2022_relevant_balance_sheet_measure,DIRECTLY_REPORTED,SUB_PANEL,Total consolidated balance sheet assets under U.S. GAAP.
JPMorgan Chase & Co.,JPM,2022,2022-12-31,compensation_expense,Compensation expense,SEC_FORM_10K,2023-02-21,0000019617-23-000231,https://www.sec.gov/ix?doc=/Archives/edgar/data/0000019617/000001961723000231/jpm-20221231.htm,Item 8. Financial Statements,Consolidated Statements of Operations / Earnings,Item 7 / Item 8,us-gaap:LaborAndRelatedExpenses,SRC_JPM_2022_compensation_expense,DIRECTLY_REPORTED,SUB_PANEL,GAAP compensation and benefits expense. Core capital allocation channel in advisory firms.
JPMorgan Chase & Co.,JPM,2022,2022-12-31,compensation_ratio,Derived compensation ratio: compensation_expense / net_revenue * 100,SEC_FORM_10K,2023-02-21,0000019617-23-000231,https://www.sec.gov/ix?doc=/Archives/edgar/data/0000019617/000001961723000231/jpm-20221231.htm,Item 8. Financial Statements (Derived),Derived from Income Statement,Item 7 / Item 8,,SRC_JPM_2022_compensation_ratio,DERIVED,SUB_PANEL,"Derived: compensation_expense / net_revenue * 100 (Inputs: SRC_JPM_2022_compensation_expense, SRC_JPM_2022_net_revenue)"
JPMorgan Chase & Co.,JPM,2022,2022-12-31,operating_income,N/A (BHCs report Pre-Tax Income; no operating income line),SEC_FORM_10K,2023-02-21,0000019617-23-000231,https://www.sec.gov/ix?doc=/Archives/edgar/data/0000019617/000001961723000231/jpm-20221231.htm,Item 8. Financial Statements,N/A,Item 7 / Item 8,,SRC_JPM_2022_operating_income,STRUCTURALLY_NON_COMPARABLE,STRUCTURALLY_NON_COMPARABLE,Bank accounting standards do not present an 'Operating Income' subtotal; banks report Income Before Income Taxes.
JPMorgan Chase & Co.,JPM,2022,2022-12-31,operating_margin,N/A,SEC_FORM_10K,2023-02-21,0000019617-23-000231,https://www.sec.gov/ix?doc=/Archives/edgar/data/0000019617/000001961723000231/jpm-20221231.htm,N/A,N/A,Item 7 / Item 8,,SRC_JPM_2022_operating_margin,STRUCTURALLY_NON_COMPARABLE,STRUCTURALLY_NON_COMPARABLE,Structurally non-comparable for BHCs due to lack of operating income line.
JPMorgan Chase & Co.,JPM,2022,2022-12-31,cash,N/A (Bank cash represents central bank fractional reserves),SEC_FORM_10K,2023-02-21,0000019617-23-000231,https://www.sec.gov/ix?doc=/Archives/edgar/data/0000019617/000001961723000231/jpm-20221231.htm,Item 8. Financial Statements,N/A,Item 7 / Item 8,,SRC_JPM_2022_cash,STRUCTURALLY_NON_COMPARABLE,STRUCTURALLY_NON_COMPARABLE,"Bank cash represents regulatory reserves and clearing balances, not discretionary corporate treasury cushions."
JPMorgan Chase & Co.,JPM,2022,2022-12-31,debt,N/A (Bank debt funds trading books and earning assets),SEC_FORM_10K,2023-02-21,0000019617-23-000231,https://www.sec.gov/ix?doc=/Archives/edgar/data/0000019617/000001961723000231/jpm-20221231.htm,Item 8. Financial Statements,N/A,Item 7 / Item 8,,SRC_JPM_2022_debt,STRUCTURALLY_NON_COMPARABLE,STRUCTURALLY_NON_COMPARABLE,"BHC debt is an operational funding mechanism for balance sheet intermediation, structurally distinct from corporate debt."
JPMorgan Chase & Co.,JPM,2022,2022-12-31,net_cash_or_net_debt,N/A,SEC_FORM_10K,2023-02-21,0000019617-23-000231,https://www.sec.gov/ix?doc=/Archives/edgar/data/0000019617/000001961723000231/jpm-20221231.htm,N/A,N/A,Item 7 / Item 8,,SRC_JPM_2022_net_cash_or_net_debt,NOT_APPLICABLE,NOT_APPLICABLE,Net debt is economically meaningless for bank holding companies.
JPMorgan Chase & Co.,JPM,2022,2022-12-31,technology_or_business_investment_if_available,N/A,SEC_FORM_10K,2023-02-21,0000019617-23-000231,https://www.sec.gov/ix?doc=/Archives/edgar/data/0000019617/000001961723000231/jpm-20221231.htm,N/A,N/A,Item 7 / Item 8,,SRC_JPM_2022_technology_or_business_investment_if_available,NOT_APPLICABLE,NOT_APPLICABLE,Tracked under BHC technology variable VAR_13 for Panel A and JEF.
JPMorgan Chase & Co.,JPM,2023,2023-12-31,net_revenue,Total net revenue,SEC_FORM_10K,2024-02-16,0000019617-24-000225,https://www.sec.gov/ix?doc=/Archives/edgar/data/0000019617/000001961724000225/jpm-20231231.htm,Item 8. Financial Statements,Consolidated Statements of Earnings / Operations / Income,Item 7 / Item 8,us-gaap:RevenuesNetOfInterestExpense,SRC_JPM_2023_net_revenue,DIRECTLY_REPORTED,DIRECT,Primary GAAP revenue line from Consolidated Statements of Earnings/Operations.
JPMorgan Chase & Co.,JPM,2023,2023-12-31,investment_banking_revenue,Investment banking fees,SEC_FORM_10K,2024-02-16,0000019617-24-000225,https://www.sec.gov/ix?doc=/Archives/edgar/data/0000019617/000001961724000225/jpm-20231231.htm,Item 8. Financial Statements / Notes,Segment Reporting / Consolidated Statements of Earnings,Item 7 / Item 8,us-gaap:InvestmentBankingRevenue,SRC_JPM_2023_investment_banking_revenue,DIRECTLY_REPORTED,DIRECT,Gross investment banking / advisory and underwriting fees.
JPMorgan Chase & Co.,JPM,2023,2023-12-31,dividends_paid,Dividends paid,SEC_FORM_10K,2024-02-16,0000019617-24-000225,https://www.sec.gov/ix?doc=/Archives/edgar/data/0000019617/000001961724000225/jpm-20231231.htm,Item 8. Financial Statements,Consolidated Statements of Cash Flows,Item 7 / Item 8,us-gaap:PaymentsOfDividends,SRC_JPM_2023_dividends_paid,DIRECTLY_REPORTED,DIRECT,Audited cash outflow from Financing Activities in Consolidated Statement of Cash Flows.
JPMorgan Chase & Co.,JPM,2023,2023-12-31,share_repurchases,Treasury stock purchased,SEC_FORM_10K,2024-02-16,0000019617-24-000225,https://www.sec.gov/ix?doc=/Archives/edgar/data/0000019617/000001961724000225/jpm-20231231.htm,Item 8. Financial Statements,Consolidated Statements of Cash Flows,Item 7 / Item 8,us-gaap:PaymentsForRepurchaseOfCommonStock,SRC_JPM_2023_share_repurchases,DIRECTLY_REPORTED,DIRECT,Audited cash payments for equity retirement / treasury stock acquired from Financing Activities.
JPMorgan Chase & Co.,JPM,2023,2023-12-31,total_cash_returned,Total cash returned (Dividends paid + Share repurchases),SEC_FORM_10K,2024-02-16,0000019617-24-000225,https://www.sec.gov/ix?doc=/Archives/edgar/data/0000019617/000001961724000225/jpm-20231231.htm,Item 8. Financial Statements,Consolidated Statements of Cash Flows (Derived),Item 7 / Item 8,Derived: CashFlows,SRC_JPM_2023_total_cash_returned,DERIVED,DIRECT,"Derived: dividends_paid + share_repurchases (Inputs: SRC_JPM_2023_dividends_paid, SRC_JPM_2023_share_repurchases)"
JPMorgan Chase & Co.,JPM,2023,2023-12-31,roe,Return on average common shareholders' equity (ROE),SEC_FORM_10K,2024-02-16,0000019617-24-000225,https://www.sec.gov/ix?doc=/Archives/edgar/data/0000019617/000001961724000225/jpm-20231231.htm,Item 7. MD&A,Financial Highlights / Executive Overview,Item 7 / Item 8,,SRC_JPM_2023_roe,DIRECTLY_REPORTED,SUB_PANEL,Reported BHC performance metric in 10-K Item 7 Financial Highlights.
JPMorgan Chase & Co.,JPM,2023,2023-12-31,rotce_or_rote,Return on average tangible common equity (ROTCE / ROTE),SEC_FORM_10K,2024-02-16,0000019617-24-000225,https://www.sec.gov/ix?doc=/Archives/edgar/data/0000019617/000001961724000225/jpm-20231231.htm,Item 7. MD&A,Non-GAAP Financial Measures Reconciliation,Item 7 / Item 8,,SRC_JPM_2023_rotce_or_rote,DIRECTLY_REPORTED,SUB_PANEL,"GS, MS, JPM report ROTCE; SF reports ROTE. Core loss-absorbing capital productivity metric."
JPMorgan Chase & Co.,JPM,2023,2023-12-31,efficiency_ratio_or_overhead_ratio,Overhead ratio,SEC_FORM_10K,2024-02-16,0000019617-24-000225,https://www.sec.gov/ix?doc=/Archives/edgar/data/0000019617/000001961724000225/jpm-20231231.htm,Item 7. MD&A,Financial Highlights / Executive Overview,Item 7 / Item 8,,SRC_JPM_2023_efficiency_ratio_or_overhead_ratio,DIRECTLY_REPORTED,SUB_PANEL,"Non-interest expense divided by net revenues. JPM reports Overhead Ratio; GS, MS, SF report Efficiency Ratio."
JPMorgan Chase & Co.,JPM,2023,2023-12-31,cet1_standardized,Standardized Common Equity Tier 1 (CET1) capital ratio,SEC_FORM_10K,2024-02-16,0000019617-24-000225,https://www.sec.gov/ix?doc=/Archives/edgar/data/0000019617/000001961724000225/jpm-20231231.htm,Item 7. MD&A,Capital Resources / Regulatory Capital Disclosures,Item 7 / Item 8,,SRC_JPM_2023_cet1_standardized,DIRECTLY_REPORTED,SUB_PANEL,Basel III Standardized Approach CET1 ratio as reported to Federal Reserve.
JPMorgan Chase & Co.,JPM,2023,2023-12-31,tier1_leverage_ratio,Tier 1 leverage ratio,SEC_FORM_10K,2024-02-16,0000019617-24-000225,https://www.sec.gov/ix?doc=/Archives/edgar/data/0000019617/000001961724000225/jpm-20231231.htm,Item 7. MD&A,Capital Resources / Regulatory Capital Disclosures,Item 7 / Item 8,,SRC_JPM_2023_tier1_leverage_ratio,DIRECTLY_REPORTED,SUB_PANEL,Federal Reserve Tier 1 leverage ratio (Tier 1 capital / adjusted average consolidated assets).
JPMorgan Chase & Co.,JPM,2023,2023-12-31,supplementary_leverage_ratio,Supplementary leverage ratio (SLR),SEC_FORM_10K,2024-02-16,0000019617-24-000225,https://www.sec.gov/ix?doc=/Archives/edgar/data/0000019617/000001961724000225/jpm-20231231.htm,Item 7. MD&A,Capital Resources / Regulatory Capital Disclosures,Item 7 / Item 8,,SRC_JPM_2023_supplementary_leverage_ratio,DIRECTLY_REPORTED,SUB_PANEL,Basel III Category I G-SIB Supplementary Leverage Ratio. (Note: 2020 regulatory relief exclusion of Treasuries/reserves ended Q1 2021).
JPMorgan Chase & Co.,JPM,2023,2023-12-31,tangible_common_equity,Tangible common equity (TCE),SEC_FORM_10K,2024-02-16,0000019617-24-000225,https://www.sec.gov/ix?doc=/Archives/edgar/data/0000019617/000001961724000225/jpm-20231231.htm,Item 7. MD&A,Non-GAAP Financial Measures / Balance Sheet Reconciliation,Item 7 / Item 8,,SRC_JPM_2023_tangible_common_equity,DIRECTLY_REPORTED,SUB_PANEL,Common equity less goodwill and identifiable intangible assets.
JPMorgan Chase & Co.,JPM,2023,2023-12-31,technology_or_business_investment,"Technology, communications and equipment",SEC_FORM_10K,2024-02-16,0000019617-24-000225,https://www.sec.gov/ix?doc=/Archives/edgar/data/0000019617/000001961724000225/jpm-20231231.htm,Item 8. Financial Statements / Notes,Non-Interest Expenses / Income Statement,Item 7 / Item 8,us-gaap:CommunicationsAndInformationTechnology,SRC_JPM_2023_technology_or_business_investment,DIRECTLY_REPORTED,PARTIAL,"High-risk variable: captures operating tech expenses (market data, telecom, IT services). Excludes capitalized software and hardware capex. Quarantined."
JPMorgan Chase & Co.,JPM,2023,2023-12-31,relevant_balance_sheet_measure,Total assets,SEC_FORM_10K,2024-02-16,0000019617-24-000225,https://www.sec.gov/ix?doc=/Archives/edgar/data/0000019617/000001961724000225/jpm-20231231.htm,Item 8. Financial Statements,Consolidated Statements of Financial Condition,Item 7 / Item 8,us-gaap:Assets,SRC_JPM_2023_relevant_balance_sheet_measure,DIRECTLY_REPORTED,SUB_PANEL,Total consolidated balance sheet assets under U.S. GAAP.
JPMorgan Chase & Co.,JPM,2023,2023-12-31,compensation_expense,Compensation expense,SEC_FORM_10K,2024-02-16,0000019617-24-000225,https://www.sec.gov/ix?doc=/Archives/edgar/data/0000019617/000001961724000225/jpm-20231231.htm,Item 8. Financial Statements,Consolidated Statements of Operations / Earnings,Item 7 / Item 8,us-gaap:LaborAndRelatedExpenses,SRC_JPM_2023_compensation_expense,DIRECTLY_REPORTED,SUB_PANEL,GAAP compensation and benefits expense. Core capital allocation channel in advisory firms.
JPMorgan Chase & Co.,JPM,2023,2023-12-31,compensation_ratio,Derived compensation ratio: compensation_expense / net_revenue * 100,SEC_FORM_10K,2024-02-16,0000019617-24-000225,https://www.sec.gov/ix?doc=/Archives/edgar/data/0000019617/000001961724000225/jpm-20231231.htm,Item 8. Financial Statements (Derived),Derived from Income Statement,Item 7 / Item 8,,SRC_JPM_2023_compensation_ratio,DERIVED,SUB_PANEL,"Derived: compensation_expense / net_revenue * 100 (Inputs: SRC_JPM_2023_compensation_expense, SRC_JPM_2023_net_revenue)"
JPMorgan Chase & Co.,JPM,2023,2023-12-31,operating_income,N/A (BHCs report Pre-Tax Income; no operating income line),SEC_FORM_10K,2024-02-16,0000019617-24-000225,https://www.sec.gov/ix?doc=/Archives/edgar/data/0000019617/000001961724000225/jpm-20231231.htm,Item 8. Financial Statements,N/A,Item 7 / Item 8,,SRC_JPM_2023_operating_income,STRUCTURALLY_NON_COMPARABLE,STRUCTURALLY_NON_COMPARABLE,Bank accounting standards do not present an 'Operating Income' subtotal; banks report Income Before Income Taxes.
JPMorgan Chase & Co.,JPM,2023,2023-12-31,operating_margin,N/A,SEC_FORM_10K,2024-02-16,0000019617-24-000225,https://www.sec.gov/ix?doc=/Archives/edgar/data/0000019617/000001961724000225/jpm-20231231.htm,N/A,N/A,Item 7 / Item 8,,SRC_JPM_2023_operating_margin,STRUCTURALLY_NON_COMPARABLE,STRUCTURALLY_NON_COMPARABLE,Structurally non-comparable for BHCs due to lack of operating income line.
JPMorgan Chase & Co.,JPM,2023,2023-12-31,cash,N/A (Bank cash represents central bank fractional reserves),SEC_FORM_10K,2024-02-16,0000019617-24-000225,https://www.sec.gov/ix?doc=/Archives/edgar/data/0000019617/000001961724000225/jpm-20231231.htm,Item 8. Financial Statements,N/A,Item 7 / Item 8,,SRC_JPM_2023_cash,STRUCTURALLY_NON_COMPARABLE,STRUCTURALLY_NON_COMPARABLE,"Bank cash represents regulatory reserves and clearing balances, not discretionary corporate treasury cushions."
JPMorgan Chase & Co.,JPM,2023,2023-12-31,debt,N/A (Bank debt funds trading books and earning assets),SEC_FORM_10K,2024-02-16,0000019617-24-000225,https://www.sec.gov/ix?doc=/Archives/edgar/data/0000019617/000001961724000225/jpm-20231231.htm,Item 8. Financial Statements,N/A,Item 7 / Item 8,,SRC_JPM_2023_debt,STRUCTURALLY_NON_COMPARABLE,STRUCTURALLY_NON_COMPARABLE,"BHC debt is an operational funding mechanism for balance sheet intermediation, structurally distinct from corporate debt."
JPMorgan Chase & Co.,JPM,2023,2023-12-31,net_cash_or_net_debt,N/A,SEC_FORM_10K,2024-02-16,0000019617-24-000225,https://www.sec.gov/ix?doc=/Archives/edgar/data/0000019617/000001961724000225/jpm-20231231.htm,N/A,N/A,Item 7 / Item 8,,SRC_JPM_2023_net_cash_or_net_debt,NOT_APPLICABLE,NOT_APPLICABLE,Net debt is economically meaningless for bank holding companies.
JPMorgan Chase & Co.,JPM,2023,2023-12-31,technology_or_business_investment_if_available,N/A,SEC_FORM_10K,2024-02-16,0000019617-24-000225,https://www.sec.gov/ix?doc=/Archives/edgar/data/0000019617/000001961724000225/jpm-20231231.htm,N/A,N/A,Item 7 / Item 8,,SRC_JPM_2023_technology_or_business_investment_if_available,NOT_APPLICABLE,NOT_APPLICABLE,Tracked under BHC technology variable VAR_13 for Panel A and JEF.
JPMorgan Chase & Co.,JPM,2024,2024-12-31,net_revenue,Total net revenue,SEC_FORM_10K,2025-02-14,0000019617-25-000270,https://www.sec.gov/ix?doc=/Archives/edgar/data/0000019617/000001961725000270/jpm-20241231.htm,Item 8. Financial Statements,Consolidated Statements of Earnings / Operations / Income,Item 7 / Item 8,us-gaap:RevenuesNetOfInterestExpense,SRC_JPM_2024_net_revenue,DIRECTLY_REPORTED,DIRECT,Primary GAAP revenue line from Consolidated Statements of Earnings/Operations.
JPMorgan Chase & Co.,JPM,2024,2024-12-31,investment_banking_revenue,Investment banking fees,SEC_FORM_10K,2025-02-14,0000019617-25-000270,https://www.sec.gov/ix?doc=/Archives/edgar/data/0000019617/000001961725000270/jpm-20241231.htm,Item 8. Financial Statements / Notes,Segment Reporting / Consolidated Statements of Earnings,Item 7 / Item 8,us-gaap:InvestmentBankingRevenue,SRC_JPM_2024_investment_banking_revenue,DIRECTLY_REPORTED,DIRECT,Gross investment banking / advisory and underwriting fees.
JPMorgan Chase & Co.,JPM,2024,2024-12-31,dividends_paid,Dividends paid,SEC_FORM_10K,2025-02-14,0000019617-25-000270,https://www.sec.gov/ix?doc=/Archives/edgar/data/0000019617/000001961725000270/jpm-20241231.htm,Item 8. Financial Statements,Consolidated Statements of Cash Flows,Item 7 / Item 8,us-gaap:PaymentsOfDividends,SRC_JPM_2024_dividends_paid,DIRECTLY_REPORTED,DIRECT,Audited cash outflow from Financing Activities in Consolidated Statement of Cash Flows.
JPMorgan Chase & Co.,JPM,2024,2024-12-31,share_repurchases,Treasury stock purchased,SEC_FORM_10K,2025-02-14,0000019617-25-000270,https://www.sec.gov/ix?doc=/Archives/edgar/data/0000019617/000001961725000270/jpm-20241231.htm,Item 8. Financial Statements,Consolidated Statements of Cash Flows,Item 7 / Item 8,us-gaap:PaymentsForRepurchaseOfCommonStock,SRC_JPM_2024_share_repurchases,DIRECTLY_REPORTED,DIRECT,Audited cash payments for equity retirement / treasury stock acquired from Financing Activities.
JPMorgan Chase & Co.,JPM,2024,2024-12-31,total_cash_returned,Total cash returned (Dividends paid + Share repurchases),SEC_FORM_10K,2025-02-14,0000019617-25-000270,https://www.sec.gov/ix?doc=/Archives/edgar/data/0000019617/000001961725000270/jpm-20241231.htm,Item 8. Financial Statements,Consolidated Statements of Cash Flows (Derived),Item 7 / Item 8,Derived: CashFlows,SRC_JPM_2024_total_cash_returned,DERIVED,DIRECT,"Derived: dividends_paid + share_repurchases (Inputs: SRC_JPM_2024_dividends_paid, SRC_JPM_2024_share_repurchases)"
JPMorgan Chase & Co.,JPM,2024,2024-12-31,roe,Return on average common shareholders' equity (ROE),SEC_FORM_10K,2025-02-14,0000019617-25-000270,https://www.sec.gov/ix?doc=/Archives/edgar/data/0000019617/000001961725000270/jpm-20241231.htm,Item 7. MD&A,Financial Highlights / Executive Overview,Item 7 / Item 8,,SRC_JPM_2024_roe,DIRECTLY_REPORTED,SUB_PANEL,Reported BHC performance metric in 10-K Item 7 Financial Highlights.
JPMorgan Chase & Co.,JPM,2024,2024-12-31,rotce_or_rote,Return on average tangible common equity (ROTCE / ROTE),SEC_FORM_10K,2025-02-14,0000019617-25-000270,https://www.sec.gov/ix?doc=/Archives/edgar/data/0000019617/000001961725000270/jpm-20241231.htm,Item 7. MD&A,Non-GAAP Financial Measures Reconciliation,Item 7 / Item 8,,SRC_JPM_2024_rotce_or_rote,DIRECTLY_REPORTED,SUB_PANEL,"GS, MS, JPM report ROTCE; SF reports ROTE. Core loss-absorbing capital productivity metric."
JPMorgan Chase & Co.,JPM,2024,2024-12-31,efficiency_ratio_or_overhead_ratio,Overhead ratio,SEC_FORM_10K,2025-02-14,0000019617-25-000270,https://www.sec.gov/ix?doc=/Archives/edgar/data/0000019617/000001961725000270/jpm-20241231.htm,Item 7. MD&A,Financial Highlights / Executive Overview,Item 7 / Item 8,,SRC_JPM_2024_efficiency_ratio_or_overhead_ratio,DIRECTLY_REPORTED,SUB_PANEL,"Non-interest expense divided by net revenues. JPM reports Overhead Ratio; GS, MS, SF report Efficiency Ratio."
JPMorgan Chase & Co.,JPM,2024,2024-12-31,cet1_standardized,Standardized Common Equity Tier 1 (CET1) capital ratio,SEC_FORM_10K,2025-02-14,0000019617-25-000270,https://www.sec.gov/ix?doc=/Archives/edgar/data/0000019617/000001961725000270/jpm-20241231.htm,Item 7. MD&A,Capital Resources / Regulatory Capital Disclosures,Item 7 / Item 8,,SRC_JPM_2024_cet1_standardized,DIRECTLY_REPORTED,SUB_PANEL,Basel III Standardized Approach CET1 ratio as reported to Federal Reserve.
JPMorgan Chase & Co.,JPM,2024,2024-12-31,tier1_leverage_ratio,Tier 1 leverage ratio,SEC_FORM_10K,2025-02-14,0000019617-25-000270,https://www.sec.gov/ix?doc=/Archives/edgar/data/0000019617/000001961725000270/jpm-20241231.htm,Item 7. MD&A,Capital Resources / Regulatory Capital Disclosures,Item 7 / Item 8,,SRC_JPM_2024_tier1_leverage_ratio,DIRECTLY_REPORTED,SUB_PANEL,Federal Reserve Tier 1 leverage ratio (Tier 1 capital / adjusted average consolidated assets).
JPMorgan Chase & Co.,JPM,2024,2024-12-31,supplementary_leverage_ratio,Supplementary leverage ratio (SLR),SEC_FORM_10K,2025-02-14,0000019617-25-000270,https://www.sec.gov/ix?doc=/Archives/edgar/data/0000019617/000001961725000270/jpm-20241231.htm,Item 7. MD&A,Capital Resources / Regulatory Capital Disclosures,Item 7 / Item 8,,SRC_JPM_2024_supplementary_leverage_ratio,DIRECTLY_REPORTED,SUB_PANEL,Basel III Category I G-SIB Supplementary Leverage Ratio. (Note: 2020 regulatory relief exclusion of Treasuries/reserves ended Q1 2021).
JPMorgan Chase & Co.,JPM,2024,2024-12-31,tangible_common_equity,Tangible common equity (TCE),SEC_FORM_10K,2025-02-14,0000019617-25-000270,https://www.sec.gov/ix?doc=/Archives/edgar/data/0000019617/000001961725000270/jpm-20241231.htm,Item 7. MD&A,Non-GAAP Financial Measures / Balance Sheet Reconciliation,Item 7 / Item 8,,SRC_JPM_2024_tangible_common_equity,DIRECTLY_REPORTED,SUB_PANEL,Common equity less goodwill and identifiable intangible assets.
JPMorgan Chase & Co.,JPM,2024,2024-12-31,technology_or_business_investment,"Technology, communications and equipment",SEC_FORM_10K,2025-02-14,0000019617-25-000270,https://www.sec.gov/ix?doc=/Archives/edgar/data/0000019617/000001961725000270/jpm-20241231.htm,Item 8. Financial Statements / Notes,Non-Interest Expenses / Income Statement,Item 7 / Item 8,us-gaap:CommunicationsAndInformationTechnology,SRC_JPM_2024_technology_or_business_investment,DIRECTLY_REPORTED,PARTIAL,"High-risk variable: captures operating tech expenses (market data, telecom, IT services). Excludes capitalized software and hardware capex. Quarantined."
JPMorgan Chase & Co.,JPM,2024,2024-12-31,relevant_balance_sheet_measure,Total assets,SEC_FORM_10K,2025-02-14,0000019617-25-000270,https://www.sec.gov/ix?doc=/Archives/edgar/data/0000019617/000001961725000270/jpm-20241231.htm,Item 8. Financial Statements,Consolidated Statements of Financial Condition,Item 7 / Item 8,us-gaap:Assets,SRC_JPM_2024_relevant_balance_sheet_measure,DIRECTLY_REPORTED,SUB_PANEL,Total consolidated balance sheet assets under U.S. GAAP.
JPMorgan Chase & Co.,JPM,2024,2024-12-31,compensation_expense,Compensation expense,SEC_FORM_10K,2025-02-14,0000019617-25-000270,https://www.sec.gov/ix?doc=/Archives/edgar/data/0000019617/000001961725000270/jpm-20241231.htm,Item 8. Financial Statements,Consolidated Statements of Operations / Earnings,Item 7 / Item 8,us-gaap:LaborAndRelatedExpenses,SRC_JPM_2024_compensation_expense,DIRECTLY_REPORTED,SUB_PANEL,GAAP compensation and benefits expense. Core capital allocation channel in advisory firms.
JPMorgan Chase & Co.,JPM,2024,2024-12-31,compensation_ratio,Derived compensation ratio: compensation_expense / net_revenue * 100,SEC_FORM_10K,2025-02-14,0000019617-25-000270,https://www.sec.gov/ix?doc=/Archives/edgar/data/0000019617/000001961725000270/jpm-20241231.htm,Item 8. Financial Statements (Derived),Derived from Income Statement,Item 7 / Item 8,,SRC_JPM_2024_compensation_ratio,DERIVED,SUB_PANEL,"Derived: compensation_expense / net_revenue * 100 (Inputs: SRC_JPM_2024_compensation_expense, SRC_JPM_2024_net_revenue)"
JPMorgan Chase & Co.,JPM,2024,2024-12-31,operating_income,N/A (BHCs report Pre-Tax Income; no operating income line),SEC_FORM_10K,2025-02-14,0000019617-25-000270,https://www.sec.gov/ix?doc=/Archives/edgar/data/0000019617/000001961725000270/jpm-20241231.htm,Item 8. Financial Statements,N/A,Item 7 / Item 8,,SRC_JPM_2024_operating_income,STRUCTURALLY_NON_COMPARABLE,STRUCTURALLY_NON_COMPARABLE,Bank accounting standards do not present an 'Operating Income' subtotal; banks report Income Before Income Taxes.
JPMorgan Chase & Co.,JPM,2024,2024-12-31,operating_margin,N/A,SEC_FORM_10K,2025-02-14,0000019617-25-000270,https://www.sec.gov/ix?doc=/Archives/edgar/data/0000019617/000001961725000270/jpm-20241231.htm,N/A,N/A,Item 7 / Item 8,,SRC_JPM_2024_operating_margin,STRUCTURALLY_NON_COMPARABLE,STRUCTURALLY_NON_COMPARABLE,Structurally non-comparable for BHCs due to lack of operating income line.
JPMorgan Chase & Co.,JPM,2024,2024-12-31,cash,N/A (Bank cash represents central bank fractional reserves),SEC_FORM_10K,2025-02-14,0000019617-25-000270,https://www.sec.gov/ix?doc=/Archives/edgar/data/0000019617/000001961725000270/jpm-20241231.htm,Item 8. Financial Statements,N/A,Item 7 / Item 8,,SRC_JPM_2024_cash,STRUCTURALLY_NON_COMPARABLE,STRUCTURALLY_NON_COMPARABLE,"Bank cash represents regulatory reserves and clearing balances, not discretionary corporate treasury cushions."
JPMorgan Chase & Co.,JPM,2024,2024-12-31,debt,N/A (Bank debt funds trading books and earning assets),SEC_FORM_10K,2025-02-14,0000019617-25-000270,https://www.sec.gov/ix?doc=/Archives/edgar/data/0000019617/000001961725000270/jpm-20241231.htm,Item 8. Financial Statements,N/A,Item 7 / Item 8,,SRC_JPM_2024_debt,STRUCTURALLY_NON_COMPARABLE,STRUCTURALLY_NON_COMPARABLE,"BHC debt is an operational funding mechanism for balance sheet intermediation, structurally distinct from corporate debt."
JPMorgan Chase & Co.,JPM,2024,2024-12-31,net_cash_or_net_debt,N/A,SEC_FORM_10K,2025-02-14,0000019617-25-000270,https://www.sec.gov/ix?doc=/Archives/edgar/data/0000019617/000001961725000270/jpm-20241231.htm,N/A,N/A,Item 7 / Item 8,,SRC_JPM_2024_net_cash_or_net_debt,NOT_APPLICABLE,NOT_APPLICABLE,Net debt is economically meaningless for bank holding companies.
JPMorgan Chase & Co.,JPM,2024,2024-12-31,technology_or_business_investment_if_available,N/A,SEC_FORM_10K,2025-02-14,0000019617-25-000270,https://www.sec.gov/ix?doc=/Archives/edgar/data/0000019617/000001961725000270/jpm-20241231.htm,N/A,N/A,Item 7 / Item 8,,SRC_JPM_2024_technology_or_business_investment_if_available,NOT_APPLICABLE,NOT_APPLICABLE,Tracked under BHC technology variable VAR_13 for Panel A and JEF.
Stifel Financial Corp.,SF,2020,2020-12-31,net_revenue,Total revenues,SEC_FORM_10K,2021-02-19,0001564590-21-006800,https://www.sec.gov/ix?doc=/Archives/edgar/data/0000720672/000156459021006800/sf-10k_20201231.htm,Item 8. Financial Statements,Consolidated Statements of Earnings / Operations / Income,Item 7 / Item 8,us-gaap:Revenues,SRC_SF_2020_net_revenue,DIRECTLY_REPORTED,DIRECT,Primary GAAP revenue line from Consolidated Statements of Earnings/Operations.
Stifel Financial Corp.,SF,2020,2020-12-31,investment_banking_revenue,Investment banking,SEC_FORM_10K,2021-02-19,0001564590-21-006800,https://www.sec.gov/ix?doc=/Archives/edgar/data/0000720672/000156459021006800/sf-10k_20201231.htm,Item 8. Financial Statements / Notes,Segment Reporting / Consolidated Statements of Earnings,Item 7 / Item 8,us-gaap:InvestmentBankingRevenue,SRC_SF_2020_investment_banking_revenue,DIRECTLY_REPORTED,DIRECT,Gross investment banking / advisory and underwriting fees.
Stifel Financial Corp.,SF,2020,2020-12-31,dividends_paid,Payments of dividends,SEC_FORM_10K,2021-02-19,0001564590-21-006800,https://www.sec.gov/ix?doc=/Archives/edgar/data/0000720672/000156459021006800/sf-10k_20201231.htm,Item 8. Financial Statements,Consolidated Statements of Cash Flows,Item 7 / Item 8,us-gaap:PaymentsOfDividends,SRC_SF_2020_dividends_paid,DIRECTLY_REPORTED,DIRECT,Audited cash outflow from Financing Activities in Consolidated Statement of Cash Flows.
Stifel Financial Corp.,SF,2020,2020-12-31,share_repurchases,Repurchase of common stock,SEC_FORM_10K,2021-02-19,0001564590-21-006800,https://www.sec.gov/ix?doc=/Archives/edgar/data/0000720672/000156459021006800/sf-10k_20201231.htm,Item 8. Financial Statements,Consolidated Statements of Cash Flows,Item 7 / Item 8,us-gaap:PaymentsForRepurchaseOfCommonStock,SRC_SF_2020_share_repurchases,DIRECTLY_REPORTED,DIRECT,Audited cash payments for equity retirement / treasury stock acquired from Financing Activities.
Stifel Financial Corp.,SF,2020,2020-12-31,total_cash_returned,Total cash returned (Dividends paid + Share repurchases),SEC_FORM_10K,2021-02-19,0001564590-21-006800,https://www.sec.gov/ix?doc=/Archives/edgar/data/0000720672/000156459021006800/sf-10k_20201231.htm,Item 8. Financial Statements,Consolidated Statements of Cash Flows (Derived),Item 7 / Item 8,Derived: CashFlows,SRC_SF_2020_total_cash_returned,DERIVED,DIRECT,"Derived: dividends_paid + share_repurchases (Inputs: SRC_SF_2020_dividends_paid, SRC_SF_2020_share_repurchases)"
Stifel Financial Corp.,SF,2020,2020-12-31,roe,Return on average common shareholders' equity (ROE),SEC_FORM_10K,2021-02-19,0001564590-21-006800,https://www.sec.gov/ix?doc=/Archives/edgar/data/0000720672/000156459021006800/sf-10k_20201231.htm,Item 7. MD&A,Financial Highlights / Executive Overview,Item 7 / Item 8,,SRC_SF_2020_roe,DIRECTLY_REPORTED,SUB_PANEL,Reported BHC performance metric in 10-K Item 7 Financial Highlights.
Stifel Financial Corp.,SF,2020,2020-12-31,rotce_or_rote,Return on average tangible common equity (ROTCE / ROTE),SEC_FORM_10K,2021-02-19,0001564590-21-006800,https://www.sec.gov/ix?doc=/Archives/edgar/data/0000720672/000156459021006800/sf-10k_20201231.htm,Item 7. MD&A,Non-GAAP Financial Measures Reconciliation,Item 7 / Item 8,,SRC_SF_2020_rotce_or_rote,DIRECTLY_REPORTED,SUB_PANEL,"GS, MS, JPM report ROTCE; SF reports ROTE. Core loss-absorbing capital productivity metric."
Stifel Financial Corp.,SF,2020,2020-12-31,efficiency_ratio_or_overhead_ratio,Efficiency ratio,SEC_FORM_10K,2021-02-19,0001564590-21-006800,https://www.sec.gov/ix?doc=/Archives/edgar/data/0000720672/000156459021006800/sf-10k_20201231.htm,Item 7. MD&A,Financial Highlights / Executive Overview,Item 7 / Item 8,,SRC_SF_2020_efficiency_ratio_or_overhead_ratio,DIRECTLY_REPORTED,SUB_PANEL,"Non-interest expense divided by net revenues. JPM reports Overhead Ratio; GS, MS, SF report Efficiency Ratio."
Stifel Financial Corp.,SF,2020,2020-12-31,cet1_standardized,Standardized Common Equity Tier 1 (CET1) capital ratio,SEC_FORM_10K,2021-02-19,0001564590-21-006800,https://www.sec.gov/ix?doc=/Archives/edgar/data/0000720672/000156459021006800/sf-10k_20201231.htm,Item 7. MD&A,Capital Resources / Regulatory Capital Disclosures,Item 7 / Item 8,,SRC_SF_2020_cet1_standardized,DIRECTLY_REPORTED,SUB_PANEL,Basel III Standardized Approach CET1 ratio as reported to Federal Reserve.
Stifel Financial Corp.,SF,2020,2020-12-31,tier1_leverage_ratio,Tier 1 leverage ratio,SEC_FORM_10K,2021-02-19,0001564590-21-006800,https://www.sec.gov/ix?doc=/Archives/edgar/data/0000720672/000156459021006800/sf-10k_20201231.htm,Item 7. MD&A,Capital Resources / Regulatory Capital Disclosures,Item 7 / Item 8,,SRC_SF_2020_tier1_leverage_ratio,DIRECTLY_REPORTED,SUB_PANEL,Federal Reserve Tier 1 leverage ratio (Tier 1 capital / adjusted average consolidated assets).
Stifel Financial Corp.,SF,2020,2020-12-31,supplementary_leverage_ratio,N/A,SEC_FORM_10K,2021-02-19,0001564590-21-006800,https://www.sec.gov/ix?doc=/Archives/edgar/data/0000720672/000156459021006800/sf-10k_20201231.htm,N/A,N/A,Item 7 / Item 8,,SRC_SF_2020_supplementary_leverage_ratio,NOT_APPLICABLE,NOT_APPLICABLE,Stifel is a Category IV regional banking organization and is legally exempt from SLR requirements.
Stifel Financial Corp.,SF,2020,2020-12-31,tangible_common_equity,Tangible common equity (TCE),SEC_FORM_10K,2021-02-19,0001564590-21-006800,https://www.sec.gov/ix?doc=/Archives/edgar/data/0000720672/000156459021006800/sf-10k_20201231.htm,Item 7. MD&A,Non-GAAP Financial Measures / Balance Sheet Reconciliation,Item 7 / Item 8,,SRC_SF_2020_tangible_common_equity,DIRECTLY_REPORTED,SUB_PANEL,Common equity less goodwill and identifiable intangible assets.
Stifel Financial Corp.,SF,2020,2020-12-31,technology_or_business_investment,Communications and technology,SEC_FORM_10K,2021-02-19,0001564590-21-006800,https://www.sec.gov/ix?doc=/Archives/edgar/data/0000720672/000156459021006800/sf-10k_20201231.htm,Item 8. Financial Statements / Notes,Non-Interest Expenses / Income Statement,Item 7 / Item 8,us-gaap:CommunicationsAndInformationTechnology,SRC_SF_2020_technology_or_business_investment,DIRECTLY_REPORTED,PARTIAL,"High-risk variable: captures operating tech expenses (market data, telecom, IT services). Excludes capitalized software and hardware capex. Quarantined."
Stifel Financial Corp.,SF,2020,2020-12-31,relevant_balance_sheet_measure,Total assets,SEC_FORM_10K,2021-02-19,0001564590-21-006800,https://www.sec.gov/ix?doc=/Archives/edgar/data/0000720672/000156459021006800/sf-10k_20201231.htm,Item 8. Financial Statements,Consolidated Statements of Financial Condition,Item 7 / Item 8,us-gaap:Assets,SRC_SF_2020_relevant_balance_sheet_measure,DIRECTLY_REPORTED,SUB_PANEL,Total consolidated balance sheet assets under U.S. GAAP.
Stifel Financial Corp.,SF,2020,2020-12-31,compensation_expense,Compensation and benefits,SEC_FORM_10K,2021-02-19,0001564590-21-006800,https://www.sec.gov/ix?doc=/Archives/edgar/data/0000720672/000156459021006800/sf-10k_20201231.htm,Item 8. Financial Statements,Consolidated Statements of Operations / Earnings,Item 7 / Item 8,us-gaap:LaborAndRelatedExpenses,SRC_SF_2020_compensation_expense,DIRECTLY_REPORTED,SUB_PANEL,GAAP compensation and benefits expense. Core capital allocation channel in advisory firms.
Stifel Financial Corp.,SF,2020,2020-12-31,compensation_ratio,Derived compensation ratio: compensation_expense / net_revenue * 100,SEC_FORM_10K,2021-02-19,0001564590-21-006800,https://www.sec.gov/ix?doc=/Archives/edgar/data/0000720672/000156459021006800/sf-10k_20201231.htm,Item 8. Financial Statements (Derived),Derived from Income Statement,Item 7 / Item 8,,SRC_SF_2020_compensation_ratio,DERIVED,SUB_PANEL,"Derived: compensation_expense / net_revenue * 100 (Inputs: SRC_SF_2020_compensation_expense, SRC_SF_2020_net_revenue)"
Stifel Financial Corp.,SF,2020,2020-12-31,operating_income,N/A (BHCs report Pre-Tax Income; no operating income line),SEC_FORM_10K,2021-02-19,0001564590-21-006800,https://www.sec.gov/ix?doc=/Archives/edgar/data/0000720672/000156459021006800/sf-10k_20201231.htm,Item 8. Financial Statements,N/A,Item 7 / Item 8,,SRC_SF_2020_operating_income,STRUCTURALLY_NON_COMPARABLE,STRUCTURALLY_NON_COMPARABLE,Bank accounting standards do not present an 'Operating Income' subtotal; banks report Income Before Income Taxes.
Stifel Financial Corp.,SF,2020,2020-12-31,operating_margin,N/A,SEC_FORM_10K,2021-02-19,0001564590-21-006800,https://www.sec.gov/ix?doc=/Archives/edgar/data/0000720672/000156459021006800/sf-10k_20201231.htm,N/A,N/A,Item 7 / Item 8,,SRC_SF_2020_operating_margin,STRUCTURALLY_NON_COMPARABLE,STRUCTURALLY_NON_COMPARABLE,Structurally non-comparable for BHCs due to lack of operating income line.
Stifel Financial Corp.,SF,2020,2020-12-31,cash,N/A (Bank cash represents central bank fractional reserves),SEC_FORM_10K,2021-02-19,0001564590-21-006800,https://www.sec.gov/ix?doc=/Archives/edgar/data/0000720672/000156459021006800/sf-10k_20201231.htm,Item 8. Financial Statements,N/A,Item 7 / Item 8,,SRC_SF_2020_cash,STRUCTURALLY_NON_COMPARABLE,STRUCTURALLY_NON_COMPARABLE,"Bank cash represents regulatory reserves and clearing balances, not discretionary corporate treasury cushions."
Stifel Financial Corp.,SF,2020,2020-12-31,debt,N/A (Bank debt funds trading books and earning assets),SEC_FORM_10K,2021-02-19,0001564590-21-006800,https://www.sec.gov/ix?doc=/Archives/edgar/data/0000720672/000156459021006800/sf-10k_20201231.htm,Item 8. Financial Statements,N/A,Item 7 / Item 8,,SRC_SF_2020_debt,STRUCTURALLY_NON_COMPARABLE,STRUCTURALLY_NON_COMPARABLE,"BHC debt is an operational funding mechanism for balance sheet intermediation, structurally distinct from corporate debt."
Stifel Financial Corp.,SF,2020,2020-12-31,net_cash_or_net_debt,N/A,SEC_FORM_10K,2021-02-19,0001564590-21-006800,https://www.sec.gov/ix?doc=/Archives/edgar/data/0000720672/000156459021006800/sf-10k_20201231.htm,N/A,N/A,Item 7 / Item 8,,SRC_SF_2020_net_cash_or_net_debt,NOT_APPLICABLE,NOT_APPLICABLE,Net debt is economically meaningless for bank holding companies.
Stifel Financial Corp.,SF,2020,2020-12-31,technology_or_business_investment_if_available,N/A,SEC_FORM_10K,2021-02-19,0001564590-21-006800,https://www.sec.gov/ix?doc=/Archives/edgar/data/0000720672/000156459021006800/sf-10k_20201231.htm,N/A,N/A,Item 7 / Item 8,,SRC_SF_2020_technology_or_business_investment_if_available,NOT_APPLICABLE,NOT_APPLICABLE,Tracked under BHC technology variable VAR_13 for Panel A and JEF.
Stifel Financial Corp.,SF,2021,2021-12-31,net_revenue,Total revenues,SEC_FORM_10K,2022-02-18,0000950170-22-001451,https://www.sec.gov/ix?doc=/Archives/edgar/data/0000720672/000095017022001451/sf-20211231.htm,Item 8. Financial Statements,Consolidated Statements of Earnings / Operations / Income,Item 7 / Item 8,us-gaap:Revenues,SRC_SF_2021_net_revenue,DIRECTLY_REPORTED,DIRECT,Primary GAAP revenue line from Consolidated Statements of Earnings/Operations.
Stifel Financial Corp.,SF,2021,2021-12-31,investment_banking_revenue,Investment banking,SEC_FORM_10K,2022-02-18,0000950170-22-001451,https://www.sec.gov/ix?doc=/Archives/edgar/data/0000720672/000095017022001451/sf-20211231.htm,Item 8. Financial Statements / Notes,Segment Reporting / Consolidated Statements of Earnings,Item 7 / Item 8,us-gaap:InvestmentBankingRevenue,SRC_SF_2021_investment_banking_revenue,DIRECTLY_REPORTED,DIRECT,Gross investment banking / advisory and underwriting fees.
Stifel Financial Corp.,SF,2021,2021-12-31,dividends_paid,Payments of dividends,SEC_FORM_10K,2022-02-18,0000950170-22-001451,https://www.sec.gov/ix?doc=/Archives/edgar/data/0000720672/000095017022001451/sf-20211231.htm,Item 8. Financial Statements,Consolidated Statements of Cash Flows,Item 7 / Item 8,us-gaap:PaymentsOfDividends,SRC_SF_2021_dividends_paid,DIRECTLY_REPORTED,DIRECT,Audited cash outflow from Financing Activities in Consolidated Statement of Cash Flows.
Stifel Financial Corp.,SF,2021,2021-12-31,share_repurchases,Repurchase of common stock,SEC_FORM_10K,2022-02-18,0000950170-22-001451,https://www.sec.gov/ix?doc=/Archives/edgar/data/0000720672/000095017022001451/sf-20211231.htm,Item 8. Financial Statements,Consolidated Statements of Cash Flows,Item 7 / Item 8,us-gaap:PaymentsForRepurchaseOfCommonStock,SRC_SF_2021_share_repurchases,DIRECTLY_REPORTED,DIRECT,Audited cash payments for equity retirement / treasury stock acquired from Financing Activities.
Stifel Financial Corp.,SF,2021,2021-12-31,total_cash_returned,Total cash returned (Dividends paid + Share repurchases),SEC_FORM_10K,2022-02-18,0000950170-22-001451,https://www.sec.gov/ix?doc=/Archives/edgar/data/0000720672/000095017022001451/sf-20211231.htm,Item 8. Financial Statements,Consolidated Statements of Cash Flows (Derived),Item 7 / Item 8,Derived: CashFlows,SRC_SF_2021_total_cash_returned,DERIVED,DIRECT,"Derived: dividends_paid + share_repurchases (Inputs: SRC_SF_2021_dividends_paid, SRC_SF_2021_share_repurchases)"
Stifel Financial Corp.,SF,2021,2021-12-31,roe,Return on average common shareholders' equity (ROE),SEC_FORM_10K,2022-02-18,0000950170-22-001451,https://www.sec.gov/ix?doc=/Archives/edgar/data/0000720672/000095017022001451/sf-20211231.htm,Item 7. MD&A,Financial Highlights / Executive Overview,Item 7 / Item 8,,SRC_SF_2021_roe,DIRECTLY_REPORTED,SUB_PANEL,Reported BHC performance metric in 10-K Item 7 Financial Highlights.
Stifel Financial Corp.,SF,2021,2021-12-31,rotce_or_rote,Return on average tangible common equity (ROTCE / ROTE),SEC_FORM_10K,2022-02-18,0000950170-22-001451,https://www.sec.gov/ix?doc=/Archives/edgar/data/0000720672/000095017022001451/sf-20211231.htm,Item 7. MD&A,Non-GAAP Financial Measures Reconciliation,Item 7 / Item 8,,SRC_SF_2021_rotce_or_rote,DIRECTLY_REPORTED,SUB_PANEL,"GS, MS, JPM report ROTCE; SF reports ROTE. Core loss-absorbing capital productivity metric."
Stifel Financial Corp.,SF,2021,2021-12-31,efficiency_ratio_or_overhead_ratio,Efficiency ratio,SEC_FORM_10K,2022-02-18,0000950170-22-001451,https://www.sec.gov/ix?doc=/Archives/edgar/data/0000720672/000095017022001451/sf-20211231.htm,Item 7. MD&A,Financial Highlights / Executive Overview,Item 7 / Item 8,,SRC_SF_2021_efficiency_ratio_or_overhead_ratio,DIRECTLY_REPORTED,SUB_PANEL,"Non-interest expense divided by net revenues. JPM reports Overhead Ratio; GS, MS, SF report Efficiency Ratio."
Stifel Financial Corp.,SF,2021,2021-12-31,cet1_standardized,Standardized Common Equity Tier 1 (CET1) capital ratio,SEC_FORM_10K,2022-02-18,0000950170-22-001451,https://www.sec.gov/ix?doc=/Archives/edgar/data/0000720672/000095017022001451/sf-20211231.htm,Item 7. MD&A,Capital Resources / Regulatory Capital Disclosures,Item 7 / Item 8,,SRC_SF_2021_cet1_standardized,DIRECTLY_REPORTED,SUB_PANEL,Basel III Standardized Approach CET1 ratio as reported to Federal Reserve.
Stifel Financial Corp.,SF,2021,2021-12-31,tier1_leverage_ratio,Tier 1 leverage ratio,SEC_FORM_10K,2022-02-18,0000950170-22-001451,https://www.sec.gov/ix?doc=/Archives/edgar/data/0000720672/000095017022001451/sf-20211231.htm,Item 7. MD&A,Capital Resources / Regulatory Capital Disclosures,Item 7 / Item 8,,SRC_SF_2021_tier1_leverage_ratio,DIRECTLY_REPORTED,SUB_PANEL,Federal Reserve Tier 1 leverage ratio (Tier 1 capital / adjusted average consolidated assets).
Stifel Financial Corp.,SF,2021,2021-12-31,supplementary_leverage_ratio,N/A,SEC_FORM_10K,2022-02-18,0000950170-22-001451,https://www.sec.gov/ix?doc=/Archives/edgar/data/0000720672/000095017022001451/sf-20211231.htm,N/A,N/A,Item 7 / Item 8,,SRC_SF_2021_supplementary_leverage_ratio,NOT_APPLICABLE,NOT_APPLICABLE,Stifel is a Category IV regional banking organization and is legally exempt from SLR requirements.
Stifel Financial Corp.,SF,2021,2021-12-31,tangible_common_equity,Tangible common equity (TCE),SEC_FORM_10K,2022-02-18,0000950170-22-001451,https://www.sec.gov/ix?doc=/Archives/edgar/data/0000720672/000095017022001451/sf-20211231.htm,Item 7. MD&A,Non-GAAP Financial Measures / Balance Sheet Reconciliation,Item 7 / Item 8,,SRC_SF_2021_tangible_common_equity,DIRECTLY_REPORTED,SUB_PANEL,Common equity less goodwill and identifiable intangible assets.
Stifel Financial Corp.,SF,2021,2021-12-31,technology_or_business_investment,Communications and technology,SEC_FORM_10K,2022-02-18,0000950170-22-001451,https://www.sec.gov/ix?doc=/Archives/edgar/data/0000720672/000095017022001451/sf-20211231.htm,Item 8. Financial Statements / Notes,Non-Interest Expenses / Income Statement,Item 7 / Item 8,us-gaap:CommunicationsAndInformationTechnology,SRC_SF_2021_technology_or_business_investment,DIRECTLY_REPORTED,PARTIAL,"High-risk variable: captures operating tech expenses (market data, telecom, IT services). Excludes capitalized software and hardware capex. Quarantined."
Stifel Financial Corp.,SF,2021,2021-12-31,relevant_balance_sheet_measure,Total assets,SEC_FORM_10K,2022-02-18,0000950170-22-001451,https://www.sec.gov/ix?doc=/Archives/edgar/data/0000720672/000095017022001451/sf-20211231.htm,Item 8. Financial Statements,Consolidated Statements of Financial Condition,Item 7 / Item 8,us-gaap:Assets,SRC_SF_2021_relevant_balance_sheet_measure,DIRECTLY_REPORTED,SUB_PANEL,Total consolidated balance sheet assets under U.S. GAAP.
Stifel Financial Corp.,SF,2021,2021-12-31,compensation_expense,Compensation and benefits,SEC_FORM_10K,2022-02-18,0000950170-22-001451,https://www.sec.gov/ix?doc=/Archives/edgar/data/0000720672/000095017022001451/sf-20211231.htm,Item 8. Financial Statements,Consolidated Statements of Operations / Earnings,Item 7 / Item 8,us-gaap:LaborAndRelatedExpenses,SRC_SF_2021_compensation_expense,DIRECTLY_REPORTED,SUB_PANEL,GAAP compensation and benefits expense. Core capital allocation channel in advisory firms.
Stifel Financial Corp.,SF,2021,2021-12-31,compensation_ratio,Derived compensation ratio: compensation_expense / net_revenue * 100,SEC_FORM_10K,2022-02-18,0000950170-22-001451,https://www.sec.gov/ix?doc=/Archives/edgar/data/0000720672/000095017022001451/sf-20211231.htm,Item 8. Financial Statements (Derived),Derived from Income Statement,Item 7 / Item 8,,SRC_SF_2021_compensation_ratio,DERIVED,SUB_PANEL,"Derived: compensation_expense / net_revenue * 100 (Inputs: SRC_SF_2021_compensation_expense, SRC_SF_2021_net_revenue)"
Stifel Financial Corp.,SF,2021,2021-12-31,operating_income,N/A (BHCs report Pre-Tax Income; no operating income line),SEC_FORM_10K,2022-02-18,0000950170-22-001451,https://www.sec.gov/ix?doc=/Archives/edgar/data/0000720672/000095017022001451/sf-20211231.htm,Item 8. Financial Statements,N/A,Item 7 / Item 8,,SRC_SF_2021_operating_income,STRUCTURALLY_NON_COMPARABLE,STRUCTURALLY_NON_COMPARABLE,Bank accounting standards do not present an 'Operating Income' subtotal; banks report Income Before Income Taxes.
Stifel Financial Corp.,SF,2021,2021-12-31,operating_margin,N/A,SEC_FORM_10K,2022-02-18,0000950170-22-001451,https://www.sec.gov/ix?doc=/Archives/edgar/data/0000720672/000095017022001451/sf-20211231.htm,N/A,N/A,Item 7 / Item 8,,SRC_SF_2021_operating_margin,STRUCTURALLY_NON_COMPARABLE,STRUCTURALLY_NON_COMPARABLE,Structurally non-comparable for BHCs due to lack of operating income line.
Stifel Financial Corp.,SF,2021,2021-12-31,cash,N/A (Bank cash represents central bank fractional reserves),SEC_FORM_10K,2022-02-18,0000950170-22-001451,https://www.sec.gov/ix?doc=/Archives/edgar/data/0000720672/000095017022001451/sf-20211231.htm,Item 8. Financial Statements,N/A,Item 7 / Item 8,,SRC_SF_2021_cash,STRUCTURALLY_NON_COMPARABLE,STRUCTURALLY_NON_COMPARABLE,"Bank cash represents regulatory reserves and clearing balances, not discretionary corporate treasury cushions."
Stifel Financial Corp.,SF,2021,2021-12-31,debt,N/A (Bank debt funds trading books and earning assets),SEC_FORM_10K,2022-02-18,0000950170-22-001451,https://www.sec.gov/ix?doc=/Archives/edgar/data/0000720672/000095017022001451/sf-20211231.htm,Item 8. Financial Statements,N/A,Item 7 / Item 8,,SRC_SF_2021_debt,STRUCTURALLY_NON_COMPARABLE,STRUCTURALLY_NON_COMPARABLE,"BHC debt is an operational funding mechanism for balance sheet intermediation, structurally distinct from corporate debt."
Stifel Financial Corp.,SF,2021,2021-12-31,net_cash_or_net_debt,N/A,SEC_FORM_10K,2022-02-18,0000950170-22-001451,https://www.sec.gov/ix?doc=/Archives/edgar/data/0000720672/000095017022001451/sf-20211231.htm,N/A,N/A,Item 7 / Item 8,,SRC_SF_2021_net_cash_or_net_debt,NOT_APPLICABLE,NOT_APPLICABLE,Net debt is economically meaningless for bank holding companies.
Stifel Financial Corp.,SF,2021,2021-12-31,technology_or_business_investment_if_available,N/A,SEC_FORM_10K,2022-02-18,0000950170-22-001451,https://www.sec.gov/ix?doc=/Archives/edgar/data/0000720672/000095017022001451/sf-20211231.htm,N/A,N/A,Item 7 / Item 8,,SRC_SF_2021_technology_or_business_investment_if_available,NOT_APPLICABLE,NOT_APPLICABLE,Tracked under BHC technology variable VAR_13 for Panel A and JEF.
Stifel Financial Corp.,SF,2022,2022-12-31,net_revenue,Total revenues,SEC_FORM_10K,2023-02-17,0000950170-23-003201,https://www.sec.gov/ix?doc=/Archives/edgar/data/0000720672/000095017023003201/sf-20221231.htm,Item 8. Financial Statements,Consolidated Statements of Earnings / Operations / Income,Item 7 / Item 8,us-gaap:Revenues,SRC_SF_2022_net_revenue,DIRECTLY_REPORTED,DIRECT,Primary GAAP revenue line from Consolidated Statements of Earnings/Operations.
Stifel Financial Corp.,SF,2022,2022-12-31,investment_banking_revenue,Investment banking,SEC_FORM_10K,2023-02-17,0000950170-23-003201,https://www.sec.gov/ix?doc=/Archives/edgar/data/0000720672/000095017023003201/sf-20221231.htm,Item 8. Financial Statements / Notes,Segment Reporting / Consolidated Statements of Earnings,Item 7 / Item 8,us-gaap:InvestmentBankingRevenue,SRC_SF_2022_investment_banking_revenue,DIRECTLY_REPORTED,DIRECT,Gross investment banking / advisory and underwriting fees.
Stifel Financial Corp.,SF,2022,2022-12-31,dividends_paid,Payments of dividends,SEC_FORM_10K,2023-02-17,0000950170-23-003201,https://www.sec.gov/ix?doc=/Archives/edgar/data/0000720672/000095017023003201/sf-20221231.htm,Item 8. Financial Statements,Consolidated Statements of Cash Flows,Item 7 / Item 8,us-gaap:PaymentsOfDividends,SRC_SF_2022_dividends_paid,DIRECTLY_REPORTED,DIRECT,Audited cash outflow from Financing Activities in Consolidated Statement of Cash Flows.
Stifel Financial Corp.,SF,2022,2022-12-31,share_repurchases,Repurchase of common stock,SEC_FORM_10K,2023-02-17,0000950170-23-003201,https://www.sec.gov/ix?doc=/Archives/edgar/data/0000720672/000095017023003201/sf-20221231.htm,Item 8. Financial Statements,Consolidated Statements of Cash Flows,Item 7 / Item 8,us-gaap:PaymentsForRepurchaseOfCommonStock,SRC_SF_2022_share_repurchases,DIRECTLY_REPORTED,DIRECT,Audited cash payments for equity retirement / treasury stock acquired from Financing Activities.
Stifel Financial Corp.,SF,2022,2022-12-31,total_cash_returned,Total cash returned (Dividends paid + Share repurchases),SEC_FORM_10K,2023-02-17,0000950170-23-003201,https://www.sec.gov/ix?doc=/Archives/edgar/data/0000720672/000095017023003201/sf-20221231.htm,Item 8. Financial Statements,Consolidated Statements of Cash Flows (Derived),Item 7 / Item 8,Derived: CashFlows,SRC_SF_2022_total_cash_returned,DERIVED,DIRECT,"Derived: dividends_paid + share_repurchases (Inputs: SRC_SF_2022_dividends_paid, SRC_SF_2022_share_repurchases)"
Stifel Financial Corp.,SF,2022,2022-12-31,roe,Return on average common shareholders' equity (ROE),SEC_FORM_10K,2023-02-17,0000950170-23-003201,https://www.sec.gov/ix?doc=/Archives/edgar/data/0000720672/000095017023003201/sf-20221231.htm,Item 7. MD&A,Financial Highlights / Executive Overview,Item 7 / Item 8,,SRC_SF_2022_roe,DIRECTLY_REPORTED,SUB_PANEL,Reported BHC performance metric in 10-K Item 7 Financial Highlights.
Stifel Financial Corp.,SF,2022,2022-12-31,rotce_or_rote,Return on average tangible common equity (ROTCE / ROTE),SEC_FORM_10K,2023-02-17,0000950170-23-003201,https://www.sec.gov/ix?doc=/Archives/edgar/data/0000720672/000095017023003201/sf-20221231.htm,Item 7. MD&A,Non-GAAP Financial Measures Reconciliation,Item 7 / Item 8,,SRC_SF_2022_rotce_or_rote,DIRECTLY_REPORTED,SUB_PANEL,"GS, MS, JPM report ROTCE; SF reports ROTE. Core loss-absorbing capital productivity metric."
Stifel Financial Corp.,SF,2022,2022-12-31,efficiency_ratio_or_overhead_ratio,Efficiency ratio,SEC_FORM_10K,2023-02-17,0000950170-23-003201,https://www.sec.gov/ix?doc=/Archives/edgar/data/0000720672/000095017023003201/sf-20221231.htm,Item 7. MD&A,Financial Highlights / Executive Overview,Item 7 / Item 8,,SRC_SF_2022_efficiency_ratio_or_overhead_ratio,DIRECTLY_REPORTED,SUB_PANEL,"Non-interest expense divided by net revenues. JPM reports Overhead Ratio; GS, MS, SF report Efficiency Ratio."
Stifel Financial Corp.,SF,2022,2022-12-31,cet1_standardized,Standardized Common Equity Tier 1 (CET1) capital ratio,SEC_FORM_10K,2023-02-17,0000950170-23-003201,https://www.sec.gov/ix?doc=/Archives/edgar/data/0000720672/000095017023003201/sf-20221231.htm,Item 7. MD&A,Capital Resources / Regulatory Capital Disclosures,Item 7 / Item 8,,SRC_SF_2022_cet1_standardized,DIRECTLY_REPORTED,SUB_PANEL,Basel III Standardized Approach CET1 ratio as reported to Federal Reserve.
Stifel Financial Corp.,SF,2022,2022-12-31,tier1_leverage_ratio,Tier 1 leverage ratio,SEC_FORM_10K,2023-02-17,0000950170-23-003201,https://www.sec.gov/ix?doc=/Archives/edgar/data/0000720672/000095017023003201/sf-20221231.htm,Item 7. MD&A,Capital Resources / Regulatory Capital Disclosures,Item 7 / Item 8,,SRC_SF_2022_tier1_leverage_ratio,DIRECTLY_REPORTED,SUB_PANEL,Federal Reserve Tier 1 leverage ratio (Tier 1 capital / adjusted average consolidated assets).
Stifel Financial Corp.,SF,2022,2022-12-31,supplementary_leverage_ratio,N/A,SEC_FORM_10K,2023-02-17,0000950170-23-003201,https://www.sec.gov/ix?doc=/Archives/edgar/data/0000720672/000095017023003201/sf-20221231.htm,N/A,N/A,Item 7 / Item 8,,SRC_SF_2022_supplementary_leverage_ratio,NOT_APPLICABLE,NOT_APPLICABLE,Stifel is a Category IV regional banking organization and is legally exempt from SLR requirements.
Stifel Financial Corp.,SF,2022,2022-12-31,tangible_common_equity,Tangible common equity (TCE),SEC_FORM_10K,2023-02-17,0000950170-23-003201,https://www.sec.gov/ix?doc=/Archives/edgar/data/0000720672/000095017023003201/sf-20221231.htm,Item 7. MD&A,Non-GAAP Financial Measures / Balance Sheet Reconciliation,Item 7 / Item 8,,SRC_SF_2022_tangible_common_equity,DIRECTLY_REPORTED,SUB_PANEL,Common equity less goodwill and identifiable intangible assets.
Stifel Financial Corp.,SF,2022,2022-12-31,technology_or_business_investment,Communications and technology,SEC_FORM_10K,2023-02-17,0000950170-23-003201,https://www.sec.gov/ix?doc=/Archives/edgar/data/0000720672/000095017023003201/sf-20221231.htm,Item 8. Financial Statements / Notes,Non-Interest Expenses / Income Statement,Item 7 / Item 8,us-gaap:CommunicationsAndInformationTechnology,SRC_SF_2022_technology_or_business_investment,DIRECTLY_REPORTED,PARTIAL,"High-risk variable: captures operating tech expenses (market data, telecom, IT services). Excludes capitalized software and hardware capex. Quarantined."
Stifel Financial Corp.,SF,2022,2022-12-31,relevant_balance_sheet_measure,Total assets,SEC_FORM_10K,2023-02-17,0000950170-23-003201,https://www.sec.gov/ix?doc=/Archives/edgar/data/0000720672/000095017023003201/sf-20221231.htm,Item 8. Financial Statements,Consolidated Statements of Financial Condition,Item 7 / Item 8,us-gaap:Assets,SRC_SF_2022_relevant_balance_sheet_measure,DIRECTLY_REPORTED,SUB_PANEL,Total consolidated balance sheet assets under U.S. GAAP.
Stifel Financial Corp.,SF,2022,2022-12-31,compensation_expense,Compensation and benefits,SEC_FORM_10K,2023-02-17,0000950170-23-003201,https://www.sec.gov/ix?doc=/Archives/edgar/data/0000720672/000095017023003201/sf-20221231.htm,Item 8. Financial Statements,Consolidated Statements of Operations / Earnings,Item 7 / Item 8,us-gaap:LaborAndRelatedExpenses,SRC_SF_2022_compensation_expense,DIRECTLY_REPORTED,SUB_PANEL,GAAP compensation and benefits expense. Core capital allocation channel in advisory firms.
Stifel Financial Corp.,SF,2022,2022-12-31,compensation_ratio,Derived compensation ratio: compensation_expense / net_revenue * 100,SEC_FORM_10K,2023-02-17,0000950170-23-003201,https://www.sec.gov/ix?doc=/Archives/edgar/data/0000720672/000095017023003201/sf-20221231.htm,Item 8. Financial Statements (Derived),Derived from Income Statement,Item 7 / Item 8,,SRC_SF_2022_compensation_ratio,DERIVED,SUB_PANEL,"Derived: compensation_expense / net_revenue * 100 (Inputs: SRC_SF_2022_compensation_expense, SRC_SF_2022_net_revenue)"
Stifel Financial Corp.,SF,2022,2022-12-31,operating_income,N/A (BHCs report Pre-Tax Income; no operating income line),SEC_FORM_10K,2023-02-17,0000950170-23-003201,https://www.sec.gov/ix?doc=/Archives/edgar/data/0000720672/000095017023003201/sf-20221231.htm,Item 8. Financial Statements,N/A,Item 7 / Item 8,,SRC_SF_2022_operating_income,STRUCTURALLY_NON_COMPARABLE,STRUCTURALLY_NON_COMPARABLE,Bank accounting standards do not present an 'Operating Income' subtotal; banks report Income Before Income Taxes.
Stifel Financial Corp.,SF,2022,2022-12-31,operating_margin,N/A,SEC_FORM_10K,2023-02-17,0000950170-23-003201,https://www.sec.gov/ix?doc=/Archives/edgar/data/0000720672/000095017023003201/sf-20221231.htm,N/A,N/A,Item 7 / Item 8,,SRC_SF_2022_operating_margin,STRUCTURALLY_NON_COMPARABLE,STRUCTURALLY_NON_COMPARABLE,Structurally non-comparable for BHCs due to lack of operating income line.
Stifel Financial Corp.,SF,2022,2022-12-31,cash,N/A (Bank cash represents central bank fractional reserves),SEC_FORM_10K,2023-02-17,0000950170-23-003201,https://www.sec.gov/ix?doc=/Archives/edgar/data/0000720672/000095017023003201/sf-20221231.htm,Item 8. Financial Statements,N/A,Item 7 / Item 8,,SRC_SF_2022_cash,STRUCTURALLY_NON_COMPARABLE,STRUCTURALLY_NON_COMPARABLE,"Bank cash represents regulatory reserves and clearing balances, not discretionary corporate treasury cushions."
Stifel Financial Corp.,SF,2022,2022-12-31,debt,N/A (Bank debt funds trading books and earning assets),SEC_FORM_10K,2023-02-17,0000950170-23-003201,https://www.sec.gov/ix?doc=/Archives/edgar/data/0000720672/000095017023003201/sf-20221231.htm,Item 8. Financial Statements,N/A,Item 7 / Item 8,,SRC_SF_2022_debt,STRUCTURALLY_NON_COMPARABLE,STRUCTURALLY_NON_COMPARABLE,"BHC debt is an operational funding mechanism for balance sheet intermediation, structurally distinct from corporate debt."
Stifel Financial Corp.,SF,2022,2022-12-31,net_cash_or_net_debt,N/A,SEC_FORM_10K,2023-02-17,0000950170-23-003201,https://www.sec.gov/ix?doc=/Archives/edgar/data/0000720672/000095017023003201/sf-20221231.htm,N/A,N/A,Item 7 / Item 8,,SRC_SF_2022_net_cash_or_net_debt,NOT_APPLICABLE,NOT_APPLICABLE,Net debt is economically meaningless for bank holding companies.
Stifel Financial Corp.,SF,2022,2022-12-31,technology_or_business_investment_if_available,N/A,SEC_FORM_10K,2023-02-17,0000950170-23-003201,https://www.sec.gov/ix?doc=/Archives/edgar/data/0000720672/000095017023003201/sf-20221231.htm,N/A,N/A,Item 7 / Item 8,,SRC_SF_2022_technology_or_business_investment_if_available,NOT_APPLICABLE,NOT_APPLICABLE,Tracked under BHC technology variable VAR_13 for Panel A and JEF.
Stifel Financial Corp.,SF,2023,2023-12-31,net_revenue,Total revenues,SEC_FORM_10K,2024-02-16,0000950170-24-016475,https://www.sec.gov/ix?doc=/Archives/edgar/data/0000720672/000095017024016475/sf-20231231.htm,Item 8. Financial Statements,Consolidated Statements of Earnings / Operations / Income,Item 7 / Item 8,us-gaap:Revenues,SRC_SF_2023_net_revenue,DIRECTLY_REPORTED,DIRECT,Primary GAAP revenue line from Consolidated Statements of Earnings/Operations.
Stifel Financial Corp.,SF,2023,2023-12-31,investment_banking_revenue,Investment banking,SEC_FORM_10K,2024-02-16,0000950170-24-016475,https://www.sec.gov/ix?doc=/Archives/edgar/data/0000720672/000095017024016475/sf-20231231.htm,Item 8. Financial Statements / Notes,Segment Reporting / Consolidated Statements of Earnings,Item 7 / Item 8,us-gaap:InvestmentBankingRevenue,SRC_SF_2023_investment_banking_revenue,DIRECTLY_REPORTED,DIRECT,Gross investment banking / advisory and underwriting fees.
Stifel Financial Corp.,SF,2023,2023-12-31,dividends_paid,Payments of dividends,SEC_FORM_10K,2024-02-16,0000950170-24-016475,https://www.sec.gov/ix?doc=/Archives/edgar/data/0000720672/000095017024016475/sf-20231231.htm,Item 8. Financial Statements,Consolidated Statements of Cash Flows,Item 7 / Item 8,us-gaap:PaymentsOfDividends,SRC_SF_2023_dividends_paid,DIRECTLY_REPORTED,DIRECT,Audited cash outflow from Financing Activities in Consolidated Statement of Cash Flows.
Stifel Financial Corp.,SF,2023,2023-12-31,share_repurchases,Repurchase of common stock,SEC_FORM_10K,2024-02-16,0000950170-24-016475,https://www.sec.gov/ix?doc=/Archives/edgar/data/0000720672/000095017024016475/sf-20231231.htm,Item 8. Financial Statements,Consolidated Statements of Cash Flows,Item 7 / Item 8,us-gaap:PaymentsForRepurchaseOfCommonStock,SRC_SF_2023_share_repurchases,DIRECTLY_REPORTED,DIRECT,Audited cash payments for equity retirement / treasury stock acquired from Financing Activities.
Stifel Financial Corp.,SF,2023,2023-12-31,total_cash_returned,Total cash returned (Dividends paid + Share repurchases),SEC_FORM_10K,2024-02-16,0000950170-24-016475,https://www.sec.gov/ix?doc=/Archives/edgar/data/0000720672/000095017024016475/sf-20231231.htm,Item 8. Financial Statements,Consolidated Statements of Cash Flows (Derived),Item 7 / Item 8,Derived: CashFlows,SRC_SF_2023_total_cash_returned,DERIVED,DIRECT,"Derived: dividends_paid + share_repurchases (Inputs: SRC_SF_2023_dividends_paid, SRC_SF_2023_share_repurchases)"
Stifel Financial Corp.,SF,2023,2023-12-31,roe,Return on average common shareholders' equity (ROE),SEC_FORM_10K,2024-02-16,0000950170-24-016475,https://www.sec.gov/ix?doc=/Archives/edgar/data/0000720672/000095017024016475/sf-20231231.htm,Item 7. MD&A,Financial Highlights / Executive Overview,Item 7 / Item 8,,SRC_SF_2023_roe,DIRECTLY_REPORTED,SUB_PANEL,Reported BHC performance metric in 10-K Item 7 Financial Highlights.
Stifel Financial Corp.,SF,2023,2023-12-31,rotce_or_rote,Return on average tangible common equity (ROTCE / ROTE),SEC_FORM_10K,2024-02-16,0000950170-24-016475,https://www.sec.gov/ix?doc=/Archives/edgar/data/0000720672/000095017024016475/sf-20231231.htm,Item 7. MD&A,Non-GAAP Financial Measures Reconciliation,Item 7 / Item 8,,SRC_SF_2023_rotce_or_rote,DIRECTLY_REPORTED,SUB_PANEL,"GS, MS, JPM report ROTCE; SF reports ROTE. Core loss-absorbing capital productivity metric."
Stifel Financial Corp.,SF,2023,2023-12-31,efficiency_ratio_or_overhead_ratio,Efficiency ratio,SEC_FORM_10K,2024-02-16,0000950170-24-016475,https://www.sec.gov/ix?doc=/Archives/edgar/data/0000720672/000095017024016475/sf-20231231.htm,Item 7. MD&A,Financial Highlights / Executive Overview,Item 7 / Item 8,,SRC_SF_2023_efficiency_ratio_or_overhead_ratio,DIRECTLY_REPORTED,SUB_PANEL,"Non-interest expense divided by net revenues. JPM reports Overhead Ratio; GS, MS, SF report Efficiency Ratio."
Stifel Financial Corp.,SF,2023,2023-12-31,cet1_standardized,Standardized Common Equity Tier 1 (CET1) capital ratio,SEC_FORM_10K,2024-02-16,0000950170-24-016475,https://www.sec.gov/ix?doc=/Archives/edgar/data/0000720672/000095017024016475/sf-20231231.htm,Item 7. MD&A,Capital Resources / Regulatory Capital Disclosures,Item 7 / Item 8,,SRC_SF_2023_cet1_standardized,DIRECTLY_REPORTED,SUB_PANEL,Basel III Standardized Approach CET1 ratio as reported to Federal Reserve.
Stifel Financial Corp.,SF,2023,2023-12-31,tier1_leverage_ratio,Tier 1 leverage ratio,SEC_FORM_10K,2024-02-16,0000950170-24-016475,https://www.sec.gov/ix?doc=/Archives/edgar/data/0000720672/000095017024016475/sf-20231231.htm,Item 7. MD&A,Capital Resources / Regulatory Capital Disclosures,Item 7 / Item 8,,SRC_SF_2023_tier1_leverage_ratio,DIRECTLY_REPORTED,SUB_PANEL,Federal Reserve Tier 1 leverage ratio (Tier 1 capital / adjusted average consolidated assets).
Stifel Financial Corp.,SF,2023,2023-12-31,supplementary_leverage_ratio,N/A,SEC_FORM_10K,2024-02-16,0000950170-24-016475,https://www.sec.gov/ix?doc=/Archives/edgar/data/0000720672/000095017024016475/sf-20231231.htm,N/A,N/A,Item 7 / Item 8,,SRC_SF_2023_supplementary_leverage_ratio,NOT_APPLICABLE,NOT_APPLICABLE,Stifel is a Category IV regional banking organization and is legally exempt from SLR requirements.
Stifel Financial Corp.,SF,2023,2023-12-31,tangible_common_equity,Tangible common equity (TCE),SEC_FORM_10K,2024-02-16,0000950170-24-016475,https://www.sec.gov/ix?doc=/Archives/edgar/data/0000720672/000095017024016475/sf-20231231.htm,Item 7. MD&A,Non-GAAP Financial Measures / Balance Sheet Reconciliation,Item 7 / Item 8,,SRC_SF_2023_tangible_common_equity,DIRECTLY_REPORTED,SUB_PANEL,Common equity less goodwill and identifiable intangible assets.
Stifel Financial Corp.,SF,2023,2023-12-31,technology_or_business_investment,Communications and technology,SEC_FORM_10K,2024-02-16,0000950170-24-016475,https://www.sec.gov/ix?doc=/Archives/edgar/data/0000720672/000095017024016475/sf-20231231.htm,Item 8. Financial Statements / Notes,Non-Interest Expenses / Income Statement,Item 7 / Item 8,us-gaap:CommunicationsAndInformationTechnology,SRC_SF_2023_technology_or_business_investment,DIRECTLY_REPORTED,PARTIAL,"High-risk variable: captures operating tech expenses (market data, telecom, IT services). Excludes capitalized software and hardware capex. Quarantined."
Stifel Financial Corp.,SF,2023,2023-12-31,relevant_balance_sheet_measure,Total assets,SEC_FORM_10K,2024-02-16,0000950170-24-016475,https://www.sec.gov/ix?doc=/Archives/edgar/data/0000720672/000095017024016475/sf-20231231.htm,Item 8. Financial Statements,Consolidated Statements of Financial Condition,Item 7 / Item 8,us-gaap:Assets,SRC_SF_2023_relevant_balance_sheet_measure,DIRECTLY_REPORTED,SUB_PANEL,Total consolidated balance sheet assets under U.S. GAAP.
Stifel Financial Corp.,SF,2023,2023-12-31,compensation_expense,Compensation and benefits,SEC_FORM_10K,2024-02-16,0000950170-24-016475,https://www.sec.gov/ix?doc=/Archives/edgar/data/0000720672/000095017024016475/sf-20231231.htm,Item 8. Financial Statements,Consolidated Statements of Operations / Earnings,Item 7 / Item 8,us-gaap:LaborAndRelatedExpenses,SRC_SF_2023_compensation_expense,DIRECTLY_REPORTED,SUB_PANEL,GAAP compensation and benefits expense. Core capital allocation channel in advisory firms.
Stifel Financial Corp.,SF,2023,2023-12-31,compensation_ratio,Derived compensation ratio: compensation_expense / net_revenue * 100,SEC_FORM_10K,2024-02-16,0000950170-24-016475,https://www.sec.gov/ix?doc=/Archives/edgar/data/0000720672/000095017024016475/sf-20231231.htm,Item 8. Financial Statements (Derived),Derived from Income Statement,Item 7 / Item 8,,SRC_SF_2023_compensation_ratio,DERIVED,SUB_PANEL,"Derived: compensation_expense / net_revenue * 100 (Inputs: SRC_SF_2023_compensation_expense, SRC_SF_2023_net_revenue)"
Stifel Financial Corp.,SF,2023,2023-12-31,operating_income,N/A (BHCs report Pre-Tax Income; no operating income line),SEC_FORM_10K,2024-02-16,0000950170-24-016475,https://www.sec.gov/ix?doc=/Archives/edgar/data/0000720672/000095017024016475/sf-20231231.htm,Item 8. Financial Statements,N/A,Item 7 / Item 8,,SRC_SF_2023_operating_income,STRUCTURALLY_NON_COMPARABLE,STRUCTURALLY_NON_COMPARABLE,Bank accounting standards do not present an 'Operating Income' subtotal; banks report Income Before Income Taxes.
Stifel Financial Corp.,SF,2023,2023-12-31,operating_margin,N/A,SEC_FORM_10K,2024-02-16,0000950170-24-016475,https://www.sec.gov/ix?doc=/Archives/edgar/data/0000720672/000095017024016475/sf-20231231.htm,N/A,N/A,Item 7 / Item 8,,SRC_SF_2023_operating_margin,STRUCTURALLY_NON_COMPARABLE,STRUCTURALLY_NON_COMPARABLE,Structurally non-comparable for BHCs due to lack of operating income line.
Stifel Financial Corp.,SF,2023,2023-12-31,cash,N/A (Bank cash represents central bank fractional reserves),SEC_FORM_10K,2024-02-16,0000950170-24-016475,https://www.sec.gov/ix?doc=/Archives/edgar/data/0000720672/000095017024016475/sf-20231231.htm,Item 8. Financial Statements,N/A,Item 7 / Item 8,,SRC_SF_2023_cash,STRUCTURALLY_NON_COMPARABLE,STRUCTURALLY_NON_COMPARABLE,"Bank cash represents regulatory reserves and clearing balances, not discretionary corporate treasury cushions."
Stifel Financial Corp.,SF,2023,2023-12-31,debt,N/A (Bank debt funds trading books and earning assets),SEC_FORM_10K,2024-02-16,0000950170-24-016475,https://www.sec.gov/ix?doc=/Archives/edgar/data/0000720672/000095017024016475/sf-20231231.htm,Item 8. Financial Statements,N/A,Item 7 / Item 8,,SRC_SF_2023_debt,STRUCTURALLY_NON_COMPARABLE,STRUCTURALLY_NON_COMPARABLE,"BHC debt is an operational funding mechanism for balance sheet intermediation, structurally distinct from corporate debt."
Stifel Financial Corp.,SF,2023,2023-12-31,net_cash_or_net_debt,N/A,SEC_FORM_10K,2024-02-16,0000950170-24-016475,https://www.sec.gov/ix?doc=/Archives/edgar/data/0000720672/000095017024016475/sf-20231231.htm,N/A,N/A,Item 7 / Item 8,,SRC_SF_2023_net_cash_or_net_debt,NOT_APPLICABLE,NOT_APPLICABLE,Net debt is economically meaningless for bank holding companies.
Stifel Financial Corp.,SF,2023,2023-12-31,technology_or_business_investment_if_available,N/A,SEC_FORM_10K,2024-02-16,0000950170-24-016475,https://www.sec.gov/ix?doc=/Archives/edgar/data/0000720672/000095017024016475/sf-20231231.htm,N/A,N/A,Item 7 / Item 8,,SRC_SF_2023_technology_or_business_investment_if_available,NOT_APPLICABLE,NOT_APPLICABLE,Tracked under BHC technology variable VAR_13 for Panel A and JEF.
Stifel Financial Corp.,SF,2024,2024-12-31,net_revenue,Total revenues,SEC_FORM_10K,2025-02-26,0000950170-25-027702,https://www.sec.gov/ix?doc=/Archives/edgar/data/0000720672/000095017025027702/sf-20241231.htm,Item 8. Financial Statements,Consolidated Statements of Earnings / Operations / Income,Item 7 / Item 8,us-gaap:Revenues,SRC_SF_2024_net_revenue,DIRECTLY_REPORTED,DIRECT,Primary GAAP revenue line from Consolidated Statements of Earnings/Operations.
Stifel Financial Corp.,SF,2024,2024-12-31,investment_banking_revenue,Investment banking,SEC_FORM_10K,2025-02-26,0000950170-25-027702,https://www.sec.gov/ix?doc=/Archives/edgar/data/0000720672/000095017025027702/sf-20241231.htm,Item 8. Financial Statements / Notes,Segment Reporting / Consolidated Statements of Earnings,Item 7 / Item 8,us-gaap:InvestmentBankingRevenue,SRC_SF_2024_investment_banking_revenue,DIRECTLY_REPORTED,DIRECT,Gross investment banking / advisory and underwriting fees.
Stifel Financial Corp.,SF,2024,2024-12-31,dividends_paid,Payments of dividends,SEC_FORM_10K,2025-02-26,0000950170-25-027702,https://www.sec.gov/ix?doc=/Archives/edgar/data/0000720672/000095017025027702/sf-20241231.htm,Item 8. Financial Statements,Consolidated Statements of Cash Flows,Item 7 / Item 8,us-gaap:PaymentsOfDividends,SRC_SF_2024_dividends_paid,DIRECTLY_REPORTED,DIRECT,Audited cash outflow from Financing Activities in Consolidated Statement of Cash Flows.
Stifel Financial Corp.,SF,2024,2024-12-31,share_repurchases,Repurchase of common stock,SEC_FORM_10K,2025-02-26,0000950170-25-027702,https://www.sec.gov/ix?doc=/Archives/edgar/data/0000720672/000095017025027702/sf-20241231.htm,Item 8. Financial Statements,Consolidated Statements of Cash Flows,Item 7 / Item 8,us-gaap:PaymentsForRepurchaseOfCommonStock,SRC_SF_2024_share_repurchases,DIRECTLY_REPORTED,DIRECT,Audited cash payments for equity retirement / treasury stock acquired from Financing Activities.
Stifel Financial Corp.,SF,2024,2024-12-31,total_cash_returned,Total cash returned (Dividends paid + Share repurchases),SEC_FORM_10K,2025-02-26,0000950170-25-027702,https://www.sec.gov/ix?doc=/Archives/edgar/data/0000720672/000095017025027702/sf-20241231.htm,Item 8. Financial Statements,Consolidated Statements of Cash Flows (Derived),Item 7 / Item 8,Derived: CashFlows,SRC_SF_2024_total_cash_returned,DERIVED,DIRECT,"Derived: dividends_paid + share_repurchases (Inputs: SRC_SF_2024_dividends_paid, SRC_SF_2024_share_repurchases)"
Stifel Financial Corp.,SF,2024,2024-12-31,roe,Return on average common shareholders' equity (ROE),SEC_FORM_10K,2025-02-26,0000950170-25-027702,https://www.sec.gov/ix?doc=/Archives/edgar/data/0000720672/000095017025027702/sf-20241231.htm,Item 7. MD&A,Financial Highlights / Executive Overview,Item 7 / Item 8,,SRC_SF_2024_roe,DIRECTLY_REPORTED,SUB_PANEL,Reported BHC performance metric in 10-K Item 7 Financial Highlights.
Stifel Financial Corp.,SF,2024,2024-12-31,rotce_or_rote,Return on average tangible common equity (ROTCE / ROTE),SEC_FORM_10K,2025-02-26,0000950170-25-027702,https://www.sec.gov/ix?doc=/Archives/edgar/data/0000720672/000095017025027702/sf-20241231.htm,Item 7. MD&A,Non-GAAP Financial Measures Reconciliation,Item 7 / Item 8,,SRC_SF_2024_rotce_or_rote,DIRECTLY_REPORTED,SUB_PANEL,"GS, MS, JPM report ROTCE; SF reports ROTE. Core loss-absorbing capital productivity metric."
Stifel Financial Corp.,SF,2024,2024-12-31,efficiency_ratio_or_overhead_ratio,Efficiency ratio,SEC_FORM_10K,2025-02-26,0000950170-25-027702,https://www.sec.gov/ix?doc=/Archives/edgar/data/0000720672/000095017025027702/sf-20241231.htm,Item 7. MD&A,Financial Highlights / Executive Overview,Item 7 / Item 8,,SRC_SF_2024_efficiency_ratio_or_overhead_ratio,DIRECTLY_REPORTED,SUB_PANEL,"Non-interest expense divided by net revenues. JPM reports Overhead Ratio; GS, MS, SF report Efficiency Ratio."
Stifel Financial Corp.,SF,2024,2024-12-31,cet1_standardized,Standardized Common Equity Tier 1 (CET1) capital ratio,SEC_FORM_10K,2025-02-26,0000950170-25-027702,https://www.sec.gov/ix?doc=/Archives/edgar/data/0000720672/000095017025027702/sf-20241231.htm,Item 7. MD&A,Capital Resources / Regulatory Capital Disclosures,Item 7 / Item 8,,SRC_SF_2024_cet1_standardized,DIRECTLY_REPORTED,SUB_PANEL,Basel III Standardized Approach CET1 ratio as reported to Federal Reserve.
Stifel Financial Corp.,SF,2024,2024-12-31,tier1_leverage_ratio,Tier 1 leverage ratio,SEC_FORM_10K,2025-02-26,0000950170-25-027702,https://www.sec.gov/ix?doc=/Archives/edgar/data/0000720672/000095017025027702/sf-20241231.htm,Item 7. MD&A,Capital Resources / Regulatory Capital Disclosures,Item 7 / Item 8,,SRC_SF_2024_tier1_leverage_ratio,DIRECTLY_REPORTED,SUB_PANEL,Federal Reserve Tier 1 leverage ratio (Tier 1 capital / adjusted average consolidated assets).
Stifel Financial Corp.,SF,2024,2024-12-31,supplementary_leverage_ratio,N/A,SEC_FORM_10K,2025-02-26,0000950170-25-027702,https://www.sec.gov/ix?doc=/Archives/edgar/data/0000720672/000095017025027702/sf-20241231.htm,N/A,N/A,Item 7 / Item 8,,SRC_SF_2024_supplementary_leverage_ratio,NOT_APPLICABLE,NOT_APPLICABLE,Stifel is a Category IV regional banking organization and is legally exempt from SLR requirements.
Stifel Financial Corp.,SF,2024,2024-12-31,tangible_common_equity,Tangible common equity (TCE),SEC_FORM_10K,2025-02-26,0000950170-25-027702,https://www.sec.gov/ix?doc=/Archives/edgar/data/0000720672/000095017025027702/sf-20241231.htm,Item 7. MD&A,Non-GAAP Financial Measures / Balance Sheet Reconciliation,Item 7 / Item 8,,SRC_SF_2024_tangible_common_equity,DIRECTLY_REPORTED,SUB_PANEL,Common equity less goodwill and identifiable intangible assets.
Stifel Financial Corp.,SF,2024,2024-12-31,technology_or_business_investment,Communications and technology,SEC_FORM_10K,2025-02-26,0000950170-25-027702,https://www.sec.gov/ix?doc=/Archives/edgar/data/0000720672/000095017025027702/sf-20241231.htm,Item 8. Financial Statements / Notes,Non-Interest Expenses / Income Statement,Item 7 / Item 8,us-gaap:CommunicationsAndInformationTechnology,SRC_SF_2024_technology_or_business_investment,DIRECTLY_REPORTED,PARTIAL,"High-risk variable: captures operating tech expenses (market data, telecom, IT services). Excludes capitalized software and hardware capex. Quarantined."
Stifel Financial Corp.,SF,2024,2024-12-31,relevant_balance_sheet_measure,Total assets,SEC_FORM_10K,2025-02-26,0000950170-25-027702,https://www.sec.gov/ix?doc=/Archives/edgar/data/0000720672/000095017025027702/sf-20241231.htm,Item 8. Financial Statements,Consolidated Statements of Financial Condition,Item 7 / Item 8,us-gaap:Assets,SRC_SF_2024_relevant_balance_sheet_measure,DIRECTLY_REPORTED,SUB_PANEL,Total consolidated balance sheet assets under U.S. GAAP.
Stifel Financial Corp.,SF,2024,2024-12-31,compensation_expense,Compensation and benefits,SEC_FORM_10K,2025-02-26,0000950170-25-027702,https://www.sec.gov/ix?doc=/Archives/edgar/data/0000720672/000095017025027702/sf-20241231.htm,Item 8. Financial Statements,Consolidated Statements of Operations / Earnings,Item 7 / Item 8,us-gaap:LaborAndRelatedExpenses,SRC_SF_2024_compensation_expense,DIRECTLY_REPORTED,SUB_PANEL,GAAP compensation and benefits expense. Core capital allocation channel in advisory firms.
Stifel Financial Corp.,SF,2024,2024-12-31,compensation_ratio,Derived compensation ratio: compensation_expense / net_revenue * 100,SEC_FORM_10K,2025-02-26,0000950170-25-027702,https://www.sec.gov/ix?doc=/Archives/edgar/data/0000720672/000095017025027702/sf-20241231.htm,Item 8. Financial Statements (Derived),Derived from Income Statement,Item 7 / Item 8,,SRC_SF_2024_compensation_ratio,DERIVED,SUB_PANEL,"Derived: compensation_expense / net_revenue * 100 (Inputs: SRC_SF_2024_compensation_expense, SRC_SF_2024_net_revenue)"
Stifel Financial Corp.,SF,2024,2024-12-31,operating_income,N/A (BHCs report Pre-Tax Income; no operating income line),SEC_FORM_10K,2025-02-26,0000950170-25-027702,https://www.sec.gov/ix?doc=/Archives/edgar/data/0000720672/000095017025027702/sf-20241231.htm,Item 8. Financial Statements,N/A,Item 7 / Item 8,,SRC_SF_2024_operating_income,STRUCTURALLY_NON_COMPARABLE,STRUCTURALLY_NON_COMPARABLE,Bank accounting standards do not present an 'Operating Income' subtotal; banks report Income Before Income Taxes.
Stifel Financial Corp.,SF,2024,2024-12-31,operating_margin,N/A,SEC_FORM_10K,2025-02-26,0000950170-25-027702,https://www.sec.gov/ix?doc=/Archives/edgar/data/0000720672/000095017025027702/sf-20241231.htm,N/A,N/A,Item 7 / Item 8,,SRC_SF_2024_operating_margin,STRUCTURALLY_NON_COMPARABLE,STRUCTURALLY_NON_COMPARABLE,Structurally non-comparable for BHCs due to lack of operating income line.
Stifel Financial Corp.,SF,2024,2024-12-31,cash,N/A (Bank cash represents central bank fractional reserves),SEC_FORM_10K,2025-02-26,0000950170-25-027702,https://www.sec.gov/ix?doc=/Archives/edgar/data/0000720672/000095017025027702/sf-20241231.htm,Item 8. Financial Statements,N/A,Item 7 / Item 8,,SRC_SF_2024_cash,STRUCTURALLY_NON_COMPARABLE,STRUCTURALLY_NON_COMPARABLE,"Bank cash represents regulatory reserves and clearing balances, not discretionary corporate treasury cushions."
Stifel Financial Corp.,SF,2024,2024-12-31,debt,N/A (Bank debt funds trading books and earning assets),SEC_FORM_10K,2025-02-26,0000950170-25-027702,https://www.sec.gov/ix?doc=/Archives/edgar/data/0000720672/000095017025027702/sf-20241231.htm,Item 8. Financial Statements,N/A,Item 7 / Item 8,,SRC_SF_2024_debt,STRUCTURALLY_NON_COMPARABLE,STRUCTURALLY_NON_COMPARABLE,"BHC debt is an operational funding mechanism for balance sheet intermediation, structurally distinct from corporate debt."
Stifel Financial Corp.,SF,2024,2024-12-31,net_cash_or_net_debt,N/A,SEC_FORM_10K,2025-02-26,0000950170-25-027702,https://www.sec.gov/ix?doc=/Archives/edgar/data/0000720672/000095017025027702/sf-20241231.htm,N/A,N/A,Item 7 / Item 8,,SRC_SF_2024_net_cash_or_net_debt,NOT_APPLICABLE,NOT_APPLICABLE,Net debt is economically meaningless for bank holding companies.
Stifel Financial Corp.,SF,2024,2024-12-31,technology_or_business_investment_if_available,N/A,SEC_FORM_10K,2025-02-26,0000950170-25-027702,https://www.sec.gov/ix?doc=/Archives/edgar/data/0000720672/000095017025027702/sf-20241231.htm,N/A,N/A,Item 7 / Item 8,,SRC_SF_2024_technology_or_business_investment_if_available,NOT_APPLICABLE,NOT_APPLICABLE,Tracked under BHC technology variable VAR_13 for Panel A and JEF.
Evercore Inc.,EVR,2020,2020-12-31,net_revenue,"Total revenues, net of interest expense",SEC_FORM_10K,2021-02-25,0001360901-21-000005,https://www.sec.gov/ix?doc=/Archives/edgar/data/0001360901/000136090121000005/evr-20201231.htm,Item 8. Financial Statements,Consolidated Statements of Earnings / Operations / Income,Item 7 / Item 8,us-gaap:RevenuesNetOfInterestExpense,SRC_EVR_2020_net_revenue,DIRECTLY_REPORTED,DIRECT,Primary GAAP revenue line from Consolidated Statements of Earnings/Operations.
Evercore Inc.,EVR,2020,2020-12-31,investment_banking_revenue,Investment Banking,SEC_FORM_10K,2021-02-25,0001360901-21-000005,https://www.sec.gov/ix?doc=/Archives/edgar/data/0001360901/000136090121000005/evr-20201231.htm,Item 8. Financial Statements / Notes,Segment Reporting / Consolidated Statements of Earnings,Item 7 / Item 8,us-gaap:InvestmentBankingRevenue,SRC_EVR_2020_investment_banking_revenue,DIRECTLY_REPORTED,DIRECT,Gross investment banking / advisory and underwriting fees.
Evercore Inc.,EVR,2020,2020-12-31,dividends_paid,Dividends and non-controlling interest distributions paid,SEC_FORM_10K,2021-02-25,0001360901-21-000005,https://www.sec.gov/ix?doc=/Archives/edgar/data/0001360901/000136090121000005/evr-20201231.htm,Item 8. Financial Statements,Consolidated Statements of Cash Flows,Item 7 / Item 8,us-gaap:PaymentsOfDividendsCommonStock,SRC_EVR_2020_dividends_paid,DIRECTLY_REPORTED,DIRECT,Audited cash outflow from Financing Activities in Consolidated Statement of Cash Flows.
Evercore Inc.,EVR,2020,2020-12-31,share_repurchases,Treasury stock acquired and Class A common stock repurchased,SEC_FORM_10K,2021-02-25,0001360901-21-000005,https://www.sec.gov/ix?doc=/Archives/edgar/data/0001360901/000136090121000005/evr-20201231.htm,Item 8. Financial Statements,Consolidated Statements of Cash Flows,Item 7 / Item 8,us-gaap:PaymentsForRepurchaseOfCommonStock,SRC_EVR_2020_share_repurchases,DIRECTLY_REPORTED,DIRECT,Audited cash payments for equity retirement / treasury stock acquired from Financing Activities.
Evercore Inc.,EVR,2020,2020-12-31,total_cash_returned,Total cash returned (Dividends paid + Share repurchases),SEC_FORM_10K,2021-02-25,0001360901-21-000005,https://www.sec.gov/ix?doc=/Archives/edgar/data/0001360901/000136090121000005/evr-20201231.htm,Item 8. Financial Statements,Consolidated Statements of Cash Flows (Derived),Item 7 / Item 8,Derived: CashFlows,SRC_EVR_2020_total_cash_returned,DERIVED,DIRECT,"Derived: dividends_paid + share_repurchases (Inputs: SRC_EVR_2020_dividends_paid, SRC_EVR_2020_share_repurchases)"
Evercore Inc.,EVR,2020,2020-12-31,roe,N/A (Structurally non-comparable Up-C partnership / depleted equity),SEC_FORM_10K,2021-02-25,0001360901-21-000005,https://www.sec.gov/ix?doc=/Archives/edgar/data/0001360901/000136090121000005/evr-20201231.htm,Item 7. MD&A,N/A,Item 7 / Item 8,,SRC_EVR_2020_roe,STRUCTURALLY_NON_COMPARABLE,STRUCTURALLY_NON_COMPARABLE,"Boutiques operate Up-C partnership structures (EVR, MC) or have legacy equity deficits (LAZ); ROE omitted from 10-K steering metrics."
Evercore Inc.,EVR,2020,2020-12-31,rotce_or_rote,N/A,SEC_FORM_10K,2021-02-25,0001360901-21-000005,https://www.sec.gov/ix?doc=/Archives/edgar/data/0001360901/000136090121000005/evr-20201231.htm,N/A,N/A,Item 7 / Item 8,,SRC_EVR_2020_rotce_or_rote,NOT_APPLICABLE,NOT_APPLICABLE,Boutiques are asset-light and do not manage to or disclose ROTCE/ROTE.
Evercore Inc.,EVR,2020,2020-12-31,efficiency_ratio_or_overhead_ratio,N/A,SEC_FORM_10K,2021-02-25,0001360901-21-000005,https://www.sec.gov/ix?doc=/Archives/edgar/data/0001360901/000136090121000005/evr-20201231.htm,N/A,N/A,Item 7 / Item 8,,SRC_EVR_2020_efficiency_ratio_or_overhead_ratio,NOT_APPLICABLE,NOT_APPLICABLE,Boutiques do not manage to bank efficiency/overhead ratio; they manage to compensation ratio.
Evercore Inc.,EVR,2020,2020-12-31,cet1_standardized,N/A,SEC_FORM_10K,2021-02-25,0001360901-21-000005,https://www.sec.gov/ix?doc=/Archives/edgar/data/0001360901/000136090121000005/evr-20201231.htm,N/A,N/A,Item 7 / Item 8,,SRC_EVR_2020_cet1_standardized,NOT_APPLICABLE,NOT_APPLICABLE,Boutiques are not bank holding companies; Basel III CET1 is not applicable.
Evercore Inc.,EVR,2020,2020-12-31,tier1_leverage_ratio,N/A,SEC_FORM_10K,2021-02-25,0001360901-21-000005,https://www.sec.gov/ix?doc=/Archives/edgar/data/0001360901/000136090121000005/evr-20201231.htm,N/A,N/A,Item 7 / Item 8,,SRC_EVR_2020_tier1_leverage_ratio,NOT_APPLICABLE,NOT_APPLICABLE,Not applicable for non-BHC entities.
Evercore Inc.,EVR,2020,2020-12-31,supplementary_leverage_ratio,N/A,SEC_FORM_10K,2021-02-25,0001360901-21-000005,https://www.sec.gov/ix?doc=/Archives/edgar/data/0001360901/000136090121000005/evr-20201231.htm,N/A,N/A,Item 7 / Item 8,,SRC_EVR_2020_supplementary_leverage_ratio,NOT_APPLICABLE,NOT_APPLICABLE,Not applicable for non-BHC entities.
Evercore Inc.,EVR,2020,2020-12-31,tangible_common_equity,N/A,SEC_FORM_10K,2021-02-25,0001360901-21-000005,https://www.sec.gov/ix?doc=/Archives/edgar/data/0001360901/000136090121000005/evr-20201231.htm,N/A,N/A,Item 7 / Item 8,,SRC_EVR_2020_tangible_common_equity,NOT_APPLICABLE,NOT_APPLICABLE,Not meaningful or tracked for asset-light advisory boutiques.
Evercore Inc.,EVR,2020,2020-12-31,technology_or_business_investment,N/A,SEC_FORM_10K,2021-02-25,0001360901-21-000005,https://www.sec.gov/ix?doc=/Archives/edgar/data/0001360901/000136090121000005/evr-20201231.htm,N/A,N/A,Item 7 / Item 8,,SRC_EVR_2020_technology_or_business_investment,NOT_APPLICABLE,NOT_APPLICABLE,Tracked under advisory-specific technology variable VAR_22 for boutiques.
Evercore Inc.,EVR,2020,2020-12-31,relevant_balance_sheet_measure,N/A,SEC_FORM_10K,2021-02-25,0001360901-21-000005,https://www.sec.gov/ix?doc=/Archives/edgar/data/0001360901/000136090121000005/evr-20201231.htm,N/A,N/A,Item 7 / Item 8,,SRC_EVR_2020_relevant_balance_sheet_measure,NOT_APPLICABLE,NOT_APPLICABLE,Boutique balance sheets are orders of magnitude smaller and asset-light.
Evercore Inc.,EVR,2020,2020-12-31,compensation_expense,Employee compensation and benefits,SEC_FORM_10K,2021-02-25,0001360901-21-000005,https://www.sec.gov/ix?doc=/Archives/edgar/data/0001360901/000136090121000005/evr-20201231.htm,Item 8. Financial Statements,Consolidated Statements of Operations / Earnings,Item 7 / Item 8,us-gaap:LaborAndRelatedExpenses,SRC_EVR_2020_compensation_expense,DIRECTLY_REPORTED,SUB_PANEL,GAAP compensation and benefits expense. Core capital allocation channel in advisory firms.
Evercore Inc.,EVR,2020,2020-12-31,compensation_ratio,Compensation ratio,SEC_FORM_10K,2021-02-25,0001360901-21-000005,https://www.sec.gov/ix?doc=/Archives/edgar/data/0001360901/000136090121000005/evr-20201231.htm,Item 7. MD&A,Results of Operations,Item 7 / Item 8,,SRC_EVR_2020_compensation_ratio,DIRECTLY_REPORTED,SUB_PANEL,"Primary steering metric in boutique advisory firms (Inputs: SRC_EVR_2020_compensation_expense, SRC_EVR_2020_net_revenue)"
Evercore Inc.,EVR,2020,2020-12-31,operating_income,Operating Income,SEC_FORM_10K,2021-02-25,0001360901-21-000005,https://www.sec.gov/ix?doc=/Archives/edgar/data/0001360901/000136090121000005/evr-20201231.htm,Item 8. Financial Statements,Consolidated Statements of Operations,Item 7 / Item 8,us-gaap:OperatingIncomeLoss,SRC_EVR_2020_operating_income,DIRECTLY_REPORTED,SUB_PANEL,Directly reported operating income in boutique 10-K.
Evercore Inc.,EVR,2020,2020-12-31,operating_margin,Operating Margin (Operating Income / Net Revenue),SEC_FORM_10K,2021-02-25,0001360901-21-000005,https://www.sec.gov/ix?doc=/Archives/edgar/data/0001360901/000136090121000005/evr-20201231.htm,Item 8. Financial Statements (Derived),Derived from Statements of Operations,Item 7 / Item 8,,SRC_EVR_2020_operating_margin,DERIVED,SUB_PANEL,"Derived: operating_income / net_revenue * 100 (Inputs: SRC_EVR_2020_operating_income, SRC_EVR_2020_net_revenue)"
Evercore Inc.,EVR,2020,2020-12-31,cash,Cash and cash equivalents,SEC_FORM_10K,2021-02-25,0001360901-21-000005,https://www.sec.gov/ix?doc=/Archives/edgar/data/0001360901/000136090121000005/evr-20201231.htm,Item 8. Financial Statements,Consolidated Statements of Financial Condition,Item 7 / Item 8,us-gaap:CashAndCashEquivalentsAtCarryingValue,SRC_EVR_2020_cash,DIRECTLY_REPORTED,SUB_PANEL,Liquid cash cushion held by advisory boutiques.
Evercore Inc.,EVR,2020,2020-12-31,debt,Notes payable / Long-term debt (0 reported),SEC_FORM_10K,2021-02-25,0001360901-21-000005,https://www.sec.gov/ix?doc=/Archives/edgar/data/0001360901/000136090121000005/evr-20201231.htm,Item 8. Financial Statements,Consolidated Statements of Financial Condition,Item 7 / Item 8,us-gaap:LongTermDebtNoncurrent,SRC_EVR_2020_debt,DIRECTLY_REPORTED,SUB_PANEL,Carrying value of funded long-term debt / senior borrowings.
Evercore Inc.,EVR,2020,2020-12-31,net_cash_or_net_debt,Net cash / (net debt),SEC_FORM_10K,2021-02-25,0001360901-21-000005,https://www.sec.gov/ix?doc=/Archives/edgar/data/0001360901/000136090121000005/evr-20201231.htm,Item 8. Financial Statements (Derived),Derived from Consolidated Statements of Financial Condition,Item 7 / Item 8,,SRC_EVR_2020_net_cash_or_net_debt,DERIVED,SUB_PANEL,"Derived: cash - debt (Inputs: SRC_EVR_2020_cash, SRC_EVR_2020_debt)"
Evercore Inc.,EVR,2020,2020-12-31,technology_or_business_investment_if_available,Communications and information services,SEC_FORM_10K,2021-02-25,0001360901-21-000005,https://www.sec.gov/ix?doc=/Archives/edgar/data/0001360901/000136090121000005/evr-20201231.htm,Item 8. Financial Statements / Notes,Non-Compensation Expenses Footnote,Item 7 / Item 8,us-gaap:CommunicationsAndInformationTechnology,SRC_EVR_2020_technology_or_business_investment_if_available,DIRECTLY_REPORTED,PARTIAL,High-risk variable: operating IT/data feed expenses. Quarantined from cross-firm pooling.
Evercore Inc.,EVR,2021,2021-12-31,net_revenue,"Total revenues, net of interest expense",SEC_FORM_10K,2022-02-24,0001360901-22-000005,https://www.sec.gov/ix?doc=/Archives/edgar/data/0001360901/000136090122000005/evr-20211231.htm,Item 8. Financial Statements,Consolidated Statements of Earnings / Operations / Income,Item 7 / Item 8,us-gaap:RevenuesNetOfInterestExpense,SRC_EVR_2021_net_revenue,DIRECTLY_REPORTED,DIRECT,Primary GAAP revenue line from Consolidated Statements of Earnings/Operations.
Evercore Inc.,EVR,2021,2021-12-31,investment_banking_revenue,Investment Banking,SEC_FORM_10K,2022-02-24,0001360901-22-000005,https://www.sec.gov/ix?doc=/Archives/edgar/data/0001360901/000136090122000005/evr-20211231.htm,Item 8. Financial Statements / Notes,Segment Reporting / Consolidated Statements of Earnings,Item 7 / Item 8,us-gaap:InvestmentBankingRevenue,SRC_EVR_2021_investment_banking_revenue,DIRECTLY_REPORTED,DIRECT,Gross investment banking / advisory and underwriting fees.
Evercore Inc.,EVR,2021,2021-12-31,dividends_paid,Dividends and non-controlling interest distributions paid,SEC_FORM_10K,2022-02-24,0001360901-22-000005,https://www.sec.gov/ix?doc=/Archives/edgar/data/0001360901/000136090122000005/evr-20211231.htm,Item 8. Financial Statements,Consolidated Statements of Cash Flows,Item 7 / Item 8,us-gaap:PaymentsOfDividendsCommonStock,SRC_EVR_2021_dividends_paid,DIRECTLY_REPORTED,DIRECT,Audited cash outflow from Financing Activities in Consolidated Statement of Cash Flows.
Evercore Inc.,EVR,2021,2021-12-31,share_repurchases,Treasury stock acquired and Class A common stock repurchased,SEC_FORM_10K,2022-02-24,0001360901-22-000005,https://www.sec.gov/ix?doc=/Archives/edgar/data/0001360901/000136090122000005/evr-20211231.htm,Item 8. Financial Statements,Consolidated Statements of Cash Flows,Item 7 / Item 8,us-gaap:PaymentsForRepurchaseOfCommonStock,SRC_EVR_2021_share_repurchases,DIRECTLY_REPORTED,DIRECT,Audited cash payments for equity retirement / treasury stock acquired from Financing Activities.
Evercore Inc.,EVR,2021,2021-12-31,total_cash_returned,Total cash returned (Dividends paid + Share repurchases),SEC_FORM_10K,2022-02-24,0001360901-22-000005,https://www.sec.gov/ix?doc=/Archives/edgar/data/0001360901/000136090122000005/evr-20211231.htm,Item 8. Financial Statements,Consolidated Statements of Cash Flows (Derived),Item 7 / Item 8,Derived: CashFlows,SRC_EVR_2021_total_cash_returned,DERIVED,DIRECT,"Derived: dividends_paid + share_repurchases (Inputs: SRC_EVR_2021_dividends_paid, SRC_EVR_2021_share_repurchases)"
Evercore Inc.,EVR,2021,2021-12-31,roe,N/A (Structurally non-comparable Up-C partnership / depleted equity),SEC_FORM_10K,2022-02-24,0001360901-22-000005,https://www.sec.gov/ix?doc=/Archives/edgar/data/0001360901/000136090122000005/evr-20211231.htm,Item 7. MD&A,N/A,Item 7 / Item 8,,SRC_EVR_2021_roe,STRUCTURALLY_NON_COMPARABLE,STRUCTURALLY_NON_COMPARABLE,"Boutiques operate Up-C partnership structures (EVR, MC) or have legacy equity deficits (LAZ); ROE omitted from 10-K steering metrics."
Evercore Inc.,EVR,2021,2021-12-31,rotce_or_rote,N/A,SEC_FORM_10K,2022-02-24,0001360901-22-000005,https://www.sec.gov/ix?doc=/Archives/edgar/data/0001360901/000136090122000005/evr-20211231.htm,N/A,N/A,Item 7 / Item 8,,SRC_EVR_2021_rotce_or_rote,NOT_APPLICABLE,NOT_APPLICABLE,Boutiques are asset-light and do not manage to or disclose ROTCE/ROTE.
Evercore Inc.,EVR,2021,2021-12-31,efficiency_ratio_or_overhead_ratio,N/A,SEC_FORM_10K,2022-02-24,0001360901-22-000005,https://www.sec.gov/ix?doc=/Archives/edgar/data/0001360901/000136090122000005/evr-20211231.htm,N/A,N/A,Item 7 / Item 8,,SRC_EVR_2021_efficiency_ratio_or_overhead_ratio,NOT_APPLICABLE,NOT_APPLICABLE,Boutiques do not manage to bank efficiency/overhead ratio; they manage to compensation ratio.
Evercore Inc.,EVR,2021,2021-12-31,cet1_standardized,N/A,SEC_FORM_10K,2022-02-24,0001360901-22-000005,https://www.sec.gov/ix?doc=/Archives/edgar/data/0001360901/000136090122000005/evr-20211231.htm,N/A,N/A,Item 7 / Item 8,,SRC_EVR_2021_cet1_standardized,NOT_APPLICABLE,NOT_APPLICABLE,Boutiques are not bank holding companies; Basel III CET1 is not applicable.
Evercore Inc.,EVR,2021,2021-12-31,tier1_leverage_ratio,N/A,SEC_FORM_10K,2022-02-24,0001360901-22-000005,https://www.sec.gov/ix?doc=/Archives/edgar/data/0001360901/000136090122000005/evr-20211231.htm,N/A,N/A,Item 7 / Item 8,,SRC_EVR_2021_tier1_leverage_ratio,NOT_APPLICABLE,NOT_APPLICABLE,Not applicable for non-BHC entities.
Evercore Inc.,EVR,2021,2021-12-31,supplementary_leverage_ratio,N/A,SEC_FORM_10K,2022-02-24,0001360901-22-000005,https://www.sec.gov/ix?doc=/Archives/edgar/data/0001360901/000136090122000005/evr-20211231.htm,N/A,N/A,Item 7 / Item 8,,SRC_EVR_2021_supplementary_leverage_ratio,NOT_APPLICABLE,NOT_APPLICABLE,Not applicable for non-BHC entities.
Evercore Inc.,EVR,2021,2021-12-31,tangible_common_equity,N/A,SEC_FORM_10K,2022-02-24,0001360901-22-000005,https://www.sec.gov/ix?doc=/Archives/edgar/data/0001360901/000136090122000005/evr-20211231.htm,N/A,N/A,Item 7 / Item 8,,SRC_EVR_2021_tangible_common_equity,NOT_APPLICABLE,NOT_APPLICABLE,Not meaningful or tracked for asset-light advisory boutiques.
Evercore Inc.,EVR,2021,2021-12-31,technology_or_business_investment,N/A,SEC_FORM_10K,2022-02-24,0001360901-22-000005,https://www.sec.gov/ix?doc=/Archives/edgar/data/0001360901/000136090122000005/evr-20211231.htm,N/A,N/A,Item 7 / Item 8,,SRC_EVR_2021_technology_or_business_investment,NOT_APPLICABLE,NOT_APPLICABLE,Tracked under advisory-specific technology variable VAR_22 for boutiques.
Evercore Inc.,EVR,2021,2021-12-31,relevant_balance_sheet_measure,N/A,SEC_FORM_10K,2022-02-24,0001360901-22-000005,https://www.sec.gov/ix?doc=/Archives/edgar/data/0001360901/000136090122000005/evr-20211231.htm,N/A,N/A,Item 7 / Item 8,,SRC_EVR_2021_relevant_balance_sheet_measure,NOT_APPLICABLE,NOT_APPLICABLE,Boutique balance sheets are orders of magnitude smaller and asset-light.
Evercore Inc.,EVR,2021,2021-12-31,compensation_expense,Employee compensation and benefits,SEC_FORM_10K,2022-02-24,0001360901-22-000005,https://www.sec.gov/ix?doc=/Archives/edgar/data/0001360901/000136090122000005/evr-20211231.htm,Item 8. Financial Statements,Consolidated Statements of Operations / Earnings,Item 7 / Item 8,us-gaap:LaborAndRelatedExpenses,SRC_EVR_2021_compensation_expense,DIRECTLY_REPORTED,SUB_PANEL,GAAP compensation and benefits expense. Core capital allocation channel in advisory firms.
Evercore Inc.,EVR,2021,2021-12-31,compensation_ratio,Compensation ratio,SEC_FORM_10K,2022-02-24,0001360901-22-000005,https://www.sec.gov/ix?doc=/Archives/edgar/data/0001360901/000136090122000005/evr-20211231.htm,Item 7. MD&A,Results of Operations,Item 7 / Item 8,,SRC_EVR_2021_compensation_ratio,DIRECTLY_REPORTED,SUB_PANEL,"Primary steering metric in boutique advisory firms (Inputs: SRC_EVR_2021_compensation_expense, SRC_EVR_2021_net_revenue)"
Evercore Inc.,EVR,2021,2021-12-31,operating_income,Operating Income,SEC_FORM_10K,2022-02-24,0001360901-22-000005,https://www.sec.gov/ix?doc=/Archives/edgar/data/0001360901/000136090122000005/evr-20211231.htm,Item 8. Financial Statements,Consolidated Statements of Operations,Item 7 / Item 8,us-gaap:OperatingIncomeLoss,SRC_EVR_2021_operating_income,DIRECTLY_REPORTED,SUB_PANEL,Directly reported operating income in boutique 10-K.
Evercore Inc.,EVR,2021,2021-12-31,operating_margin,Operating Margin (Operating Income / Net Revenue),SEC_FORM_10K,2022-02-24,0001360901-22-000005,https://www.sec.gov/ix?doc=/Archives/edgar/data/0001360901/000136090122000005/evr-20211231.htm,Item 8. Financial Statements (Derived),Derived from Statements of Operations,Item 7 / Item 8,,SRC_EVR_2021_operating_margin,DERIVED,SUB_PANEL,"Derived: operating_income / net_revenue * 100 (Inputs: SRC_EVR_2021_operating_income, SRC_EVR_2021_net_revenue)"
Evercore Inc.,EVR,2021,2021-12-31,cash,Cash and cash equivalents,SEC_FORM_10K,2022-02-24,0001360901-22-000005,https://www.sec.gov/ix?doc=/Archives/edgar/data/0001360901/000136090122000005/evr-20211231.htm,Item 8. Financial Statements,Consolidated Statements of Financial Condition,Item 7 / Item 8,us-gaap:CashAndCashEquivalentsAtCarryingValue,SRC_EVR_2021_cash,DIRECTLY_REPORTED,SUB_PANEL,Liquid cash cushion held by advisory boutiques.
Evercore Inc.,EVR,2021,2021-12-31,debt,Notes payable / Long-term debt (0 reported),SEC_FORM_10K,2022-02-24,0001360901-22-000005,https://www.sec.gov/ix?doc=/Archives/edgar/data/0001360901/000136090122000005/evr-20211231.htm,Item 8. Financial Statements,Consolidated Statements of Financial Condition,Item 7 / Item 8,us-gaap:LongTermDebtNoncurrent,SRC_EVR_2021_debt,DIRECTLY_REPORTED,SUB_PANEL,Carrying value of funded long-term debt / senior borrowings.
Evercore Inc.,EVR,2021,2021-12-31,net_cash_or_net_debt,Net cash / (net debt),SEC_FORM_10K,2022-02-24,0001360901-22-000005,https://www.sec.gov/ix?doc=/Archives/edgar/data/0001360901/000136090122000005/evr-20211231.htm,Item 8. Financial Statements (Derived),Derived from Consolidated Statements of Financial Condition,Item 7 / Item 8,,SRC_EVR_2021_net_cash_or_net_debt,DERIVED,SUB_PANEL,"Derived: cash - debt (Inputs: SRC_EVR_2021_cash, SRC_EVR_2021_debt)"
Evercore Inc.,EVR,2021,2021-12-31,technology_or_business_investment_if_available,Communications and information services,SEC_FORM_10K,2022-02-24,0001360901-22-000005,https://www.sec.gov/ix?doc=/Archives/edgar/data/0001360901/000136090122000005/evr-20211231.htm,Item 8. Financial Statements / Notes,Non-Compensation Expenses Footnote,Item 7 / Item 8,us-gaap:CommunicationsAndInformationTechnology,SRC_EVR_2021_technology_or_business_investment_if_available,DIRECTLY_REPORTED,PARTIAL,High-risk variable: operating IT/data feed expenses. Quarantined from cross-firm pooling.
Evercore Inc.,EVR,2022,2022-12-31,net_revenue,"Total revenues, net of interest expense",SEC_FORM_10K,2023-02-24,0001360901-23-000005,https://www.sec.gov/ix?doc=/Archives/edgar/data/0001360901/000136090123000005/evr-20221231.htm,Item 8. Financial Statements,Consolidated Statements of Earnings / Operations / Income,Item 7 / Item 8,us-gaap:RevenuesNetOfInterestExpense,SRC_EVR_2022_net_revenue,DIRECTLY_REPORTED,DIRECT,Primary GAAP revenue line from Consolidated Statements of Earnings/Operations.
Evercore Inc.,EVR,2022,2022-12-31,investment_banking_revenue,Investment Banking,SEC_FORM_10K,2023-02-24,0001360901-23-000005,https://www.sec.gov/ix?doc=/Archives/edgar/data/0001360901/000136090123000005/evr-20221231.htm,Item 8. Financial Statements / Notes,Segment Reporting / Consolidated Statements of Earnings,Item 7 / Item 8,us-gaap:InvestmentBankingRevenue,SRC_EVR_2022_investment_banking_revenue,DIRECTLY_REPORTED,DIRECT,Gross investment banking / advisory and underwriting fees.
Evercore Inc.,EVR,2022,2022-12-31,dividends_paid,Dividends and non-controlling interest distributions paid,SEC_FORM_10K,2023-02-24,0001360901-23-000005,https://www.sec.gov/ix?doc=/Archives/edgar/data/0001360901/000136090123000005/evr-20221231.htm,Item 8. Financial Statements,Consolidated Statements of Cash Flows,Item 7 / Item 8,us-gaap:PaymentsOfDividendsCommonStock,SRC_EVR_2022_dividends_paid,DIRECTLY_REPORTED,DIRECT,Audited cash outflow from Financing Activities in Consolidated Statement of Cash Flows.
Evercore Inc.,EVR,2022,2022-12-31,share_repurchases,Treasury stock acquired and Class A common stock repurchased,SEC_FORM_10K,2023-02-24,0001360901-23-000005,https://www.sec.gov/ix?doc=/Archives/edgar/data/0001360901/000136090123000005/evr-20221231.htm,Item 8. Financial Statements,Consolidated Statements of Cash Flows,Item 7 / Item 8,us-gaap:PaymentsForRepurchaseOfCommonStock,SRC_EVR_2022_share_repurchases,DIRECTLY_REPORTED,DIRECT,Audited cash payments for equity retirement / treasury stock acquired from Financing Activities.
Evercore Inc.,EVR,2022,2022-12-31,total_cash_returned,Total cash returned (Dividends paid + Share repurchases),SEC_FORM_10K,2023-02-24,0001360901-23-000005,https://www.sec.gov/ix?doc=/Archives/edgar/data/0001360901/000136090123000005/evr-20221231.htm,Item 8. Financial Statements,Consolidated Statements of Cash Flows (Derived),Item 7 / Item 8,Derived: CashFlows,SRC_EVR_2022_total_cash_returned,DERIVED,DIRECT,"Derived: dividends_paid + share_repurchases (Inputs: SRC_EVR_2022_dividends_paid, SRC_EVR_2022_share_repurchases)"
Evercore Inc.,EVR,2022,2022-12-31,roe,N/A (Structurally non-comparable Up-C partnership / depleted equity),SEC_FORM_10K,2023-02-24,0001360901-23-000005,https://www.sec.gov/ix?doc=/Archives/edgar/data/0001360901/000136090123000005/evr-20221231.htm,Item 7. MD&A,N/A,Item 7 / Item 8,,SRC_EVR_2022_roe,STRUCTURALLY_NON_COMPARABLE,STRUCTURALLY_NON_COMPARABLE,"Boutiques operate Up-C partnership structures (EVR, MC) or have legacy equity deficits (LAZ); ROE omitted from 10-K steering metrics."
Evercore Inc.,EVR,2022,2022-12-31,rotce_or_rote,N/A,SEC_FORM_10K,2023-02-24,0001360901-23-000005,https://www.sec.gov/ix?doc=/Archives/edgar/data/0001360901/000136090123000005/evr-20221231.htm,N/A,N/A,Item 7 / Item 8,,SRC_EVR_2022_rotce_or_rote,NOT_APPLICABLE,NOT_APPLICABLE,Boutiques are asset-light and do not manage to or disclose ROTCE/ROTE.
Evercore Inc.,EVR,2022,2022-12-31,efficiency_ratio_or_overhead_ratio,N/A,SEC_FORM_10K,2023-02-24,0001360901-23-000005,https://www.sec.gov/ix?doc=/Archives/edgar/data/0001360901/000136090123000005/evr-20221231.htm,N/A,N/A,Item 7 / Item 8,,SRC_EVR_2022_efficiency_ratio_or_overhead_ratio,NOT_APPLICABLE,NOT_APPLICABLE,Boutiques do not manage to bank efficiency/overhead ratio; they manage to compensation ratio.
Evercore Inc.,EVR,2022,2022-12-31,cet1_standardized,N/A,SEC_FORM_10K,2023-02-24,0001360901-23-000005,https://www.sec.gov/ix?doc=/Archives/edgar/data/0001360901/000136090123000005/evr-20221231.htm,N/A,N/A,Item 7 / Item 8,,SRC_EVR_2022_cet1_standardized,NOT_APPLICABLE,NOT_APPLICABLE,Boutiques are not bank holding companies; Basel III CET1 is not applicable.
Evercore Inc.,EVR,2022,2022-12-31,tier1_leverage_ratio,N/A,SEC_FORM_10K,2023-02-24,0001360901-23-000005,https://www.sec.gov/ix?doc=/Archives/edgar/data/0001360901/000136090123000005/evr-20221231.htm,N/A,N/A,Item 7 / Item 8,,SRC_EVR_2022_tier1_leverage_ratio,NOT_APPLICABLE,NOT_APPLICABLE,Not applicable for non-BHC entities.
Evercore Inc.,EVR,2022,2022-12-31,supplementary_leverage_ratio,N/A,SEC_FORM_10K,2023-02-24,0001360901-23-000005,https://www.sec.gov/ix?doc=/Archives/edgar/data/0001360901/000136090123000005/evr-20221231.htm,N/A,N/A,Item 7 / Item 8,,SRC_EVR_2022_supplementary_leverage_ratio,NOT_APPLICABLE,NOT_APPLICABLE,Not applicable for non-BHC entities.
Evercore Inc.,EVR,2022,2022-12-31,tangible_common_equity,N/A,SEC_FORM_10K,2023-02-24,0001360901-23-000005,https://www.sec.gov/ix?doc=/Archives/edgar/data/0001360901/000136090123000005/evr-20221231.htm,N/A,N/A,Item 7 / Item 8,,SRC_EVR_2022_tangible_common_equity,NOT_APPLICABLE,NOT_APPLICABLE,Not meaningful or tracked for asset-light advisory boutiques.
Evercore Inc.,EVR,2022,2022-12-31,technology_or_business_investment,N/A,SEC_FORM_10K,2023-02-24,0001360901-23-000005,https://www.sec.gov/ix?doc=/Archives/edgar/data/0001360901/000136090123000005/evr-20221231.htm,N/A,N/A,Item 7 / Item 8,,SRC_EVR_2022_technology_or_business_investment,NOT_APPLICABLE,NOT_APPLICABLE,Tracked under advisory-specific technology variable VAR_22 for boutiques.
Evercore Inc.,EVR,2022,2022-12-31,relevant_balance_sheet_measure,N/A,SEC_FORM_10K,2023-02-24,0001360901-23-000005,https://www.sec.gov/ix?doc=/Archives/edgar/data/0001360901/000136090123000005/evr-20221231.htm,N/A,N/A,Item 7 / Item 8,,SRC_EVR_2022_relevant_balance_sheet_measure,NOT_APPLICABLE,NOT_APPLICABLE,Boutique balance sheets are orders of magnitude smaller and asset-light.
Evercore Inc.,EVR,2022,2022-12-31,compensation_expense,Employee compensation and benefits,SEC_FORM_10K,2023-02-24,0001360901-23-000005,https://www.sec.gov/ix?doc=/Archives/edgar/data/0001360901/000136090123000005/evr-20221231.htm,Item 8. Financial Statements,Consolidated Statements of Operations / Earnings,Item 7 / Item 8,us-gaap:LaborAndRelatedExpenses,SRC_EVR_2022_compensation_expense,DIRECTLY_REPORTED,SUB_PANEL,GAAP compensation and benefits expense. Core capital allocation channel in advisory firms.
Evercore Inc.,EVR,2022,2022-12-31,compensation_ratio,Compensation ratio,SEC_FORM_10K,2023-02-24,0001360901-23-000005,https://www.sec.gov/ix?doc=/Archives/edgar/data/0001360901/000136090123000005/evr-20221231.htm,Item 7. MD&A,Results of Operations,Item 7 / Item 8,,SRC_EVR_2022_compensation_ratio,DIRECTLY_REPORTED,SUB_PANEL,"Primary steering metric in boutique advisory firms (Inputs: SRC_EVR_2022_compensation_expense, SRC_EVR_2022_net_revenue)"
Evercore Inc.,EVR,2022,2022-12-31,operating_income,Operating Income,SEC_FORM_10K,2023-02-24,0001360901-23-000005,https://www.sec.gov/ix?doc=/Archives/edgar/data/0001360901/000136090123000005/evr-20221231.htm,Item 8. Financial Statements,Consolidated Statements of Operations,Item 7 / Item 8,us-gaap:OperatingIncomeLoss,SRC_EVR_2022_operating_income,DIRECTLY_REPORTED,SUB_PANEL,Directly reported operating income in boutique 10-K.
Evercore Inc.,EVR,2022,2022-12-31,operating_margin,Operating Margin (Operating Income / Net Revenue),SEC_FORM_10K,2023-02-24,0001360901-23-000005,https://www.sec.gov/ix?doc=/Archives/edgar/data/0001360901/000136090123000005/evr-20221231.htm,Item 8. Financial Statements (Derived),Derived from Statements of Operations,Item 7 / Item 8,,SRC_EVR_2022_operating_margin,DERIVED,SUB_PANEL,"Derived: operating_income / net_revenue * 100 (Inputs: SRC_EVR_2022_operating_income, SRC_EVR_2022_net_revenue)"
Evercore Inc.,EVR,2022,2022-12-31,cash,Cash and cash equivalents,SEC_FORM_10K,2023-02-24,0001360901-23-000005,https://www.sec.gov/ix?doc=/Archives/edgar/data/0001360901/000136090123000005/evr-20221231.htm,Item 8. Financial Statements,Consolidated Statements of Financial Condition,Item 7 / Item 8,us-gaap:CashAndCashEquivalentsAtCarryingValue,SRC_EVR_2022_cash,DIRECTLY_REPORTED,SUB_PANEL,Liquid cash cushion held by advisory boutiques.
Evercore Inc.,EVR,2022,2022-12-31,debt,Notes payable / Long-term debt (0 reported),SEC_FORM_10K,2023-02-24,0001360901-23-000005,https://www.sec.gov/ix?doc=/Archives/edgar/data/0001360901/000136090123000005/evr-20221231.htm,Item 8. Financial Statements,Consolidated Statements of Financial Condition,Item 7 / Item 8,us-gaap:LongTermDebtNoncurrent,SRC_EVR_2022_debt,DIRECTLY_REPORTED,SUB_PANEL,Carrying value of funded long-term debt / senior borrowings.
Evercore Inc.,EVR,2022,2022-12-31,net_cash_or_net_debt,Net cash / (net debt),SEC_FORM_10K,2023-02-24,0001360901-23-000005,https://www.sec.gov/ix?doc=/Archives/edgar/data/0001360901/000136090123000005/evr-20221231.htm,Item 8. Financial Statements (Derived),Derived from Consolidated Statements of Financial Condition,Item 7 / Item 8,,SRC_EVR_2022_net_cash_or_net_debt,DERIVED,SUB_PANEL,"Derived: cash - debt (Inputs: SRC_EVR_2022_cash, SRC_EVR_2022_debt)"
Evercore Inc.,EVR,2022,2022-12-31,technology_or_business_investment_if_available,Communications and information services,SEC_FORM_10K,2023-02-24,0001360901-23-000005,https://www.sec.gov/ix?doc=/Archives/edgar/data/0001360901/000136090123000005/evr-20221231.htm,Item 8. Financial Statements / Notes,Non-Compensation Expenses Footnote,Item 7 / Item 8,us-gaap:CommunicationsAndInformationTechnology,SRC_EVR_2022_technology_or_business_investment_if_available,DIRECTLY_REPORTED,PARTIAL,High-risk variable: operating IT/data feed expenses. Quarantined from cross-firm pooling.
Evercore Inc.,EVR,2023,2023-12-31,net_revenue,"Total revenues, net of interest expense",SEC_FORM_10K,2024-02-22,0001360901-24-000007,https://www.sec.gov/ix?doc=/Archives/edgar/data/0001360901/000136090124000007/evr-20231231.htm,Item 8. Financial Statements,Consolidated Statements of Earnings / Operations / Income,Item 7 / Item 8,us-gaap:RevenuesNetOfInterestExpense,SRC_EVR_2023_net_revenue,DIRECTLY_REPORTED,DIRECT,Primary GAAP revenue line from Consolidated Statements of Earnings/Operations.
Evercore Inc.,EVR,2023,2023-12-31,investment_banking_revenue,Investment Banking,SEC_FORM_10K,2024-02-22,0001360901-24-000007,https://www.sec.gov/ix?doc=/Archives/edgar/data/0001360901/000136090124000007/evr-20231231.htm,Item 8. Financial Statements / Notes,Segment Reporting / Consolidated Statements of Earnings,Item 7 / Item 8,us-gaap:InvestmentBankingRevenue,SRC_EVR_2023_investment_banking_revenue,DIRECTLY_REPORTED,DIRECT,Gross investment banking / advisory and underwriting fees.
Evercore Inc.,EVR,2023,2023-12-31,dividends_paid,Dividends and non-controlling interest distributions paid,SEC_FORM_10K,2024-02-22,0001360901-24-000007,https://www.sec.gov/ix?doc=/Archives/edgar/data/0001360901/000136090124000007/evr-20231231.htm,Item 8. Financial Statements,Consolidated Statements of Cash Flows,Item 7 / Item 8,us-gaap:PaymentsOfDividendsCommonStock,SRC_EVR_2023_dividends_paid,DIRECTLY_REPORTED,DIRECT,Audited cash outflow from Financing Activities in Consolidated Statement of Cash Flows.
Evercore Inc.,EVR,2023,2023-12-31,share_repurchases,Treasury stock acquired and Class A common stock repurchased,SEC_FORM_10K,2024-02-22,0001360901-24-000007,https://www.sec.gov/ix?doc=/Archives/edgar/data/0001360901/000136090124000007/evr-20231231.htm,Item 8. Financial Statements,Consolidated Statements of Cash Flows,Item 7 / Item 8,us-gaap:PaymentsForRepurchaseOfCommonStock,SRC_EVR_2023_share_repurchases,DIRECTLY_REPORTED,DIRECT,Audited cash payments for equity retirement / treasury stock acquired from Financing Activities.
Evercore Inc.,EVR,2023,2023-12-31,total_cash_returned,Total cash returned (Dividends paid + Share repurchases),SEC_FORM_10K,2024-02-22,0001360901-24-000007,https://www.sec.gov/ix?doc=/Archives/edgar/data/0001360901/000136090124000007/evr-20231231.htm,Item 8. Financial Statements,Consolidated Statements of Cash Flows (Derived),Item 7 / Item 8,Derived: CashFlows,SRC_EVR_2023_total_cash_returned,DERIVED,DIRECT,"Derived: dividends_paid + share_repurchases (Inputs: SRC_EVR_2023_dividends_paid, SRC_EVR_2023_share_repurchases)"
Evercore Inc.,EVR,2023,2023-12-31,roe,N/A (Structurally non-comparable Up-C partnership / depleted equity),SEC_FORM_10K,2024-02-22,0001360901-24-000007,https://www.sec.gov/ix?doc=/Archives/edgar/data/0001360901/000136090124000007/evr-20231231.htm,Item 7. MD&A,N/A,Item 7 / Item 8,,SRC_EVR_2023_roe,STRUCTURALLY_NON_COMPARABLE,STRUCTURALLY_NON_COMPARABLE,"Boutiques operate Up-C partnership structures (EVR, MC) or have legacy equity deficits (LAZ); ROE omitted from 10-K steering metrics."
Evercore Inc.,EVR,2023,2023-12-31,rotce_or_rote,N/A,SEC_FORM_10K,2024-02-22,0001360901-24-000007,https://www.sec.gov/ix?doc=/Archives/edgar/data/0001360901/000136090124000007/evr-20231231.htm,N/A,N/A,Item 7 / Item 8,,SRC_EVR_2023_rotce_or_rote,NOT_APPLICABLE,NOT_APPLICABLE,Boutiques are asset-light and do not manage to or disclose ROTCE/ROTE.
Evercore Inc.,EVR,2023,2023-12-31,efficiency_ratio_or_overhead_ratio,N/A,SEC_FORM_10K,2024-02-22,0001360901-24-000007,https://www.sec.gov/ix?doc=/Archives/edgar/data/0001360901/000136090124000007/evr-20231231.htm,N/A,N/A,Item 7 / Item 8,,SRC_EVR_2023_efficiency_ratio_or_overhead_ratio,NOT_APPLICABLE,NOT_APPLICABLE,Boutiques do not manage to bank efficiency/overhead ratio; they manage to compensation ratio.
Evercore Inc.,EVR,2023,2023-12-31,cet1_standardized,N/A,SEC_FORM_10K,2024-02-22,0001360901-24-000007,https://www.sec.gov/ix?doc=/Archives/edgar/data/0001360901/000136090124000007/evr-20231231.htm,N/A,N/A,Item 7 / Item 8,,SRC_EVR_2023_cet1_standardized,NOT_APPLICABLE,NOT_APPLICABLE,Boutiques are not bank holding companies; Basel III CET1 is not applicable.
Evercore Inc.,EVR,2023,2023-12-31,tier1_leverage_ratio,N/A,SEC_FORM_10K,2024-02-22,0001360901-24-000007,https://www.sec.gov/ix?doc=/Archives/edgar/data/0001360901/000136090124000007/evr-20231231.htm,N/A,N/A,Item 7 / Item 8,,SRC_EVR_2023_tier1_leverage_ratio,NOT_APPLICABLE,NOT_APPLICABLE,Not applicable for non-BHC entities.
Evercore Inc.,EVR,2023,2023-12-31,supplementary_leverage_ratio,N/A,SEC_FORM_10K,2024-02-22,0001360901-24-000007,https://www.sec.gov/ix?doc=/Archives/edgar/data/0001360901/000136090124000007/evr-20231231.htm,N/A,N/A,Item 7 / Item 8,,SRC_EVR_2023_supplementary_leverage_ratio,NOT_APPLICABLE,NOT_APPLICABLE,Not applicable for non-BHC entities.
Evercore Inc.,EVR,2023,2023-12-31,tangible_common_equity,N/A,SEC_FORM_10K,2024-02-22,0001360901-24-000007,https://www.sec.gov/ix?doc=/Archives/edgar/data/0001360901/000136090124000007/evr-20231231.htm,N/A,N/A,Item 7 / Item 8,,SRC_EVR_2023_tangible_common_equity,NOT_APPLICABLE,NOT_APPLICABLE,Not meaningful or tracked for asset-light advisory boutiques.
Evercore Inc.,EVR,2023,2023-12-31,technology_or_business_investment,N/A,SEC_FORM_10K,2024-02-22,0001360901-24-000007,https://www.sec.gov/ix?doc=/Archives/edgar/data/0001360901/000136090124000007/evr-20231231.htm,N/A,N/A,Item 7 / Item 8,,SRC_EVR_2023_technology_or_business_investment,NOT_APPLICABLE,NOT_APPLICABLE,Tracked under advisory-specific technology variable VAR_22 for boutiques.
Evercore Inc.,EVR,2023,2023-12-31,relevant_balance_sheet_measure,N/A,SEC_FORM_10K,2024-02-22,0001360901-24-000007,https://www.sec.gov/ix?doc=/Archives/edgar/data/0001360901/000136090124000007/evr-20231231.htm,N/A,N/A,Item 7 / Item 8,,SRC_EVR_2023_relevant_balance_sheet_measure,NOT_APPLICABLE,NOT_APPLICABLE,Boutique balance sheets are orders of magnitude smaller and asset-light.
Evercore Inc.,EVR,2023,2023-12-31,compensation_expense,Employee compensation and benefits,SEC_FORM_10K,2024-02-22,0001360901-24-000007,https://www.sec.gov/ix?doc=/Archives/edgar/data/0001360901/000136090124000007/evr-20231231.htm,Item 8. Financial Statements,Consolidated Statements of Operations / Earnings,Item 7 / Item 8,us-gaap:LaborAndRelatedExpenses,SRC_EVR_2023_compensation_expense,DIRECTLY_REPORTED,SUB_PANEL,GAAP compensation and benefits expense. Core capital allocation channel in advisory firms.
Evercore Inc.,EVR,2023,2023-12-31,compensation_ratio,Compensation ratio,SEC_FORM_10K,2024-02-22,0001360901-24-000007,https://www.sec.gov/ix?doc=/Archives/edgar/data/0001360901/000136090124000007/evr-20231231.htm,Item 7. MD&A,Results of Operations,Item 7 / Item 8,,SRC_EVR_2023_compensation_ratio,DIRECTLY_REPORTED,SUB_PANEL,"Primary steering metric in boutique advisory firms (Inputs: SRC_EVR_2023_compensation_expense, SRC_EVR_2023_net_revenue)"
Evercore Inc.,EVR,2023,2023-12-31,operating_income,Operating Income,SEC_FORM_10K,2024-02-22,0001360901-24-000007,https://www.sec.gov/ix?doc=/Archives/edgar/data/0001360901/000136090124000007/evr-20231231.htm,Item 8. Financial Statements,Consolidated Statements of Operations,Item 7 / Item 8,us-gaap:OperatingIncomeLoss,SRC_EVR_2023_operating_income,DIRECTLY_REPORTED,SUB_PANEL,Directly reported operating income in boutique 10-K.
Evercore Inc.,EVR,2023,2023-12-31,operating_margin,Operating Margin (Operating Income / Net Revenue),SEC_FORM_10K,2024-02-22,0001360901-24-000007,https://www.sec.gov/ix?doc=/Archives/edgar/data/0001360901/000136090124000007/evr-20231231.htm,Item 8. Financial Statements (Derived),Derived from Statements of Operations,Item 7 / Item 8,,SRC_EVR_2023_operating_margin,DERIVED,SUB_PANEL,"Derived: operating_income / net_revenue * 100 (Inputs: SRC_EVR_2023_operating_income, SRC_EVR_2023_net_revenue)"
Evercore Inc.,EVR,2023,2023-12-31,cash,Cash and cash equivalents,SEC_FORM_10K,2024-02-22,0001360901-24-000007,https://www.sec.gov/ix?doc=/Archives/edgar/data/0001360901/000136090124000007/evr-20231231.htm,Item 8. Financial Statements,Consolidated Statements of Financial Condition,Item 7 / Item 8,us-gaap:CashAndCashEquivalentsAtCarryingValue,SRC_EVR_2023_cash,DIRECTLY_REPORTED,SUB_PANEL,Liquid cash cushion held by advisory boutiques.
Evercore Inc.,EVR,2023,2023-12-31,debt,Notes payable / Long-term debt (0 reported),SEC_FORM_10K,2024-02-22,0001360901-24-000007,https://www.sec.gov/ix?doc=/Archives/edgar/data/0001360901/000136090124000007/evr-20231231.htm,Item 8. Financial Statements,Consolidated Statements of Financial Condition,Item 7 / Item 8,us-gaap:LongTermDebtNoncurrent,SRC_EVR_2023_debt,DIRECTLY_REPORTED,SUB_PANEL,Carrying value of funded long-term debt / senior borrowings.
Evercore Inc.,EVR,2023,2023-12-31,net_cash_or_net_debt,Net cash / (net debt),SEC_FORM_10K,2024-02-22,0001360901-24-000007,https://www.sec.gov/ix?doc=/Archives/edgar/data/0001360901/000136090124000007/evr-20231231.htm,Item 8. Financial Statements (Derived),Derived from Consolidated Statements of Financial Condition,Item 7 / Item 8,,SRC_EVR_2023_net_cash_or_net_debt,DERIVED,SUB_PANEL,"Derived: cash - debt (Inputs: SRC_EVR_2023_cash, SRC_EVR_2023_debt)"
Evercore Inc.,EVR,2023,2023-12-31,technology_or_business_investment_if_available,Communications and information services,SEC_FORM_10K,2024-02-22,0001360901-24-000007,https://www.sec.gov/ix?doc=/Archives/edgar/data/0001360901/000136090124000007/evr-20231231.htm,Item 8. Financial Statements / Notes,Non-Compensation Expenses Footnote,Item 7 / Item 8,us-gaap:CommunicationsAndInformationTechnology,SRC_EVR_2023_technology_or_business_investment_if_available,DIRECTLY_REPORTED,PARTIAL,High-risk variable: operating IT/data feed expenses. Quarantined from cross-firm pooling.
Evercore Inc.,EVR,2024,2024-12-31,net_revenue,"Total revenues, net of interest expense",SEC_FORM_10K,2025-02-21,0001360901-25-000005,https://www.sec.gov/ix?doc=/Archives/edgar/data/0001360901/000136090125000005/evr-20241231.htm,Item 8. Financial Statements,Consolidated Statements of Earnings / Operations / Income,Item 7 / Item 8,us-gaap:RevenuesNetOfInterestExpense,SRC_EVR_2024_net_revenue,DIRECTLY_REPORTED,DIRECT,Primary GAAP revenue line from Consolidated Statements of Earnings/Operations.
Evercore Inc.,EVR,2024,2024-12-31,investment_banking_revenue,Investment Banking,SEC_FORM_10K,2025-02-21,0001360901-25-000005,https://www.sec.gov/ix?doc=/Archives/edgar/data/0001360901/000136090125000005/evr-20241231.htm,Item 8. Financial Statements / Notes,Segment Reporting / Consolidated Statements of Earnings,Item 7 / Item 8,us-gaap:InvestmentBankingRevenue,SRC_EVR_2024_investment_banking_revenue,DIRECTLY_REPORTED,DIRECT,Gross investment banking / advisory and underwriting fees.
Evercore Inc.,EVR,2024,2024-12-31,dividends_paid,Dividends and non-controlling interest distributions paid,SEC_FORM_10K,2025-02-21,0001360901-25-000005,https://www.sec.gov/ix?doc=/Archives/edgar/data/0001360901/000136090125000005/evr-20241231.htm,Item 8. Financial Statements,Consolidated Statements of Cash Flows,Item 7 / Item 8,us-gaap:PaymentsOfDividendsCommonStock,SRC_EVR_2024_dividends_paid,DIRECTLY_REPORTED,DIRECT,Audited cash outflow from Financing Activities in Consolidated Statement of Cash Flows.
Evercore Inc.,EVR,2024,2024-12-31,share_repurchases,Treasury stock acquired and Class A common stock repurchased,SEC_FORM_10K,2025-02-21,0001360901-25-000005,https://www.sec.gov/ix?doc=/Archives/edgar/data/0001360901/000136090125000005/evr-20241231.htm,Item 8. Financial Statements,Consolidated Statements of Cash Flows,Item 7 / Item 8,us-gaap:PaymentsForRepurchaseOfCommonStock,SRC_EVR_2024_share_repurchases,DIRECTLY_REPORTED,DIRECT,Audited cash payments for equity retirement / treasury stock acquired from Financing Activities.
Evercore Inc.,EVR,2024,2024-12-31,total_cash_returned,Total cash returned (Dividends paid + Share repurchases),SEC_FORM_10K,2025-02-21,0001360901-25-000005,https://www.sec.gov/ix?doc=/Archives/edgar/data/0001360901/000136090125000005/evr-20241231.htm,Item 8. Financial Statements,Consolidated Statements of Cash Flows (Derived),Item 7 / Item 8,Derived: CashFlows,SRC_EVR_2024_total_cash_returned,DERIVED,DIRECT,"Derived: dividends_paid + share_repurchases (Inputs: SRC_EVR_2024_dividends_paid, SRC_EVR_2024_share_repurchases)"
Evercore Inc.,EVR,2024,2024-12-31,roe,N/A (Structurally non-comparable Up-C partnership / depleted equity),SEC_FORM_10K,2025-02-21,0001360901-25-000005,https://www.sec.gov/ix?doc=/Archives/edgar/data/0001360901/000136090125000005/evr-20241231.htm,Item 7. MD&A,N/A,Item 7 / Item 8,,SRC_EVR_2024_roe,STRUCTURALLY_NON_COMPARABLE,STRUCTURALLY_NON_COMPARABLE,"Boutiques operate Up-C partnership structures (EVR, MC) or have legacy equity deficits (LAZ); ROE omitted from 10-K steering metrics."
Evercore Inc.,EVR,2024,2024-12-31,rotce_or_rote,N/A,SEC_FORM_10K,2025-02-21,0001360901-25-000005,https://www.sec.gov/ix?doc=/Archives/edgar/data/0001360901/000136090125000005/evr-20241231.htm,N/A,N/A,Item 7 / Item 8,,SRC_EVR_2024_rotce_or_rote,NOT_APPLICABLE,NOT_APPLICABLE,Boutiques are asset-light and do not manage to or disclose ROTCE/ROTE.
Evercore Inc.,EVR,2024,2024-12-31,efficiency_ratio_or_overhead_ratio,N/A,SEC_FORM_10K,2025-02-21,0001360901-25-000005,https://www.sec.gov/ix?doc=/Archives/edgar/data/0001360901/000136090125000005/evr-20241231.htm,N/A,N/A,Item 7 / Item 8,,SRC_EVR_2024_efficiency_ratio_or_overhead_ratio,NOT_APPLICABLE,NOT_APPLICABLE,Boutiques do not manage to bank efficiency/overhead ratio; they manage to compensation ratio.
Evercore Inc.,EVR,2024,2024-12-31,cet1_standardized,N/A,SEC_FORM_10K,2025-02-21,0001360901-25-000005,https://www.sec.gov/ix?doc=/Archives/edgar/data/0001360901/000136090125000005/evr-20241231.htm,N/A,N/A,Item 7 / Item 8,,SRC_EVR_2024_cet1_standardized,NOT_APPLICABLE,NOT_APPLICABLE,Boutiques are not bank holding companies; Basel III CET1 is not applicable.
Evercore Inc.,EVR,2024,2024-12-31,tier1_leverage_ratio,N/A,SEC_FORM_10K,2025-02-21,0001360901-25-000005,https://www.sec.gov/ix?doc=/Archives/edgar/data/0001360901/000136090125000005/evr-20241231.htm,N/A,N/A,Item 7 / Item 8,,SRC_EVR_2024_tier1_leverage_ratio,NOT_APPLICABLE,NOT_APPLICABLE,Not applicable for non-BHC entities.
Evercore Inc.,EVR,2024,2024-12-31,supplementary_leverage_ratio,N/A,SEC_FORM_10K,2025-02-21,0001360901-25-000005,https://www.sec.gov/ix?doc=/Archives/edgar/data/0001360901/000136090125000005/evr-20241231.htm,N/A,N/A,Item 7 / Item 8,,SRC_EVR_2024_supplementary_leverage_ratio,NOT_APPLICABLE,NOT_APPLICABLE,Not applicable for non-BHC entities.
Evercore Inc.,EVR,2024,2024-12-31,tangible_common_equity,N/A,SEC_FORM_10K,2025-02-21,0001360901-25-000005,https://www.sec.gov/ix?doc=/Archives/edgar/data/0001360901/000136090125000005/evr-20241231.htm,N/A,N/A,Item 7 / Item 8,,SRC_EVR_2024_tangible_common_equity,NOT_APPLICABLE,NOT_APPLICABLE,Not meaningful or tracked for asset-light advisory boutiques.
Evercore Inc.,EVR,2024,2024-12-31,technology_or_business_investment,N/A,SEC_FORM_10K,2025-02-21,0001360901-25-000005,https://www.sec.gov/ix?doc=/Archives/edgar/data/0001360901/000136090125000005/evr-20241231.htm,N/A,N/A,Item 7 / Item 8,,SRC_EVR_2024_technology_or_business_investment,NOT_APPLICABLE,NOT_APPLICABLE,Tracked under advisory-specific technology variable VAR_22 for boutiques.
Evercore Inc.,EVR,2024,2024-12-31,relevant_balance_sheet_measure,N/A,SEC_FORM_10K,2025-02-21,0001360901-25-000005,https://www.sec.gov/ix?doc=/Archives/edgar/data/0001360901/000136090125000005/evr-20241231.htm,N/A,N/A,Item 7 / Item 8,,SRC_EVR_2024_relevant_balance_sheet_measure,NOT_APPLICABLE,NOT_APPLICABLE,Boutique balance sheets are orders of magnitude smaller and asset-light.
Evercore Inc.,EVR,2024,2024-12-31,compensation_expense,Employee compensation and benefits,SEC_FORM_10K,2025-02-21,0001360901-25-000005,https://www.sec.gov/ix?doc=/Archives/edgar/data/0001360901/000136090125000005/evr-20241231.htm,Item 8. Financial Statements,Consolidated Statements of Operations / Earnings,Item 7 / Item 8,us-gaap:LaborAndRelatedExpenses,SRC_EVR_2024_compensation_expense,DIRECTLY_REPORTED,SUB_PANEL,GAAP compensation and benefits expense. Core capital allocation channel in advisory firms.
Evercore Inc.,EVR,2024,2024-12-31,compensation_ratio,Compensation ratio,SEC_FORM_10K,2025-02-21,0001360901-25-000005,https://www.sec.gov/ix?doc=/Archives/edgar/data/0001360901/000136090125000005/evr-20241231.htm,Item 7. MD&A,Results of Operations,Item 7 / Item 8,,SRC_EVR_2024_compensation_ratio,DIRECTLY_REPORTED,SUB_PANEL,"Primary steering metric in boutique advisory firms (Inputs: SRC_EVR_2024_compensation_expense, SRC_EVR_2024_net_revenue)"
Evercore Inc.,EVR,2024,2024-12-31,operating_income,Operating Income,SEC_FORM_10K,2025-02-21,0001360901-25-000005,https://www.sec.gov/ix?doc=/Archives/edgar/data/0001360901/000136090125000005/evr-20241231.htm,Item 8. Financial Statements,Consolidated Statements of Operations,Item 7 / Item 8,us-gaap:OperatingIncomeLoss,SRC_EVR_2024_operating_income,DIRECTLY_REPORTED,SUB_PANEL,Directly reported operating income in boutique 10-K.
Evercore Inc.,EVR,2024,2024-12-31,operating_margin,Operating Margin (Operating Income / Net Revenue),SEC_FORM_10K,2025-02-21,0001360901-25-000005,https://www.sec.gov/ix?doc=/Archives/edgar/data/0001360901/000136090125000005/evr-20241231.htm,Item 8. Financial Statements (Derived),Derived from Statements of Operations,Item 7 / Item 8,,SRC_EVR_2024_operating_margin,DERIVED,SUB_PANEL,"Derived: operating_income / net_revenue * 100 (Inputs: SRC_EVR_2024_operating_income, SRC_EVR_2024_net_revenue)"
Evercore Inc.,EVR,2024,2024-12-31,cash,Cash and cash equivalents,SEC_FORM_10K,2025-02-21,0001360901-25-000005,https://www.sec.gov/ix?doc=/Archives/edgar/data/0001360901/000136090125000005/evr-20241231.htm,Item 8. Financial Statements,Consolidated Statements of Financial Condition,Item 7 / Item 8,us-gaap:CashAndCashEquivalentsAtCarryingValue,SRC_EVR_2024_cash,DIRECTLY_REPORTED,SUB_PANEL,Liquid cash cushion held by advisory boutiques.
Evercore Inc.,EVR,2024,2024-12-31,debt,Notes payable / Long-term debt (0 reported),SEC_FORM_10K,2025-02-21,0001360901-25-000005,https://www.sec.gov/ix?doc=/Archives/edgar/data/0001360901/000136090125000005/evr-20241231.htm,Item 8. Financial Statements,Consolidated Statements of Financial Condition,Item 7 / Item 8,us-gaap:LongTermDebtNoncurrent,SRC_EVR_2024_debt,DIRECTLY_REPORTED,SUB_PANEL,Carrying value of funded long-term debt / senior borrowings.
Evercore Inc.,EVR,2024,2024-12-31,net_cash_or_net_debt,Net cash / (net debt),SEC_FORM_10K,2025-02-21,0001360901-25-000005,https://www.sec.gov/ix?doc=/Archives/edgar/data/0001360901/000136090125000005/evr-20241231.htm,Item 8. Financial Statements (Derived),Derived from Consolidated Statements of Financial Condition,Item 7 / Item 8,,SRC_EVR_2024_net_cash_or_net_debt,DERIVED,SUB_PANEL,"Derived: cash - debt (Inputs: SRC_EVR_2024_cash, SRC_EVR_2024_debt)"
Evercore Inc.,EVR,2024,2024-12-31,technology_or_business_investment_if_available,Communications and information services,SEC_FORM_10K,2025-02-21,0001360901-25-000005,https://www.sec.gov/ix?doc=/Archives/edgar/data/0001360901/000136090125000005/evr-20241231.htm,Item 8. Financial Statements / Notes,Non-Compensation Expenses Footnote,Item 7 / Item 8,us-gaap:CommunicationsAndInformationTechnology,SRC_EVR_2024_technology_or_business_investment_if_available,DIRECTLY_REPORTED,PARTIAL,High-risk variable: operating IT/data feed expenses. Quarantined from cross-firm pooling.
"Lazard, Inc.",LAZ,2020,2020-12-31,net_revenue,Net revenues,SEC_FORM_10K,2021-02-26,0001564590-21-009197,https://www.sec.gov/ix?doc=/Archives/edgar/data/0001311370/000156459021009197/laz-10k_20201231.htm,Item 8. Financial Statements,Consolidated Statements of Earnings / Operations / Income,Item 7 / Item 8,us-gaap:RevenuesNetOfInterestExpense,SRC_LAZ_2020_net_revenue,DIRECTLY_REPORTED,DIRECT,Primary GAAP revenue line from Consolidated Statements of Earnings/Operations.
"Lazard, Inc.",LAZ,2020,2020-12-31,investment_banking_revenue,Financial Advisory,SEC_FORM_10K,2021-02-26,0001564590-21-009197,https://www.sec.gov/ix?doc=/Archives/edgar/data/0001311370/000156459021009197/laz-10k_20201231.htm,Item 8. Financial Statements / Notes,Segment Reporting / Consolidated Statements of Earnings,Item 7 / Item 8,us-gaap:InvestmentBankingRevenue,SRC_LAZ_2020_investment_banking_revenue,DIRECTLY_REPORTED,DIRECT,Gross investment banking / advisory and underwriting fees.
"Lazard, Inc.",LAZ,2020,2020-12-31,dividends_paid,Dividends paid,SEC_FORM_10K,2021-02-26,0001564590-21-009197,https://www.sec.gov/ix?doc=/Archives/edgar/data/0001311370/000156459021009197/laz-10k_20201231.htm,Item 8. Financial Statements,Consolidated Statements of Cash Flows,Item 7 / Item 8,us-gaap:PaymentsOfDividends,SRC_LAZ_2020_dividends_paid,DIRECTLY_REPORTED,DIRECT,Audited cash outflow from Financing Activities in Consolidated Statement of Cash Flows.
"Lazard, Inc.",LAZ,2020,2020-12-31,share_repurchases,Repurchases of Class A common stock,SEC_FORM_10K,2021-02-26,0001564590-21-009197,https://www.sec.gov/ix?doc=/Archives/edgar/data/0001311370/000156459021009197/laz-10k_20201231.htm,Item 8. Financial Statements,Consolidated Statements of Cash Flows,Item 7 / Item 8,us-gaap:PaymentsForRepurchaseOfCommonStock,SRC_LAZ_2020_share_repurchases,DIRECTLY_REPORTED,DIRECT,Audited cash payments for equity retirement / treasury stock acquired from Financing Activities.
"Lazard, Inc.",LAZ,2020,2020-12-31,total_cash_returned,Total cash returned (Dividends paid + Share repurchases),SEC_FORM_10K,2021-02-26,0001564590-21-009197,https://www.sec.gov/ix?doc=/Archives/edgar/data/0001311370/000156459021009197/laz-10k_20201231.htm,Item 8. Financial Statements,Consolidated Statements of Cash Flows (Derived),Item 7 / Item 8,Derived: CashFlows,SRC_LAZ_2020_total_cash_returned,DERIVED,DIRECT,"Derived: dividends_paid + share_repurchases (Inputs: SRC_LAZ_2020_dividends_paid, SRC_LAZ_2020_share_repurchases)"
"Lazard, Inc.",LAZ,2020,2020-12-31,roe,N/A (Structurally non-comparable Up-C partnership / depleted equity),SEC_FORM_10K,2021-02-26,0001564590-21-009197,https://www.sec.gov/ix?doc=/Archives/edgar/data/0001311370/000156459021009197/laz-10k_20201231.htm,Item 7. MD&A,N/A,Item 7 / Item 8,,SRC_LAZ_2020_roe,STRUCTURALLY_NON_COMPARABLE,STRUCTURALLY_NON_COMPARABLE,"Boutiques operate Up-C partnership structures (EVR, MC) or have legacy equity deficits (LAZ); ROE omitted from 10-K steering metrics."
"Lazard, Inc.",LAZ,2020,2020-12-31,rotce_or_rote,N/A,SEC_FORM_10K,2021-02-26,0001564590-21-009197,https://www.sec.gov/ix?doc=/Archives/edgar/data/0001311370/000156459021009197/laz-10k_20201231.htm,N/A,N/A,Item 7 / Item 8,,SRC_LAZ_2020_rotce_or_rote,NOT_APPLICABLE,NOT_APPLICABLE,Boutiques are asset-light and do not manage to or disclose ROTCE/ROTE.
"Lazard, Inc.",LAZ,2020,2020-12-31,efficiency_ratio_or_overhead_ratio,N/A,SEC_FORM_10K,2021-02-26,0001564590-21-009197,https://www.sec.gov/ix?doc=/Archives/edgar/data/0001311370/000156459021009197/laz-10k_20201231.htm,N/A,N/A,Item 7 / Item 8,,SRC_LAZ_2020_efficiency_ratio_or_overhead_ratio,NOT_APPLICABLE,NOT_APPLICABLE,Boutiques do not manage to bank efficiency/overhead ratio; they manage to compensation ratio.
"Lazard, Inc.",LAZ,2020,2020-12-31,cet1_standardized,N/A,SEC_FORM_10K,2021-02-26,0001564590-21-009197,https://www.sec.gov/ix?doc=/Archives/edgar/data/0001311370/000156459021009197/laz-10k_20201231.htm,N/A,N/A,Item 7 / Item 8,,SRC_LAZ_2020_cet1_standardized,NOT_APPLICABLE,NOT_APPLICABLE,Boutiques are not bank holding companies; Basel III CET1 is not applicable.
"Lazard, Inc.",LAZ,2020,2020-12-31,tier1_leverage_ratio,N/A,SEC_FORM_10K,2021-02-26,0001564590-21-009197,https://www.sec.gov/ix?doc=/Archives/edgar/data/0001311370/000156459021009197/laz-10k_20201231.htm,N/A,N/A,Item 7 / Item 8,,SRC_LAZ_2020_tier1_leverage_ratio,NOT_APPLICABLE,NOT_APPLICABLE,Not applicable for non-BHC entities.
"Lazard, Inc.",LAZ,2020,2020-12-31,supplementary_leverage_ratio,N/A,SEC_FORM_10K,2021-02-26,0001564590-21-009197,https://www.sec.gov/ix?doc=/Archives/edgar/data/0001311370/000156459021009197/laz-10k_20201231.htm,N/A,N/A,Item 7 / Item 8,,SRC_LAZ_2020_supplementary_leverage_ratio,NOT_APPLICABLE,NOT_APPLICABLE,Not applicable for non-BHC entities.
"Lazard, Inc.",LAZ,2020,2020-12-31,tangible_common_equity,N/A,SEC_FORM_10K,2021-02-26,0001564590-21-009197,https://www.sec.gov/ix?doc=/Archives/edgar/data/0001311370/000156459021009197/laz-10k_20201231.htm,N/A,N/A,Item 7 / Item 8,,SRC_LAZ_2020_tangible_common_equity,NOT_APPLICABLE,NOT_APPLICABLE,Not meaningful or tracked for asset-light advisory boutiques.
"Lazard, Inc.",LAZ,2020,2020-12-31,technology_or_business_investment,N/A,SEC_FORM_10K,2021-02-26,0001564590-21-009197,https://www.sec.gov/ix?doc=/Archives/edgar/data/0001311370/000156459021009197/laz-10k_20201231.htm,N/A,N/A,Item 7 / Item 8,,SRC_LAZ_2020_technology_or_business_investment,NOT_APPLICABLE,NOT_APPLICABLE,Tracked under advisory-specific technology variable VAR_22 for boutiques.
"Lazard, Inc.",LAZ,2020,2020-12-31,relevant_balance_sheet_measure,N/A,SEC_FORM_10K,2021-02-26,0001564590-21-009197,https://www.sec.gov/ix?doc=/Archives/edgar/data/0001311370/000156459021009197/laz-10k_20201231.htm,N/A,N/A,Item 7 / Item 8,,SRC_LAZ_2020_relevant_balance_sheet_measure,NOT_APPLICABLE,NOT_APPLICABLE,Boutique balance sheets are orders of magnitude smaller and asset-light.
"Lazard, Inc.",LAZ,2020,2020-12-31,compensation_expense,Compensation and benefits,SEC_FORM_10K,2021-02-26,0001564590-21-009197,https://www.sec.gov/ix?doc=/Archives/edgar/data/0001311370/000156459021009197/laz-10k_20201231.htm,Item 8. Financial Statements,Consolidated Statements of Operations / Earnings,Item 7 / Item 8,us-gaap:LaborAndRelatedExpenses,SRC_LAZ_2020_compensation_expense,DIRECTLY_REPORTED,SUB_PANEL,GAAP compensation and benefits expense. Core capital allocation channel in advisory firms.
"Lazard, Inc.",LAZ,2020,2020-12-31,compensation_ratio,Compensation ratio,SEC_FORM_10K,2021-02-26,0001564590-21-009197,https://www.sec.gov/ix?doc=/Archives/edgar/data/0001311370/000156459021009197/laz-10k_20201231.htm,Item 7. MD&A,Results of Operations,Item 7 / Item 8,,SRC_LAZ_2020_compensation_ratio,DIRECTLY_REPORTED,SUB_PANEL,"Primary steering metric in boutique advisory firms (Inputs: SRC_LAZ_2020_compensation_expense, SRC_LAZ_2020_net_revenue)"
"Lazard, Inc.",LAZ,2020,2020-12-31,operating_income,Operating Income,SEC_FORM_10K,2021-02-26,0001564590-21-009197,https://www.sec.gov/ix?doc=/Archives/edgar/data/0001311370/000156459021009197/laz-10k_20201231.htm,Item 8. Financial Statements,Consolidated Statements of Operations,Item 7 / Item 8,us-gaap:OperatingIncomeLoss,SRC_LAZ_2020_operating_income,DIRECTLY_REPORTED,SUB_PANEL,Directly reported operating income in boutique 10-K.
"Lazard, Inc.",LAZ,2020,2020-12-31,operating_margin,Operating Margin (Operating Income / Net Revenue),SEC_FORM_10K,2021-02-26,0001564590-21-009197,https://www.sec.gov/ix?doc=/Archives/edgar/data/0001311370/000156459021009197/laz-10k_20201231.htm,Item 8. Financial Statements (Derived),Derived from Statements of Operations,Item 7 / Item 8,,SRC_LAZ_2020_operating_margin,DERIVED,SUB_PANEL,"Derived: operating_income / net_revenue * 100 (Inputs: SRC_LAZ_2020_operating_income, SRC_LAZ_2020_net_revenue)"
"Lazard, Inc.",LAZ,2020,2020-12-31,cash,Cash and cash equivalents,SEC_FORM_10K,2021-02-26,0001564590-21-009197,https://www.sec.gov/ix?doc=/Archives/edgar/data/0001311370/000156459021009197/laz-10k_20201231.htm,Item 8. Financial Statements,Consolidated Statements of Financial Condition,Item 7 / Item 8,us-gaap:CashAndCashEquivalentsAtCarryingValue,SRC_LAZ_2020_cash,DIRECTLY_REPORTED,SUB_PANEL,Liquid cash cushion held by advisory boutiques.
"Lazard, Inc.",LAZ,2020,2020-12-31,debt,Senior notes / Long-term debt,SEC_FORM_10K,2021-02-26,0001564590-21-009197,https://www.sec.gov/ix?doc=/Archives/edgar/data/0001311370/000156459021009197/laz-10k_20201231.htm,Item 8. Financial Statements,Consolidated Statements of Financial Condition,Item 7 / Item 8,us-gaap:LongTermDebtNoncurrent,SRC_LAZ_2020_debt,DIRECTLY_REPORTED,SUB_PANEL,Carrying value of funded long-term debt / senior borrowings.
"Lazard, Inc.",LAZ,2020,2020-12-31,net_cash_or_net_debt,Net cash / (net debt),SEC_FORM_10K,2021-02-26,0001564590-21-009197,https://www.sec.gov/ix?doc=/Archives/edgar/data/0001311370/000156459021009197/laz-10k_20201231.htm,Item 8. Financial Statements (Derived),Derived from Consolidated Statements of Financial Condition,Item 7 / Item 8,,SRC_LAZ_2020_net_cash_or_net_debt,DERIVED,SUB_PANEL,"Derived: cash - debt (Inputs: SRC_LAZ_2020_cash, SRC_LAZ_2020_debt)"
"Lazard, Inc.",LAZ,2020,2020-12-31,technology_or_business_investment_if_available,Information technology and market data,SEC_FORM_10K,2021-02-26,0001564590-21-009197,https://www.sec.gov/ix?doc=/Archives/edgar/data/0001311370/000156459021009197/laz-10k_20201231.htm,Item 8. Financial Statements / Notes,Non-Compensation Expenses Footnote,Item 7 / Item 8,us-gaap:CommunicationsAndInformationTechnology,SRC_LAZ_2020_technology_or_business_investment_if_available,DIRECTLY_REPORTED,PARTIAL,High-risk variable: operating IT/data feed expenses. Quarantined from cross-firm pooling.
"Lazard, Inc.",LAZ,2021,2021-12-31,net_revenue,Net revenues,SEC_FORM_10K,2022-02-28,0001564590-22-007675,https://www.sec.gov/ix?doc=/Archives/edgar/data/0001311370/000156459022007675/laz-10k_20211231.htm,Item 8. Financial Statements,Consolidated Statements of Earnings / Operations / Income,Item 7 / Item 8,us-gaap:RevenuesNetOfInterestExpense,SRC_LAZ_2021_net_revenue,DIRECTLY_REPORTED,DIRECT,Primary GAAP revenue line from Consolidated Statements of Earnings/Operations.
"Lazard, Inc.",LAZ,2021,2021-12-31,investment_banking_revenue,Financial Advisory,SEC_FORM_10K,2022-02-28,0001564590-22-007675,https://www.sec.gov/ix?doc=/Archives/edgar/data/0001311370/000156459022007675/laz-10k_20211231.htm,Item 8. Financial Statements / Notes,Segment Reporting / Consolidated Statements of Earnings,Item 7 / Item 8,us-gaap:InvestmentBankingRevenue,SRC_LAZ_2021_investment_banking_revenue,DIRECTLY_REPORTED,DIRECT,Gross investment banking / advisory and underwriting fees.
"Lazard, Inc.",LAZ,2021,2021-12-31,dividends_paid,Dividends paid,SEC_FORM_10K,2022-02-28,0001564590-22-007675,https://www.sec.gov/ix?doc=/Archives/edgar/data/0001311370/000156459022007675/laz-10k_20211231.htm,Item 8. Financial Statements,Consolidated Statements of Cash Flows,Item 7 / Item 8,us-gaap:PaymentsOfDividends,SRC_LAZ_2021_dividends_paid,DIRECTLY_REPORTED,DIRECT,Audited cash outflow from Financing Activities in Consolidated Statement of Cash Flows.
"Lazard, Inc.",LAZ,2021,2021-12-31,share_repurchases,Repurchases of Class A common stock,SEC_FORM_10K,2022-02-28,0001564590-22-007675,https://www.sec.gov/ix?doc=/Archives/edgar/data/0001311370/000156459022007675/laz-10k_20211231.htm,Item 8. Financial Statements,Consolidated Statements of Cash Flows,Item 7 / Item 8,us-gaap:PaymentsForRepurchaseOfCommonStock,SRC_LAZ_2021_share_repurchases,DIRECTLY_REPORTED,DIRECT,Audited cash payments for equity retirement / treasury stock acquired from Financing Activities.
"Lazard, Inc.",LAZ,2021,2021-12-31,total_cash_returned,Total cash returned (Dividends paid + Share repurchases),SEC_FORM_10K,2022-02-28,0001564590-22-007675,https://www.sec.gov/ix?doc=/Archives/edgar/data/0001311370/000156459022007675/laz-10k_20211231.htm,Item 8. Financial Statements,Consolidated Statements of Cash Flows (Derived),Item 7 / Item 8,Derived: CashFlows,SRC_LAZ_2021_total_cash_returned,DERIVED,DIRECT,"Derived: dividends_paid + share_repurchases (Inputs: SRC_LAZ_2021_dividends_paid, SRC_LAZ_2021_share_repurchases)"
"Lazard, Inc.",LAZ,2021,2021-12-31,roe,N/A (Structurally non-comparable Up-C partnership / depleted equity),SEC_FORM_10K,2022-02-28,0001564590-22-007675,https://www.sec.gov/ix?doc=/Archives/edgar/data/0001311370/000156459022007675/laz-10k_20211231.htm,Item 7. MD&A,N/A,Item 7 / Item 8,,SRC_LAZ_2021_roe,STRUCTURALLY_NON_COMPARABLE,STRUCTURALLY_NON_COMPARABLE,"Boutiques operate Up-C partnership structures (EVR, MC) or have legacy equity deficits (LAZ); ROE omitted from 10-K steering metrics."
"Lazard, Inc.",LAZ,2021,2021-12-31,rotce_or_rote,N/A,SEC_FORM_10K,2022-02-28,0001564590-22-007675,https://www.sec.gov/ix?doc=/Archives/edgar/data/0001311370/000156459022007675/laz-10k_20211231.htm,N/A,N/A,Item 7 / Item 8,,SRC_LAZ_2021_rotce_or_rote,NOT_APPLICABLE,NOT_APPLICABLE,Boutiques are asset-light and do not manage to or disclose ROTCE/ROTE.
"Lazard, Inc.",LAZ,2021,2021-12-31,efficiency_ratio_or_overhead_ratio,N/A,SEC_FORM_10K,2022-02-28,0001564590-22-007675,https://www.sec.gov/ix?doc=/Archives/edgar/data/0001311370/000156459022007675/laz-10k_20211231.htm,N/A,N/A,Item 7 / Item 8,,SRC_LAZ_2021_efficiency_ratio_or_overhead_ratio,NOT_APPLICABLE,NOT_APPLICABLE,Boutiques do not manage to bank efficiency/overhead ratio; they manage to compensation ratio.
"Lazard, Inc.",LAZ,2021,2021-12-31,cet1_standardized,N/A,SEC_FORM_10K,2022-02-28,0001564590-22-007675,https://www.sec.gov/ix?doc=/Archives/edgar/data/0001311370/000156459022007675/laz-10k_20211231.htm,N/A,N/A,Item 7 / Item 8,,SRC_LAZ_2021_cet1_standardized,NOT_APPLICABLE,NOT_APPLICABLE,Boutiques are not bank holding companies; Basel III CET1 is not applicable.
"Lazard, Inc.",LAZ,2021,2021-12-31,tier1_leverage_ratio,N/A,SEC_FORM_10K,2022-02-28,0001564590-22-007675,https://www.sec.gov/ix?doc=/Archives/edgar/data/0001311370/000156459022007675/laz-10k_20211231.htm,N/A,N/A,Item 7 / Item 8,,SRC_LAZ_2021_tier1_leverage_ratio,NOT_APPLICABLE,NOT_APPLICABLE,Not applicable for non-BHC entities.
"Lazard, Inc.",LAZ,2021,2021-12-31,supplementary_leverage_ratio,N/A,SEC_FORM_10K,2022-02-28,0001564590-22-007675,https://www.sec.gov/ix?doc=/Archives/edgar/data/0001311370/000156459022007675/laz-10k_20211231.htm,N/A,N/A,Item 7 / Item 8,,SRC_LAZ_2021_supplementary_leverage_ratio,NOT_APPLICABLE,NOT_APPLICABLE,Not applicable for non-BHC entities.
"Lazard, Inc.",LAZ,2021,2021-12-31,tangible_common_equity,N/A,SEC_FORM_10K,2022-02-28,0001564590-22-007675,https://www.sec.gov/ix?doc=/Archives/edgar/data/0001311370/000156459022007675/laz-10k_20211231.htm,N/A,N/A,Item 7 / Item 8,,SRC_LAZ_2021_tangible_common_equity,NOT_APPLICABLE,NOT_APPLICABLE,Not meaningful or tracked for asset-light advisory boutiques.
"Lazard, Inc.",LAZ,2021,2021-12-31,technology_or_business_investment,N/A,SEC_FORM_10K,2022-02-28,0001564590-22-007675,https://www.sec.gov/ix?doc=/Archives/edgar/data/0001311370/000156459022007675/laz-10k_20211231.htm,N/A,N/A,Item 7 / Item 8,,SRC_LAZ_2021_technology_or_business_investment,NOT_APPLICABLE,NOT_APPLICABLE,Tracked under advisory-specific technology variable VAR_22 for boutiques.
"Lazard, Inc.",LAZ,2021,2021-12-31,relevant_balance_sheet_measure,N/A,SEC_FORM_10K,2022-02-28,0001564590-22-007675,https://www.sec.gov/ix?doc=/Archives/edgar/data/0001311370/000156459022007675/laz-10k_20211231.htm,N/A,N/A,Item 7 / Item 8,,SRC_LAZ_2021_relevant_balance_sheet_measure,NOT_APPLICABLE,NOT_APPLICABLE,Boutique balance sheets are orders of magnitude smaller and asset-light.
"Lazard, Inc.",LAZ,2021,2021-12-31,compensation_expense,Compensation and benefits,SEC_FORM_10K,2022-02-28,0001564590-22-007675,https://www.sec.gov/ix?doc=/Archives/edgar/data/0001311370/000156459022007675/laz-10k_20211231.htm,Item 8. Financial Statements,Consolidated Statements of Operations / Earnings,Item 7 / Item 8,us-gaap:LaborAndRelatedExpenses,SRC_LAZ_2021_compensation_expense,DIRECTLY_REPORTED,SUB_PANEL,GAAP compensation and benefits expense. Core capital allocation channel in advisory firms.
"Lazard, Inc.",LAZ,2021,2021-12-31,compensation_ratio,Compensation ratio,SEC_FORM_10K,2022-02-28,0001564590-22-007675,https://www.sec.gov/ix?doc=/Archives/edgar/data/0001311370/000156459022007675/laz-10k_20211231.htm,Item 7. MD&A,Results of Operations,Item 7 / Item 8,,SRC_LAZ_2021_compensation_ratio,DIRECTLY_REPORTED,SUB_PANEL,"Primary steering metric in boutique advisory firms (Inputs: SRC_LAZ_2021_compensation_expense, SRC_LAZ_2021_net_revenue)"
"Lazard, Inc.",LAZ,2021,2021-12-31,operating_income,Operating Income,SEC_FORM_10K,2022-02-28,0001564590-22-007675,https://www.sec.gov/ix?doc=/Archives/edgar/data/0001311370/000156459022007675/laz-10k_20211231.htm,Item 8. Financial Statements,Consolidated Statements of Operations,Item 7 / Item 8,us-gaap:OperatingIncomeLoss,SRC_LAZ_2021_operating_income,DIRECTLY_REPORTED,SUB_PANEL,Directly reported operating income in boutique 10-K.
"Lazard, Inc.",LAZ,2021,2021-12-31,operating_margin,Operating Margin (Operating Income / Net Revenue),SEC_FORM_10K,2022-02-28,0001564590-22-007675,https://www.sec.gov/ix?doc=/Archives/edgar/data/0001311370/000156459022007675/laz-10k_20211231.htm,Item 8. Financial Statements (Derived),Derived from Statements of Operations,Item 7 / Item 8,,SRC_LAZ_2021_operating_margin,DERIVED,SUB_PANEL,"Derived: operating_income / net_revenue * 100 (Inputs: SRC_LAZ_2021_operating_income, SRC_LAZ_2021_net_revenue)"
"Lazard, Inc.",LAZ,2021,2021-12-31,cash,Cash and cash equivalents,SEC_FORM_10K,2022-02-28,0001564590-22-007675,https://www.sec.gov/ix?doc=/Archives/edgar/data/0001311370/000156459022007675/laz-10k_20211231.htm,Item 8. Financial Statements,Consolidated Statements of Financial Condition,Item 7 / Item 8,us-gaap:CashAndCashEquivalentsAtCarryingValue,SRC_LAZ_2021_cash,DIRECTLY_REPORTED,SUB_PANEL,Liquid cash cushion held by advisory boutiques.
"Lazard, Inc.",LAZ,2021,2021-12-31,debt,Senior notes / Long-term debt,SEC_FORM_10K,2022-02-28,0001564590-22-007675,https://www.sec.gov/ix?doc=/Archives/edgar/data/0001311370/000156459022007675/laz-10k_20211231.htm,Item 8. Financial Statements,Consolidated Statements of Financial Condition,Item 7 / Item 8,us-gaap:LongTermDebtNoncurrent,SRC_LAZ_2021_debt,DIRECTLY_REPORTED,SUB_PANEL,Carrying value of funded long-term debt / senior borrowings.
"Lazard, Inc.",LAZ,2021,2021-12-31,net_cash_or_net_debt,Net cash / (net debt),SEC_FORM_10K,2022-02-28,0001564590-22-007675,https://www.sec.gov/ix?doc=/Archives/edgar/data/0001311370/000156459022007675/laz-10k_20211231.htm,Item 8. Financial Statements (Derived),Derived from Consolidated Statements of Financial Condition,Item 7 / Item 8,,SRC_LAZ_2021_net_cash_or_net_debt,DERIVED,SUB_PANEL,"Derived: cash - debt (Inputs: SRC_LAZ_2021_cash, SRC_LAZ_2021_debt)"
"Lazard, Inc.",LAZ,2021,2021-12-31,technology_or_business_investment_if_available,Information technology and market data,SEC_FORM_10K,2022-02-28,0001564590-22-007675,https://www.sec.gov/ix?doc=/Archives/edgar/data/0001311370/000156459022007675/laz-10k_20211231.htm,Item 8. Financial Statements / Notes,Non-Compensation Expenses Footnote,Item 7 / Item 8,us-gaap:CommunicationsAndInformationTechnology,SRC_LAZ_2021_technology_or_business_investment_if_available,DIRECTLY_REPORTED,PARTIAL,High-risk variable: operating IT/data feed expenses. Quarantined from cross-firm pooling.
"Lazard, Inc.",LAZ,2022,2022-12-31,net_revenue,Net revenues,SEC_FORM_10K,2023-02-23,0001564590-23-002334,https://www.sec.gov/ix?doc=/Archives/edgar/data/0001311370/000156459023002334/laz-10k_20221231.htm,Item 8. Financial Statements,Consolidated Statements of Earnings / Operations / Income,Item 7 / Item 8,us-gaap:RevenuesNetOfInterestExpense,SRC_LAZ_2022_net_revenue,DIRECTLY_REPORTED,DIRECT,Primary GAAP revenue line from Consolidated Statements of Earnings/Operations.
"Lazard, Inc.",LAZ,2022,2022-12-31,investment_banking_revenue,Financial Advisory,SEC_FORM_10K,2023-02-23,0001564590-23-002334,https://www.sec.gov/ix?doc=/Archives/edgar/data/0001311370/000156459023002334/laz-10k_20221231.htm,Item 8. Financial Statements / Notes,Segment Reporting / Consolidated Statements of Earnings,Item 7 / Item 8,us-gaap:InvestmentBankingRevenue,SRC_LAZ_2022_investment_banking_revenue,DIRECTLY_REPORTED,DIRECT,Gross investment banking / advisory and underwriting fees.
"Lazard, Inc.",LAZ,2022,2022-12-31,dividends_paid,Dividends paid,SEC_FORM_10K,2023-02-23,0001564590-23-002334,https://www.sec.gov/ix?doc=/Archives/edgar/data/0001311370/000156459023002334/laz-10k_20221231.htm,Item 8. Financial Statements,Consolidated Statements of Cash Flows,Item 7 / Item 8,us-gaap:PaymentsOfDividends,SRC_LAZ_2022_dividends_paid,DIRECTLY_REPORTED,DIRECT,Audited cash outflow from Financing Activities in Consolidated Statement of Cash Flows.
"Lazard, Inc.",LAZ,2022,2022-12-31,share_repurchases,Repurchases of Class A common stock,SEC_FORM_10K,2023-02-23,0001564590-23-002334,https://www.sec.gov/ix?doc=/Archives/edgar/data/0001311370/000156459023002334/laz-10k_20221231.htm,Item 8. Financial Statements,Consolidated Statements of Cash Flows,Item 7 / Item 8,us-gaap:PaymentsForRepurchaseOfCommonStock,SRC_LAZ_2022_share_repurchases,DIRECTLY_REPORTED,DIRECT,Audited cash payments for equity retirement / treasury stock acquired from Financing Activities.
"Lazard, Inc.",LAZ,2022,2022-12-31,total_cash_returned,Total cash returned (Dividends paid + Share repurchases),SEC_FORM_10K,2023-02-23,0001564590-23-002334,https://www.sec.gov/ix?doc=/Archives/edgar/data/0001311370/000156459023002334/laz-10k_20221231.htm,Item 8. Financial Statements,Consolidated Statements of Cash Flows (Derived),Item 7 / Item 8,Derived: CashFlows,SRC_LAZ_2022_total_cash_returned,DERIVED,DIRECT,"Derived: dividends_paid + share_repurchases (Inputs: SRC_LAZ_2022_dividends_paid, SRC_LAZ_2022_share_repurchases)"
"Lazard, Inc.",LAZ,2022,2022-12-31,roe,N/A (Structurally non-comparable Up-C partnership / depleted equity),SEC_FORM_10K,2023-02-23,0001564590-23-002334,https://www.sec.gov/ix?doc=/Archives/edgar/data/0001311370/000156459023002334/laz-10k_20221231.htm,Item 7. MD&A,N/A,Item 7 / Item 8,,SRC_LAZ_2022_roe,STRUCTURALLY_NON_COMPARABLE,STRUCTURALLY_NON_COMPARABLE,"Boutiques operate Up-C partnership structures (EVR, MC) or have legacy equity deficits (LAZ); ROE omitted from 10-K steering metrics."
"Lazard, Inc.",LAZ,2022,2022-12-31,rotce_or_rote,N/A,SEC_FORM_10K,2023-02-23,0001564590-23-002334,https://www.sec.gov/ix?doc=/Archives/edgar/data/0001311370/000156459023002334/laz-10k_20221231.htm,N/A,N/A,Item 7 / Item 8,,SRC_LAZ_2022_rotce_or_rote,NOT_APPLICABLE,NOT_APPLICABLE,Boutiques are asset-light and do not manage to or disclose ROTCE/ROTE.
"Lazard, Inc.",LAZ,2022,2022-12-31,efficiency_ratio_or_overhead_ratio,N/A,SEC_FORM_10K,2023-02-23,0001564590-23-002334,https://www.sec.gov/ix?doc=/Archives/edgar/data/0001311370/000156459023002334/laz-10k_20221231.htm,N/A,N/A,Item 7 / Item 8,,SRC_LAZ_2022_efficiency_ratio_or_overhead_ratio,NOT_APPLICABLE,NOT_APPLICABLE,Boutiques do not manage to bank efficiency/overhead ratio; they manage to compensation ratio.
"Lazard, Inc.",LAZ,2022,2022-12-31,cet1_standardized,N/A,SEC_FORM_10K,2023-02-23,0001564590-23-002334,https://www.sec.gov/ix?doc=/Archives/edgar/data/0001311370/000156459023002334/laz-10k_20221231.htm,N/A,N/A,Item 7 / Item 8,,SRC_LAZ_2022_cet1_standardized,NOT_APPLICABLE,NOT_APPLICABLE,Boutiques are not bank holding companies; Basel III CET1 is not applicable.
"Lazard, Inc.",LAZ,2022,2022-12-31,tier1_leverage_ratio,N/A,SEC_FORM_10K,2023-02-23,0001564590-23-002334,https://www.sec.gov/ix?doc=/Archives/edgar/data/0001311370/000156459023002334/laz-10k_20221231.htm,N/A,N/A,Item 7 / Item 8,,SRC_LAZ_2022_tier1_leverage_ratio,NOT_APPLICABLE,NOT_APPLICABLE,Not applicable for non-BHC entities.
"Lazard, Inc.",LAZ,2022,2022-12-31,supplementary_leverage_ratio,N/A,SEC_FORM_10K,2023-02-23,0001564590-23-002334,https://www.sec.gov/ix?doc=/Archives/edgar/data/0001311370/000156459023002334/laz-10k_20221231.htm,N/A,N/A,Item 7 / Item 8,,SRC_LAZ_2022_supplementary_leverage_ratio,NOT_APPLICABLE,NOT_APPLICABLE,Not applicable for non-BHC entities.
"Lazard, Inc.",LAZ,2022,2022-12-31,tangible_common_equity,N/A,SEC_FORM_10K,2023-02-23,0001564590-23-002334,https://www.sec.gov/ix?doc=/Archives/edgar/data/0001311370/000156459023002334/laz-10k_20221231.htm,N/A,N/A,Item 7 / Item 8,,SRC_LAZ_2022_tangible_common_equity,NOT_APPLICABLE,NOT_APPLICABLE,Not meaningful or tracked for asset-light advisory boutiques.
"Lazard, Inc.",LAZ,2022,2022-12-31,technology_or_business_investment,N/A,SEC_FORM_10K,2023-02-23,0001564590-23-002334,https://www.sec.gov/ix?doc=/Archives/edgar/data/0001311370/000156459023002334/laz-10k_20221231.htm,N/A,N/A,Item 7 / Item 8,,SRC_LAZ_2022_technology_or_business_investment,NOT_APPLICABLE,NOT_APPLICABLE,Tracked under advisory-specific technology variable VAR_22 for boutiques.
"Lazard, Inc.",LAZ,2022,2022-12-31,relevant_balance_sheet_measure,N/A,SEC_FORM_10K,2023-02-23,0001564590-23-002334,https://www.sec.gov/ix?doc=/Archives/edgar/data/0001311370/000156459023002334/laz-10k_20221231.htm,N/A,N/A,Item 7 / Item 8,,SRC_LAZ_2022_relevant_balance_sheet_measure,NOT_APPLICABLE,NOT_APPLICABLE,Boutique balance sheets are orders of magnitude smaller and asset-light.
"Lazard, Inc.",LAZ,2022,2022-12-31,compensation_expense,Compensation and benefits,SEC_FORM_10K,2023-02-23,0001564590-23-002334,https://www.sec.gov/ix?doc=/Archives/edgar/data/0001311370/000156459023002334/laz-10k_20221231.htm,Item 8. Financial Statements,Consolidated Statements of Operations / Earnings,Item 7 / Item 8,us-gaap:LaborAndRelatedExpenses,SRC_LAZ_2022_compensation_expense,DIRECTLY_REPORTED,SUB_PANEL,GAAP compensation and benefits expense. Core capital allocation channel in advisory firms.
"Lazard, Inc.",LAZ,2022,2022-12-31,compensation_ratio,Compensation ratio,SEC_FORM_10K,2023-02-23,0001564590-23-002334,https://www.sec.gov/ix?doc=/Archives/edgar/data/0001311370/000156459023002334/laz-10k_20221231.htm,Item 7. MD&A,Results of Operations,Item 7 / Item 8,,SRC_LAZ_2022_compensation_ratio,DIRECTLY_REPORTED,SUB_PANEL,"Primary steering metric in boutique advisory firms (Inputs: SRC_LAZ_2022_compensation_expense, SRC_LAZ_2022_net_revenue)"
"Lazard, Inc.",LAZ,2022,2022-12-31,operating_income,Operating Income,SEC_FORM_10K,2023-02-23,0001564590-23-002334,https://www.sec.gov/ix?doc=/Archives/edgar/data/0001311370/000156459023002334/laz-10k_20221231.htm,Item 8. Financial Statements,Consolidated Statements of Operations,Item 7 / Item 8,us-gaap:OperatingIncomeLoss,SRC_LAZ_2022_operating_income,DIRECTLY_REPORTED,SUB_PANEL,Directly reported operating income in boutique 10-K.
"Lazard, Inc.",LAZ,2022,2022-12-31,operating_margin,Operating Margin (Operating Income / Net Revenue),SEC_FORM_10K,2023-02-23,0001564590-23-002334,https://www.sec.gov/ix?doc=/Archives/edgar/data/0001311370/000156459023002334/laz-10k_20221231.htm,Item 8. Financial Statements (Derived),Derived from Statements of Operations,Item 7 / Item 8,,SRC_LAZ_2022_operating_margin,DERIVED,SUB_PANEL,"Derived: operating_income / net_revenue * 100 (Inputs: SRC_LAZ_2022_operating_income, SRC_LAZ_2022_net_revenue)"
"Lazard, Inc.",LAZ,2022,2022-12-31,cash,Cash and cash equivalents,SEC_FORM_10K,2023-02-23,0001564590-23-002334,https://www.sec.gov/ix?doc=/Archives/edgar/data/0001311370/000156459023002334/laz-10k_20221231.htm,Item 8. Financial Statements,Consolidated Statements of Financial Condition,Item 7 / Item 8,us-gaap:CashAndCashEquivalentsAtCarryingValue,SRC_LAZ_2022_cash,DIRECTLY_REPORTED,SUB_PANEL,Liquid cash cushion held by advisory boutiques.
"Lazard, Inc.",LAZ,2022,2022-12-31,debt,Senior notes / Long-term debt,SEC_FORM_10K,2023-02-23,0001564590-23-002334,https://www.sec.gov/ix?doc=/Archives/edgar/data/0001311370/000156459023002334/laz-10k_20221231.htm,Item 8. Financial Statements,Consolidated Statements of Financial Condition,Item 7 / Item 8,us-gaap:LongTermDebtNoncurrent,SRC_LAZ_2022_debt,DIRECTLY_REPORTED,SUB_PANEL,Carrying value of funded long-term debt / senior borrowings.
"Lazard, Inc.",LAZ,2022,2022-12-31,net_cash_or_net_debt,Net cash / (net debt),SEC_FORM_10K,2023-02-23,0001564590-23-002334,https://www.sec.gov/ix?doc=/Archives/edgar/data/0001311370/000156459023002334/laz-10k_20221231.htm,Item 8. Financial Statements (Derived),Derived from Consolidated Statements of Financial Condition,Item 7 / Item 8,,SRC_LAZ_2022_net_cash_or_net_debt,DERIVED,SUB_PANEL,"Derived: cash - debt (Inputs: SRC_LAZ_2022_cash, SRC_LAZ_2022_debt)"
"Lazard, Inc.",LAZ,2022,2022-12-31,technology_or_business_investment_if_available,Information technology and market data,SEC_FORM_10K,2023-02-23,0001564590-23-002334,https://www.sec.gov/ix?doc=/Archives/edgar/data/0001311370/000156459023002334/laz-10k_20221231.htm,Item 8. Financial Statements / Notes,Non-Compensation Expenses Footnote,Item 7 / Item 8,us-gaap:CommunicationsAndInformationTechnology,SRC_LAZ_2022_technology_or_business_investment_if_available,DIRECTLY_REPORTED,PARTIAL,High-risk variable: operating IT/data feed expenses. Quarantined from cross-firm pooling.
"Lazard, Inc.",LAZ,2023,2023-12-31,net_revenue,Net revenues,SEC_FORM_10K,2024-02-23,0001628280-24-006659,https://www.sec.gov/ix?doc=/Archives/edgar/data/0001311370/000162828024006659/laz-20231231.htm,Item 8. Financial Statements,Consolidated Statements of Earnings / Operations / Income,Item 7 / Item 8,us-gaap:RevenuesNetOfInterestExpense,SRC_LAZ_2023_net_revenue,DIRECTLY_REPORTED,DIRECT,Primary GAAP revenue line from Consolidated Statements of Earnings/Operations.
"Lazard, Inc.",LAZ,2023,2023-12-31,investment_banking_revenue,Financial Advisory,SEC_FORM_10K,2024-02-23,0001628280-24-006659,https://www.sec.gov/ix?doc=/Archives/edgar/data/0001311370/000162828024006659/laz-20231231.htm,Item 8. Financial Statements / Notes,Segment Reporting / Consolidated Statements of Earnings,Item 7 / Item 8,us-gaap:InvestmentBankingRevenue,SRC_LAZ_2023_investment_banking_revenue,DIRECTLY_REPORTED,DIRECT,Gross investment banking / advisory and underwriting fees.
"Lazard, Inc.",LAZ,2023,2023-12-31,dividends_paid,Dividends paid,SEC_FORM_10K,2024-02-23,0001628280-24-006659,https://www.sec.gov/ix?doc=/Archives/edgar/data/0001311370/000162828024006659/laz-20231231.htm,Item 8. Financial Statements,Consolidated Statements of Cash Flows,Item 7 / Item 8,us-gaap:PaymentsOfDividends,SRC_LAZ_2023_dividends_paid,DIRECTLY_REPORTED,DIRECT,Audited cash outflow from Financing Activities in Consolidated Statement of Cash Flows.
"Lazard, Inc.",LAZ,2023,2023-12-31,share_repurchases,Repurchases of Class A common stock,SEC_FORM_10K,2024-02-23,0001628280-24-006659,https://www.sec.gov/ix?doc=/Archives/edgar/data/0001311370/000162828024006659/laz-20231231.htm,Item 8. Financial Statements,Consolidated Statements of Cash Flows,Item 7 / Item 8,us-gaap:PaymentsForRepurchaseOfCommonStock,SRC_LAZ_2023_share_repurchases,DIRECTLY_REPORTED,DIRECT,Audited cash payments for equity retirement / treasury stock acquired from Financing Activities.
"Lazard, Inc.",LAZ,2023,2023-12-31,total_cash_returned,Total cash returned (Dividends paid + Share repurchases),SEC_FORM_10K,2024-02-23,0001628280-24-006659,https://www.sec.gov/ix?doc=/Archives/edgar/data/0001311370/000162828024006659/laz-20231231.htm,Item 8. Financial Statements,Consolidated Statements of Cash Flows (Derived),Item 7 / Item 8,Derived: CashFlows,SRC_LAZ_2023_total_cash_returned,DERIVED,DIRECT,"Derived: dividends_paid + share_repurchases (Inputs: SRC_LAZ_2023_dividends_paid, SRC_LAZ_2023_share_repurchases)"
"Lazard, Inc.",LAZ,2023,2023-12-31,roe,N/A (Structurally non-comparable Up-C partnership / depleted equity),SEC_FORM_10K,2024-02-23,0001628280-24-006659,https://www.sec.gov/ix?doc=/Archives/edgar/data/0001311370/000162828024006659/laz-20231231.htm,Item 7. MD&A,N/A,Item 7 / Item 8,,SRC_LAZ_2023_roe,STRUCTURALLY_NON_COMPARABLE,STRUCTURALLY_NON_COMPARABLE,"Boutiques operate Up-C partnership structures (EVR, MC) or have legacy equity deficits (LAZ); ROE omitted from 10-K steering metrics."
"Lazard, Inc.",LAZ,2023,2023-12-31,rotce_or_rote,N/A,SEC_FORM_10K,2024-02-23,0001628280-24-006659,https://www.sec.gov/ix?doc=/Archives/edgar/data/0001311370/000162828024006659/laz-20231231.htm,N/A,N/A,Item 7 / Item 8,,SRC_LAZ_2023_rotce_or_rote,NOT_APPLICABLE,NOT_APPLICABLE,Boutiques are asset-light and do not manage to or disclose ROTCE/ROTE.
"Lazard, Inc.",LAZ,2023,2023-12-31,efficiency_ratio_or_overhead_ratio,N/A,SEC_FORM_10K,2024-02-23,0001628280-24-006659,https://www.sec.gov/ix?doc=/Archives/edgar/data/0001311370/000162828024006659/laz-20231231.htm,N/A,N/A,Item 7 / Item 8,,SRC_LAZ_2023_efficiency_ratio_or_overhead_ratio,NOT_APPLICABLE,NOT_APPLICABLE,Boutiques do not manage to bank efficiency/overhead ratio; they manage to compensation ratio.
"Lazard, Inc.",LAZ,2023,2023-12-31,cet1_standardized,N/A,SEC_FORM_10K,2024-02-23,0001628280-24-006659,https://www.sec.gov/ix?doc=/Archives/edgar/data/0001311370/000162828024006659/laz-20231231.htm,N/A,N/A,Item 7 / Item 8,,SRC_LAZ_2023_cet1_standardized,NOT_APPLICABLE,NOT_APPLICABLE,Boutiques are not bank holding companies; Basel III CET1 is not applicable.
"Lazard, Inc.",LAZ,2023,2023-12-31,tier1_leverage_ratio,N/A,SEC_FORM_10K,2024-02-23,0001628280-24-006659,https://www.sec.gov/ix?doc=/Archives/edgar/data/0001311370/000162828024006659/laz-20231231.htm,N/A,N/A,Item 7 / Item 8,,SRC_LAZ_2023_tier1_leverage_ratio,NOT_APPLICABLE,NOT_APPLICABLE,Not applicable for non-BHC entities.
"Lazard, Inc.",LAZ,2023,2023-12-31,supplementary_leverage_ratio,N/A,SEC_FORM_10K,2024-02-23,0001628280-24-006659,https://www.sec.gov/ix?doc=/Archives/edgar/data/0001311370/000162828024006659/laz-20231231.htm,N/A,N/A,Item 7 / Item 8,,SRC_LAZ_2023_supplementary_leverage_ratio,NOT_APPLICABLE,NOT_APPLICABLE,Not applicable for non-BHC entities.
"Lazard, Inc.",LAZ,2023,2023-12-31,tangible_common_equity,N/A,SEC_FORM_10K,2024-02-23,0001628280-24-006659,https://www.sec.gov/ix?doc=/Archives/edgar/data/0001311370/000162828024006659/laz-20231231.htm,N/A,N/A,Item 7 / Item 8,,SRC_LAZ_2023_tangible_common_equity,NOT_APPLICABLE,NOT_APPLICABLE,Not meaningful or tracked for asset-light advisory boutiques.
"Lazard, Inc.",LAZ,2023,2023-12-31,technology_or_business_investment,N/A,SEC_FORM_10K,2024-02-23,0001628280-24-006659,https://www.sec.gov/ix?doc=/Archives/edgar/data/0001311370/000162828024006659/laz-20231231.htm,N/A,N/A,Item 7 / Item 8,,SRC_LAZ_2023_technology_or_business_investment,NOT_APPLICABLE,NOT_APPLICABLE,Tracked under advisory-specific technology variable VAR_22 for boutiques.
"Lazard, Inc.",LAZ,2023,2023-12-31,relevant_balance_sheet_measure,N/A,SEC_FORM_10K,2024-02-23,0001628280-24-006659,https://www.sec.gov/ix?doc=/Archives/edgar/data/0001311370/000162828024006659/laz-20231231.htm,N/A,N/A,Item 7 / Item 8,,SRC_LAZ_2023_relevant_balance_sheet_measure,NOT_APPLICABLE,NOT_APPLICABLE,Boutique balance sheets are orders of magnitude smaller and asset-light.
"Lazard, Inc.",LAZ,2023,2023-12-31,compensation_expense,Compensation and benefits,SEC_FORM_10K,2024-02-23,0001628280-24-006659,https://www.sec.gov/ix?doc=/Archives/edgar/data/0001311370/000162828024006659/laz-20231231.htm,Item 8. Financial Statements,Consolidated Statements of Operations / Earnings,Item 7 / Item 8,us-gaap:LaborAndRelatedExpenses,SRC_LAZ_2023_compensation_expense,DIRECTLY_REPORTED,SUB_PANEL,GAAP compensation and benefits expense. Core capital allocation channel in advisory firms.
"Lazard, Inc.",LAZ,2023,2023-12-31,compensation_ratio,Compensation ratio,SEC_FORM_10K,2024-02-23,0001628280-24-006659,https://www.sec.gov/ix?doc=/Archives/edgar/data/0001311370/000162828024006659/laz-20231231.htm,Item 7. MD&A,Results of Operations,Item 7 / Item 8,,SRC_LAZ_2023_compensation_ratio,DIRECTLY_REPORTED,SUB_PANEL,"Primary steering metric in boutique advisory firms (Inputs: SRC_LAZ_2023_compensation_expense, SRC_LAZ_2023_net_revenue)"
"Lazard, Inc.",LAZ,2023,2023-12-31,operating_income,Operating Income,SEC_FORM_10K,2024-02-23,0001628280-24-006659,https://www.sec.gov/ix?doc=/Archives/edgar/data/0001311370/000162828024006659/laz-20231231.htm,Item 8. Financial Statements,Consolidated Statements of Operations,Item 7 / Item 8,us-gaap:OperatingIncomeLoss,SRC_LAZ_2023_operating_income,DIRECTLY_REPORTED,SUB_PANEL,Directly reported operating income in boutique 10-K.
"Lazard, Inc.",LAZ,2023,2023-12-31,operating_margin,Operating Margin (Operating Income / Net Revenue),SEC_FORM_10K,2024-02-23,0001628280-24-006659,https://www.sec.gov/ix?doc=/Archives/edgar/data/0001311370/000162828024006659/laz-20231231.htm,Item 8. Financial Statements (Derived),Derived from Statements of Operations,Item 7 / Item 8,,SRC_LAZ_2023_operating_margin,DERIVED,SUB_PANEL,"Derived: operating_income / net_revenue * 100 (Inputs: SRC_LAZ_2023_operating_income, SRC_LAZ_2023_net_revenue)"
"Lazard, Inc.",LAZ,2023,2023-12-31,cash,Cash and cash equivalents,SEC_FORM_10K,2024-02-23,0001628280-24-006659,https://www.sec.gov/ix?doc=/Archives/edgar/data/0001311370/000162828024006659/laz-20231231.htm,Item 8. Financial Statements,Consolidated Statements of Financial Condition,Item 7 / Item 8,us-gaap:CashAndCashEquivalentsAtCarryingValue,SRC_LAZ_2023_cash,DIRECTLY_REPORTED,SUB_PANEL,Liquid cash cushion held by advisory boutiques.
"Lazard, Inc.",LAZ,2023,2023-12-31,debt,Senior notes / Long-term debt,SEC_FORM_10K,2024-02-23,0001628280-24-006659,https://www.sec.gov/ix?doc=/Archives/edgar/data/0001311370/000162828024006659/laz-20231231.htm,Item 8. Financial Statements,Consolidated Statements of Financial Condition,Item 7 / Item 8,us-gaap:LongTermDebtNoncurrent,SRC_LAZ_2023_debt,DIRECTLY_REPORTED,SUB_PANEL,Carrying value of funded long-term debt / senior borrowings.
"Lazard, Inc.",LAZ,2023,2023-12-31,net_cash_or_net_debt,Net cash / (net debt),SEC_FORM_10K,2024-02-23,0001628280-24-006659,https://www.sec.gov/ix?doc=/Archives/edgar/data/0001311370/000162828024006659/laz-20231231.htm,Item 8. Financial Statements (Derived),Derived from Consolidated Statements of Financial Condition,Item 7 / Item 8,,SRC_LAZ_2023_net_cash_or_net_debt,DERIVED,SUB_PANEL,"Derived: cash - debt (Inputs: SRC_LAZ_2023_cash, SRC_LAZ_2023_debt)"
"Lazard, Inc.",LAZ,2023,2023-12-31,technology_or_business_investment_if_available,Information technology and market data,SEC_FORM_10K,2024-02-23,0001628280-24-006659,https://www.sec.gov/ix?doc=/Archives/edgar/data/0001311370/000162828024006659/laz-20231231.htm,Item 8. Financial Statements / Notes,Non-Compensation Expenses Footnote,Item 7 / Item 8,us-gaap:CommunicationsAndInformationTechnology,SRC_LAZ_2023_technology_or_business_investment_if_available,DIRECTLY_REPORTED,PARTIAL,High-risk variable: operating IT/data feed expenses. Quarantined from cross-firm pooling.
"Lazard, Inc.",LAZ,2024,2024-12-31,net_revenue,Net revenues,SEC_FORM_10K,2025-02-24,0001628280-25-007441,https://www.sec.gov/ix?doc=/Archives/edgar/data/0001311370/000162828025007441/laz-20241231.htm,Item 8. Financial Statements,Consolidated Statements of Earnings / Operations / Income,Item 7 / Item 8,us-gaap:RevenuesNetOfInterestExpense,SRC_LAZ_2024_net_revenue,DIRECTLY_REPORTED,DIRECT,Primary GAAP revenue line from Consolidated Statements of Earnings/Operations.
"Lazard, Inc.",LAZ,2024,2024-12-31,investment_banking_revenue,Financial Advisory,SEC_FORM_10K,2025-02-24,0001628280-25-007441,https://www.sec.gov/ix?doc=/Archives/edgar/data/0001311370/000162828025007441/laz-20241231.htm,Item 8. Financial Statements / Notes,Segment Reporting / Consolidated Statements of Earnings,Item 7 / Item 8,us-gaap:InvestmentBankingRevenue,SRC_LAZ_2024_investment_banking_revenue,DIRECTLY_REPORTED,DIRECT,Gross investment banking / advisory and underwriting fees.
"Lazard, Inc.",LAZ,2024,2024-12-31,dividends_paid,Dividends paid,SEC_FORM_10K,2025-02-24,0001628280-25-007441,https://www.sec.gov/ix?doc=/Archives/edgar/data/0001311370/000162828025007441/laz-20241231.htm,Item 8. Financial Statements,Consolidated Statements of Cash Flows,Item 7 / Item 8,us-gaap:PaymentsOfDividends,SRC_LAZ_2024_dividends_paid,DIRECTLY_REPORTED,DIRECT,Audited cash outflow from Financing Activities in Consolidated Statement of Cash Flows.
"Lazard, Inc.",LAZ,2024,2024-12-31,share_repurchases,Repurchases of Class A common stock,SEC_FORM_10K,2025-02-24,0001628280-25-007441,https://www.sec.gov/ix?doc=/Archives/edgar/data/0001311370/000162828025007441/laz-20241231.htm,Item 8. Financial Statements,Consolidated Statements of Cash Flows,Item 7 / Item 8,us-gaap:PaymentsForRepurchaseOfCommonStock,SRC_LAZ_2024_share_repurchases,DIRECTLY_REPORTED,DIRECT,Audited cash payments for equity retirement / treasury stock acquired from Financing Activities.
"Lazard, Inc.",LAZ,2024,2024-12-31,total_cash_returned,Total cash returned (Dividends paid + Share repurchases),SEC_FORM_10K,2025-02-24,0001628280-25-007441,https://www.sec.gov/ix?doc=/Archives/edgar/data/0001311370/000162828025007441/laz-20241231.htm,Item 8. Financial Statements,Consolidated Statements of Cash Flows (Derived),Item 7 / Item 8,Derived: CashFlows,SRC_LAZ_2024_total_cash_returned,DERIVED,DIRECT,"Derived: dividends_paid + share_repurchases (Inputs: SRC_LAZ_2024_dividends_paid, SRC_LAZ_2024_share_repurchases)"
"Lazard, Inc.",LAZ,2024,2024-12-31,roe,N/A (Structurally non-comparable Up-C partnership / depleted equity),SEC_FORM_10K,2025-02-24,0001628280-25-007441,https://www.sec.gov/ix?doc=/Archives/edgar/data/0001311370/000162828025007441/laz-20241231.htm,Item 7. MD&A,N/A,Item 7 / Item 8,,SRC_LAZ_2024_roe,STRUCTURALLY_NON_COMPARABLE,STRUCTURALLY_NON_COMPARABLE,"Boutiques operate Up-C partnership structures (EVR, MC) or have legacy equity deficits (LAZ); ROE omitted from 10-K steering metrics."
"Lazard, Inc.",LAZ,2024,2024-12-31,rotce_or_rote,N/A,SEC_FORM_10K,2025-02-24,0001628280-25-007441,https://www.sec.gov/ix?doc=/Archives/edgar/data/0001311370/000162828025007441/laz-20241231.htm,N/A,N/A,Item 7 / Item 8,,SRC_LAZ_2024_rotce_or_rote,NOT_APPLICABLE,NOT_APPLICABLE,Boutiques are asset-light and do not manage to or disclose ROTCE/ROTE.
"Lazard, Inc.",LAZ,2024,2024-12-31,efficiency_ratio_or_overhead_ratio,N/A,SEC_FORM_10K,2025-02-24,0001628280-25-007441,https://www.sec.gov/ix?doc=/Archives/edgar/data/0001311370/000162828025007441/laz-20241231.htm,N/A,N/A,Item 7 / Item 8,,SRC_LAZ_2024_efficiency_ratio_or_overhead_ratio,NOT_APPLICABLE,NOT_APPLICABLE,Boutiques do not manage to bank efficiency/overhead ratio; they manage to compensation ratio.
"Lazard, Inc.",LAZ,2024,2024-12-31,cet1_standardized,N/A,SEC_FORM_10K,2025-02-24,0001628280-25-007441,https://www.sec.gov/ix?doc=/Archives/edgar/data/0001311370/000162828025007441/laz-20241231.htm,N/A,N/A,Item 7 / Item 8,,SRC_LAZ_2024_cet1_standardized,NOT_APPLICABLE,NOT_APPLICABLE,Boutiques are not bank holding companies; Basel III CET1 is not applicable.
"Lazard, Inc.",LAZ,2024,2024-12-31,tier1_leverage_ratio,N/A,SEC_FORM_10K,2025-02-24,0001628280-25-007441,https://www.sec.gov/ix?doc=/Archives/edgar/data/0001311370/000162828025007441/laz-20241231.htm,N/A,N/A,Item 7 / Item 8,,SRC_LAZ_2024_tier1_leverage_ratio,NOT_APPLICABLE,NOT_APPLICABLE,Not applicable for non-BHC entities.
"Lazard, Inc.",LAZ,2024,2024-12-31,supplementary_leverage_ratio,N/A,SEC_FORM_10K,2025-02-24,0001628280-25-007441,https://www.sec.gov/ix?doc=/Archives/edgar/data/0001311370/000162828025007441/laz-20241231.htm,N/A,N/A,Item 7 / Item 8,,SRC_LAZ_2024_supplementary_leverage_ratio,NOT_APPLICABLE,NOT_APPLICABLE,Not applicable for non-BHC entities.
"Lazard, Inc.",LAZ,2024,2024-12-31,tangible_common_equity,N/A,SEC_FORM_10K,2025-02-24,0001628280-25-007441,https://www.sec.gov/ix?doc=/Archives/edgar/data/0001311370/000162828025007441/laz-20241231.htm,N/A,N/A,Item 7 / Item 8,,SRC_LAZ_2024_tangible_common_equity,NOT_APPLICABLE,NOT_APPLICABLE,Not meaningful or tracked for asset-light advisory boutiques.
"Lazard, Inc.",LAZ,2024,2024-12-31,technology_or_business_investment,N/A,SEC_FORM_10K,2025-02-24,0001628280-25-007441,https://www.sec.gov/ix?doc=/Archives/edgar/data/0001311370/000162828025007441/laz-20241231.htm,N/A,N/A,Item 7 / Item 8,,SRC_LAZ_2024_technology_or_business_investment,NOT_APPLICABLE,NOT_APPLICABLE,Tracked under advisory-specific technology variable VAR_22 for boutiques.
"Lazard, Inc.",LAZ,2024,2024-12-31,relevant_balance_sheet_measure,N/A,SEC_FORM_10K,2025-02-24,0001628280-25-007441,https://www.sec.gov/ix?doc=/Archives/edgar/data/0001311370/000162828025007441/laz-20241231.htm,N/A,N/A,Item 7 / Item 8,,SRC_LAZ_2024_relevant_balance_sheet_measure,NOT_APPLICABLE,NOT_APPLICABLE,Boutique balance sheets are orders of magnitude smaller and asset-light.
"Lazard, Inc.",LAZ,2024,2024-12-31,compensation_expense,Compensation and benefits,SEC_FORM_10K,2025-02-24,0001628280-25-007441,https://www.sec.gov/ix?doc=/Archives/edgar/data/0001311370/000162828025007441/laz-20241231.htm,Item 8. Financial Statements,Consolidated Statements of Operations / Earnings,Item 7 / Item 8,us-gaap:LaborAndRelatedExpenses,SRC_LAZ_2024_compensation_expense,DIRECTLY_REPORTED,SUB_PANEL,GAAP compensation and benefits expense. Core capital allocation channel in advisory firms.
"Lazard, Inc.",LAZ,2024,2024-12-31,compensation_ratio,Compensation ratio,SEC_FORM_10K,2025-02-24,0001628280-25-007441,https://www.sec.gov/ix?doc=/Archives/edgar/data/0001311370/000162828025007441/laz-20241231.htm,Item 7. MD&A,Results of Operations,Item 7 / Item 8,,SRC_LAZ_2024_compensation_ratio,DIRECTLY_REPORTED,SUB_PANEL,"Primary steering metric in boutique advisory firms (Inputs: SRC_LAZ_2024_compensation_expense, SRC_LAZ_2024_net_revenue)"
"Lazard, Inc.",LAZ,2024,2024-12-31,operating_income,Operating Income,SEC_FORM_10K,2025-02-24,0001628280-25-007441,https://www.sec.gov/ix?doc=/Archives/edgar/data/0001311370/000162828025007441/laz-20241231.htm,Item 8. Financial Statements,Consolidated Statements of Operations,Item 7 / Item 8,us-gaap:OperatingIncomeLoss,SRC_LAZ_2024_operating_income,DIRECTLY_REPORTED,SUB_PANEL,Directly reported operating income in boutique 10-K.
"Lazard, Inc.",LAZ,2024,2024-12-31,operating_margin,Operating Margin (Operating Income / Net Revenue),SEC_FORM_10K,2025-02-24,0001628280-25-007441,https://www.sec.gov/ix?doc=/Archives/edgar/data/0001311370/000162828025007441/laz-20241231.htm,Item 8. Financial Statements (Derived),Derived from Statements of Operations,Item 7 / Item 8,,SRC_LAZ_2024_operating_margin,DERIVED,SUB_PANEL,"Derived: operating_income / net_revenue * 100 (Inputs: SRC_LAZ_2024_operating_income, SRC_LAZ_2024_net_revenue)"
"Lazard, Inc.",LAZ,2024,2024-12-31,cash,Cash and cash equivalents,SEC_FORM_10K,2025-02-24,0001628280-25-007441,https://www.sec.gov/ix?doc=/Archives/edgar/data/0001311370/000162828025007441/laz-20241231.htm,Item 8. Financial Statements,Consolidated Statements of Financial Condition,Item 7 / Item 8,us-gaap:CashAndCashEquivalentsAtCarryingValue,SRC_LAZ_2024_cash,DIRECTLY_REPORTED,SUB_PANEL,Liquid cash cushion held by advisory boutiques.
"Lazard, Inc.",LAZ,2024,2024-12-31,debt,Senior notes / Long-term debt,SEC_FORM_10K,2025-02-24,0001628280-25-007441,https://www.sec.gov/ix?doc=/Archives/edgar/data/0001311370/000162828025007441/laz-20241231.htm,Item 8. Financial Statements,Consolidated Statements of Financial Condition,Item 7 / Item 8,us-gaap:LongTermDebtNoncurrent,SRC_LAZ_2024_debt,DIRECTLY_REPORTED,SUB_PANEL,Carrying value of funded long-term debt / senior borrowings.
"Lazard, Inc.",LAZ,2024,2024-12-31,net_cash_or_net_debt,Net cash / (net debt),SEC_FORM_10K,2025-02-24,0001628280-25-007441,https://www.sec.gov/ix?doc=/Archives/edgar/data/0001311370/000162828025007441/laz-20241231.htm,Item 8. Financial Statements (Derived),Derived from Consolidated Statements of Financial Condition,Item 7 / Item 8,,SRC_LAZ_2024_net_cash_or_net_debt,DERIVED,SUB_PANEL,"Derived: cash - debt (Inputs: SRC_LAZ_2024_cash, SRC_LAZ_2024_debt)"
"Lazard, Inc.",LAZ,2024,2024-12-31,technology_or_business_investment_if_available,Information technology and market data,SEC_FORM_10K,2025-02-24,0001628280-25-007441,https://www.sec.gov/ix?doc=/Archives/edgar/data/0001311370/000162828025007441/laz-20241231.htm,Item 8. Financial Statements / Notes,Non-Compensation Expenses Footnote,Item 7 / Item 8,us-gaap:CommunicationsAndInformationTechnology,SRC_LAZ_2024_technology_or_business_investment_if_available,DIRECTLY_REPORTED,PARTIAL,High-risk variable: operating IT/data feed expenses. Quarantined from cross-firm pooling.
Moelis & Company,MC,2020,2020-12-31,net_revenue,Total revenues,SEC_FORM_10K,2021-02-24,0001564590-21-008170,https://www.sec.gov/ix?doc=/Archives/edgar/data/0001596967/000156459021008170/mc-10k_20201231.htm,Item 8. Financial Statements,Consolidated Statements of Earnings / Operations / Income,Item 7 / Item 8,us-gaap:Revenues,SRC_MC_2020_net_revenue,DIRECTLY_REPORTED,DIRECT,Primary GAAP revenue line from Consolidated Statements of Earnings/Operations.
Moelis & Company,MC,2020,2020-12-31,investment_banking_revenue,Revenues (Advisory and Underwriting),SEC_FORM_10K,2021-02-24,0001564590-21-008170,https://www.sec.gov/ix?doc=/Archives/edgar/data/0001596967/000156459021008170/mc-10k_20201231.htm,Item 8. Financial Statements / Notes,Segment Reporting / Consolidated Statements of Earnings,Item 7 / Item 8,us-gaap:InvestmentBankingRevenue,SRC_MC_2020_investment_banking_revenue,DIRECTLY_REPORTED,DIRECT,Gross investment banking / advisory and underwriting fees.
Moelis & Company,MC,2020,2020-12-31,dividends_paid,Dividends and non-controlling interest distributions paid,SEC_FORM_10K,2021-02-24,0001564590-21-008170,https://www.sec.gov/ix?doc=/Archives/edgar/data/0001596967/000156459021008170/mc-10k_20201231.htm,Item 8. Financial Statements,Consolidated Statements of Cash Flows,Item 7 / Item 8,us-gaap:PaymentsOfDividendsCommonStock,SRC_MC_2020_dividends_paid,DIRECTLY_REPORTED,DIRECT,Audited cash outflow from Financing Activities in Consolidated Statement of Cash Flows.
Moelis & Company,MC,2020,2020-12-31,share_repurchases,Purchases of Class A common stock and partnership units,SEC_FORM_10K,2021-02-24,0001564590-21-008170,https://www.sec.gov/ix?doc=/Archives/edgar/data/0001596967/000156459021008170/mc-10k_20201231.htm,Item 8. Financial Statements,Consolidated Statements of Cash Flows,Item 7 / Item 8,us-gaap:PaymentsForRepurchaseOfCommonStock,SRC_MC_2020_share_repurchases,DIRECTLY_REPORTED,DIRECT,Audited cash payments for equity retirement / treasury stock acquired from Financing Activities.
Moelis & Company,MC,2020,2020-12-31,total_cash_returned,Total cash returned (Dividends paid + Share repurchases),SEC_FORM_10K,2021-02-24,0001564590-21-008170,https://www.sec.gov/ix?doc=/Archives/edgar/data/0001596967/000156459021008170/mc-10k_20201231.htm,Item 8. Financial Statements,Consolidated Statements of Cash Flows (Derived),Item 7 / Item 8,Derived: CashFlows,SRC_MC_2020_total_cash_returned,DERIVED,DIRECT,"Derived: dividends_paid + share_repurchases (Inputs: SRC_MC_2020_dividends_paid, SRC_MC_2020_share_repurchases)"
Moelis & Company,MC,2020,2020-12-31,roe,N/A (Structurally non-comparable Up-C partnership / depleted equity),SEC_FORM_10K,2021-02-24,0001564590-21-008170,https://www.sec.gov/ix?doc=/Archives/edgar/data/0001596967/000156459021008170/mc-10k_20201231.htm,Item 7. MD&A,N/A,Item 7 / Item 8,,SRC_MC_2020_roe,STRUCTURALLY_NON_COMPARABLE,STRUCTURALLY_NON_COMPARABLE,"Boutiques operate Up-C partnership structures (EVR, MC) or have legacy equity deficits (LAZ); ROE omitted from 10-K steering metrics."
Moelis & Company,MC,2020,2020-12-31,rotce_or_rote,N/A,SEC_FORM_10K,2021-02-24,0001564590-21-008170,https://www.sec.gov/ix?doc=/Archives/edgar/data/0001596967/000156459021008170/mc-10k_20201231.htm,N/A,N/A,Item 7 / Item 8,,SRC_MC_2020_rotce_or_rote,NOT_APPLICABLE,NOT_APPLICABLE,Boutiques are asset-light and do not manage to or disclose ROTCE/ROTE.
Moelis & Company,MC,2020,2020-12-31,efficiency_ratio_or_overhead_ratio,N/A,SEC_FORM_10K,2021-02-24,0001564590-21-008170,https://www.sec.gov/ix?doc=/Archives/edgar/data/0001596967/000156459021008170/mc-10k_20201231.htm,N/A,N/A,Item 7 / Item 8,,SRC_MC_2020_efficiency_ratio_or_overhead_ratio,NOT_APPLICABLE,NOT_APPLICABLE,Boutiques do not manage to bank efficiency/overhead ratio; they manage to compensation ratio.
Moelis & Company,MC,2020,2020-12-31,cet1_standardized,N/A,SEC_FORM_10K,2021-02-24,0001564590-21-008170,https://www.sec.gov/ix?doc=/Archives/edgar/data/0001596967/000156459021008170/mc-10k_20201231.htm,N/A,N/A,Item 7 / Item 8,,SRC_MC_2020_cet1_standardized,NOT_APPLICABLE,NOT_APPLICABLE,Boutiques are not bank holding companies; Basel III CET1 is not applicable.
Moelis & Company,MC,2020,2020-12-31,tier1_leverage_ratio,N/A,SEC_FORM_10K,2021-02-24,0001564590-21-008170,https://www.sec.gov/ix?doc=/Archives/edgar/data/0001596967/000156459021008170/mc-10k_20201231.htm,N/A,N/A,Item 7 / Item 8,,SRC_MC_2020_tier1_leverage_ratio,NOT_APPLICABLE,NOT_APPLICABLE,Not applicable for non-BHC entities.
Moelis & Company,MC,2020,2020-12-31,supplementary_leverage_ratio,N/A,SEC_FORM_10K,2021-02-24,0001564590-21-008170,https://www.sec.gov/ix?doc=/Archives/edgar/data/0001596967/000156459021008170/mc-10k_20201231.htm,N/A,N/A,Item 7 / Item 8,,SRC_MC_2020_supplementary_leverage_ratio,NOT_APPLICABLE,NOT_APPLICABLE,Not applicable for non-BHC entities.
Moelis & Company,MC,2020,2020-12-31,tangible_common_equity,N/A,SEC_FORM_10K,2021-02-24,0001564590-21-008170,https://www.sec.gov/ix?doc=/Archives/edgar/data/0001596967/000156459021008170/mc-10k_20201231.htm,N/A,N/A,Item 7 / Item 8,,SRC_MC_2020_tangible_common_equity,NOT_APPLICABLE,NOT_APPLICABLE,Not meaningful or tracked for asset-light advisory boutiques.
Moelis & Company,MC,2020,2020-12-31,technology_or_business_investment,N/A,SEC_FORM_10K,2021-02-24,0001564590-21-008170,https://www.sec.gov/ix?doc=/Archives/edgar/data/0001596967/000156459021008170/mc-10k_20201231.htm,N/A,N/A,Item 7 / Item 8,,SRC_MC_2020_technology_or_business_investment,NOT_APPLICABLE,NOT_APPLICABLE,Tracked under advisory-specific technology variable VAR_22 for boutiques.
Moelis & Company,MC,2020,2020-12-31,relevant_balance_sheet_measure,N/A,SEC_FORM_10K,2021-02-24,0001564590-21-008170,https://www.sec.gov/ix?doc=/Archives/edgar/data/0001596967/000156459021008170/mc-10k_20201231.htm,N/A,N/A,Item 7 / Item 8,,SRC_MC_2020_relevant_balance_sheet_measure,NOT_APPLICABLE,NOT_APPLICABLE,Boutique balance sheets are orders of magnitude smaller and asset-light.
Moelis & Company,MC,2020,2020-12-31,compensation_expense,Compensation and benefits,SEC_FORM_10K,2021-02-24,0001564590-21-008170,https://www.sec.gov/ix?doc=/Archives/edgar/data/0001596967/000156459021008170/mc-10k_20201231.htm,Item 8. Financial Statements,Consolidated Statements of Operations / Earnings,Item 7 / Item 8,us-gaap:LaborAndRelatedExpenses,SRC_MC_2020_compensation_expense,DIRECTLY_REPORTED,SUB_PANEL,GAAP compensation and benefits expense. Core capital allocation channel in advisory firms.
Moelis & Company,MC,2020,2020-12-31,compensation_ratio,Compensation ratio,SEC_FORM_10K,2021-02-24,0001564590-21-008170,https://www.sec.gov/ix?doc=/Archives/edgar/data/0001596967/000156459021008170/mc-10k_20201231.htm,Item 7. MD&A,Results of Operations,Item 7 / Item 8,,SRC_MC_2020_compensation_ratio,DIRECTLY_REPORTED,SUB_PANEL,"Primary steering metric in boutique advisory firms (Inputs: SRC_MC_2020_compensation_expense, SRC_MC_2020_net_revenue)"
Moelis & Company,MC,2020,2020-12-31,operating_income,Operating Income,SEC_FORM_10K,2021-02-24,0001564590-21-008170,https://www.sec.gov/ix?doc=/Archives/edgar/data/0001596967/000156459021008170/mc-10k_20201231.htm,Item 8. Financial Statements,Consolidated Statements of Operations,Item 7 / Item 8,us-gaap:OperatingIncomeLoss,SRC_MC_2020_operating_income,DIRECTLY_REPORTED,SUB_PANEL,Directly reported operating income in boutique 10-K.
Moelis & Company,MC,2020,2020-12-31,operating_margin,Operating Margin (Operating Income / Net Revenue),SEC_FORM_10K,2021-02-24,0001564590-21-008170,https://www.sec.gov/ix?doc=/Archives/edgar/data/0001596967/000156459021008170/mc-10k_20201231.htm,Item 8. Financial Statements (Derived),Derived from Statements of Operations,Item 7 / Item 8,,SRC_MC_2020_operating_margin,DERIVED,SUB_PANEL,"Derived: operating_income / net_revenue * 100 (Inputs: SRC_MC_2020_operating_income, SRC_MC_2020_net_revenue)"
Moelis & Company,MC,2020,2020-12-31,cash,Cash and cash equivalents,SEC_FORM_10K,2021-02-24,0001564590-21-008170,https://www.sec.gov/ix?doc=/Archives/edgar/data/0001596967/000156459021008170/mc-10k_20201231.htm,Item 8. Financial Statements,Consolidated Statements of Financial Condition,Item 7 / Item 8,us-gaap:CashAndCashEquivalentsAtCarryingValue,SRC_MC_2020_cash,DIRECTLY_REPORTED,SUB_PANEL,Liquid cash cushion held by advisory boutiques.
Moelis & Company,MC,2020,2020-12-31,debt,Long-term debt / Credit facility borrowings,SEC_FORM_10K,2021-02-24,0001564590-21-008170,https://www.sec.gov/ix?doc=/Archives/edgar/data/0001596967/000156459021008170/mc-10k_20201231.htm,Item 8. Financial Statements,Consolidated Statements of Financial Condition,Item 7 / Item 8,us-gaap:LongTermDebtNoncurrent,SRC_MC_2020_debt,DIRECTLY_REPORTED,SUB_PANEL,Carrying value of funded long-term debt / senior borrowings.
Moelis & Company,MC,2020,2020-12-31,net_cash_or_net_debt,Net cash / (net debt),SEC_FORM_10K,2021-02-24,0001564590-21-008170,https://www.sec.gov/ix?doc=/Archives/edgar/data/0001596967/000156459021008170/mc-10k_20201231.htm,Item 8. Financial Statements (Derived),Derived from Consolidated Statements of Financial Condition,Item 7 / Item 8,,SRC_MC_2020_net_cash_or_net_debt,DERIVED,SUB_PANEL,"Derived: cash - debt (Inputs: SRC_MC_2020_cash, SRC_MC_2020_debt)"
Moelis & Company,MC,2020,2020-12-31,technology_or_business_investment_if_available,UNAVAILABLE (Bundled into other non-compensation expenses),SEC_FORM_10K,2021-02-24,0001564590-21-008170,https://www.sec.gov/ix?doc=/Archives/edgar/data/0001596967/000156459021008170/mc-10k_20201231.htm,Item 8. Financial Statements,Consolidated Statements of Operations,Item 7 / Item 8,,SRC_MC_2020_technology_or_business_investment_if_available,UNAVAILABLE,UNAVAILABLE,Moelis does not disclose a discrete technology expense line item in 10-K.
Moelis & Company,MC,2021,2021-12-31,net_revenue,Total revenues,SEC_FORM_10K,2022-02-23,0000950170-22-001785,https://www.sec.gov/ix?doc=/Archives/edgar/data/0001596967/000095017022001785/mc-20211231.htm,Item 8. Financial Statements,Consolidated Statements of Earnings / Operations / Income,Item 7 / Item 8,us-gaap:Revenues,SRC_MC_2021_net_revenue,DIRECTLY_REPORTED,DIRECT,Primary GAAP revenue line from Consolidated Statements of Earnings/Operations.
Moelis & Company,MC,2021,2021-12-31,investment_banking_revenue,Revenues (Advisory and Underwriting),SEC_FORM_10K,2022-02-23,0000950170-22-001785,https://www.sec.gov/ix?doc=/Archives/edgar/data/0001596967/000095017022001785/mc-20211231.htm,Item 8. Financial Statements / Notes,Segment Reporting / Consolidated Statements of Earnings,Item 7 / Item 8,us-gaap:InvestmentBankingRevenue,SRC_MC_2021_investment_banking_revenue,DIRECTLY_REPORTED,DIRECT,Gross investment banking / advisory and underwriting fees.
Moelis & Company,MC,2021,2021-12-31,dividends_paid,Dividends and non-controlling interest distributions paid,SEC_FORM_10K,2022-02-23,0000950170-22-001785,https://www.sec.gov/ix?doc=/Archives/edgar/data/0001596967/000095017022001785/mc-20211231.htm,Item 8. Financial Statements,Consolidated Statements of Cash Flows,Item 7 / Item 8,us-gaap:PaymentsOfDividendsCommonStock,SRC_MC_2021_dividends_paid,DIRECTLY_REPORTED,DIRECT,Audited cash outflow from Financing Activities in Consolidated Statement of Cash Flows.
Moelis & Company,MC,2021,2021-12-31,share_repurchases,Purchases of Class A common stock and partnership units,SEC_FORM_10K,2022-02-23,0000950170-22-001785,https://www.sec.gov/ix?doc=/Archives/edgar/data/0001596967/000095017022001785/mc-20211231.htm,Item 8. Financial Statements,Consolidated Statements of Cash Flows,Item 7 / Item 8,us-gaap:PaymentsForRepurchaseOfCommonStock,SRC_MC_2021_share_repurchases,DIRECTLY_REPORTED,DIRECT,Audited cash payments for equity retirement / treasury stock acquired from Financing Activities.
Moelis & Company,MC,2021,2021-12-31,total_cash_returned,Total cash returned (Dividends paid + Share repurchases),SEC_FORM_10K,2022-02-23,0000950170-22-001785,https://www.sec.gov/ix?doc=/Archives/edgar/data/0001596967/000095017022001785/mc-20211231.htm,Item 8. Financial Statements,Consolidated Statements of Cash Flows (Derived),Item 7 / Item 8,Derived: CashFlows,SRC_MC_2021_total_cash_returned,DERIVED,DIRECT,"Derived: dividends_paid + share_repurchases (Inputs: SRC_MC_2021_dividends_paid, SRC_MC_2021_share_repurchases)"
Moelis & Company,MC,2021,2021-12-31,roe,N/A (Structurally non-comparable Up-C partnership / depleted equity),SEC_FORM_10K,2022-02-23,0000950170-22-001785,https://www.sec.gov/ix?doc=/Archives/edgar/data/0001596967/000095017022001785/mc-20211231.htm,Item 7. MD&A,N/A,Item 7 / Item 8,,SRC_MC_2021_roe,STRUCTURALLY_NON_COMPARABLE,STRUCTURALLY_NON_COMPARABLE,"Boutiques operate Up-C partnership structures (EVR, MC) or have legacy equity deficits (LAZ); ROE omitted from 10-K steering metrics."
Moelis & Company,MC,2021,2021-12-31,rotce_or_rote,N/A,SEC_FORM_10K,2022-02-23,0000950170-22-001785,https://www.sec.gov/ix?doc=/Archives/edgar/data/0001596967/000095017022001785/mc-20211231.htm,N/A,N/A,Item 7 / Item 8,,SRC_MC_2021_rotce_or_rote,NOT_APPLICABLE,NOT_APPLICABLE,Boutiques are asset-light and do not manage to or disclose ROTCE/ROTE.
Moelis & Company,MC,2021,2021-12-31,efficiency_ratio_or_overhead_ratio,N/A,SEC_FORM_10K,2022-02-23,0000950170-22-001785,https://www.sec.gov/ix?doc=/Archives/edgar/data/0001596967/000095017022001785/mc-20211231.htm,N/A,N/A,Item 7 / Item 8,,SRC_MC_2021_efficiency_ratio_or_overhead_ratio,NOT_APPLICABLE,NOT_APPLICABLE,Boutiques do not manage to bank efficiency/overhead ratio; they manage to compensation ratio.
Moelis & Company,MC,2021,2021-12-31,cet1_standardized,N/A,SEC_FORM_10K,2022-02-23,0000950170-22-001785,https://www.sec.gov/ix?doc=/Archives/edgar/data/0001596967/000095017022001785/mc-20211231.htm,N/A,N/A,Item 7 / Item 8,,SRC_MC_2021_cet1_standardized,NOT_APPLICABLE,NOT_APPLICABLE,Boutiques are not bank holding companies; Basel III CET1 is not applicable.
Moelis & Company,MC,2021,2021-12-31,tier1_leverage_ratio,N/A,SEC_FORM_10K,2022-02-23,0000950170-22-001785,https://www.sec.gov/ix?doc=/Archives/edgar/data/0001596967/000095017022001785/mc-20211231.htm,N/A,N/A,Item 7 / Item 8,,SRC_MC_2021_tier1_leverage_ratio,NOT_APPLICABLE,NOT_APPLICABLE,Not applicable for non-BHC entities.
Moelis & Company,MC,2021,2021-12-31,supplementary_leverage_ratio,N/A,SEC_FORM_10K,2022-02-23,0000950170-22-001785,https://www.sec.gov/ix?doc=/Archives/edgar/data/0001596967/000095017022001785/mc-20211231.htm,N/A,N/A,Item 7 / Item 8,,SRC_MC_2021_supplementary_leverage_ratio,NOT_APPLICABLE,NOT_APPLICABLE,Not applicable for non-BHC entities.
Moelis & Company,MC,2021,2021-12-31,tangible_common_equity,N/A,SEC_FORM_10K,2022-02-23,0000950170-22-001785,https://www.sec.gov/ix?doc=/Archives/edgar/data/0001596967/000095017022001785/mc-20211231.htm,N/A,N/A,Item 7 / Item 8,,SRC_MC_2021_tangible_common_equity,NOT_APPLICABLE,NOT_APPLICABLE,Not meaningful or tracked for asset-light advisory boutiques.
Moelis & Company,MC,2021,2021-12-31,technology_or_business_investment,N/A,SEC_FORM_10K,2022-02-23,0000950170-22-001785,https://www.sec.gov/ix?doc=/Archives/edgar/data/0001596967/000095017022001785/mc-20211231.htm,N/A,N/A,Item 7 / Item 8,,SRC_MC_2021_technology_or_business_investment,NOT_APPLICABLE,NOT_APPLICABLE,Tracked under advisory-specific technology variable VAR_22 for boutiques.
Moelis & Company,MC,2021,2021-12-31,relevant_balance_sheet_measure,N/A,SEC_FORM_10K,2022-02-23,0000950170-22-001785,https://www.sec.gov/ix?doc=/Archives/edgar/data/0001596967/000095017022001785/mc-20211231.htm,N/A,N/A,Item 7 / Item 8,,SRC_MC_2021_relevant_balance_sheet_measure,NOT_APPLICABLE,NOT_APPLICABLE,Boutique balance sheets are orders of magnitude smaller and asset-light.
Moelis & Company,MC,2021,2021-12-31,compensation_expense,Compensation and benefits,SEC_FORM_10K,2022-02-23,0000950170-22-001785,https://www.sec.gov/ix?doc=/Archives/edgar/data/0001596967/000095017022001785/mc-20211231.htm,Item 8. Financial Statements,Consolidated Statements of Operations / Earnings,Item 7 / Item 8,us-gaap:LaborAndRelatedExpenses,SRC_MC_2021_compensation_expense,DIRECTLY_REPORTED,SUB_PANEL,GAAP compensation and benefits expense. Core capital allocation channel in advisory firms.
Moelis & Company,MC,2021,2021-12-31,compensation_ratio,Compensation ratio,SEC_FORM_10K,2022-02-23,0000950170-22-001785,https://www.sec.gov/ix?doc=/Archives/edgar/data/0001596967/000095017022001785/mc-20211231.htm,Item 7. MD&A,Results of Operations,Item 7 / Item 8,,SRC_MC_2021_compensation_ratio,DIRECTLY_REPORTED,SUB_PANEL,"Primary steering metric in boutique advisory firms (Inputs: SRC_MC_2021_compensation_expense, SRC_MC_2021_net_revenue)"
Moelis & Company,MC,2021,2021-12-31,operating_income,Operating Income,SEC_FORM_10K,2022-02-23,0000950170-22-001785,https://www.sec.gov/ix?doc=/Archives/edgar/data/0001596967/000095017022001785/mc-20211231.htm,Item 8. Financial Statements,Consolidated Statements of Operations,Item 7 / Item 8,us-gaap:OperatingIncomeLoss,SRC_MC_2021_operating_income,DIRECTLY_REPORTED,SUB_PANEL,Directly reported operating income in boutique 10-K.
Moelis & Company,MC,2021,2021-12-31,operating_margin,Operating Margin (Operating Income / Net Revenue),SEC_FORM_10K,2022-02-23,0000950170-22-001785,https://www.sec.gov/ix?doc=/Archives/edgar/data/0001596967/000095017022001785/mc-20211231.htm,Item 8. Financial Statements (Derived),Derived from Statements of Operations,Item 7 / Item 8,,SRC_MC_2021_operating_margin,DERIVED,SUB_PANEL,"Derived: operating_income / net_revenue * 100 (Inputs: SRC_MC_2021_operating_income, SRC_MC_2021_net_revenue)"
Moelis & Company,MC,2021,2021-12-31,cash,Cash and cash equivalents,SEC_FORM_10K,2022-02-23,0000950170-22-001785,https://www.sec.gov/ix?doc=/Archives/edgar/data/0001596967/000095017022001785/mc-20211231.htm,Item 8. Financial Statements,Consolidated Statements of Financial Condition,Item 7 / Item 8,us-gaap:CashAndCashEquivalentsAtCarryingValue,SRC_MC_2021_cash,DIRECTLY_REPORTED,SUB_PANEL,Liquid cash cushion held by advisory boutiques.
Moelis & Company,MC,2021,2021-12-31,debt,Long-term debt / Credit facility borrowings,SEC_FORM_10K,2022-02-23,0000950170-22-001785,https://www.sec.gov/ix?doc=/Archives/edgar/data/0001596967/000095017022001785/mc-20211231.htm,Item 8. Financial Statements,Consolidated Statements of Financial Condition,Item 7 / Item 8,us-gaap:LongTermDebtNoncurrent,SRC_MC_2021_debt,DIRECTLY_REPORTED,SUB_PANEL,Carrying value of funded long-term debt / senior borrowings.
Moelis & Company,MC,2021,2021-12-31,net_cash_or_net_debt,Net cash / (net debt),SEC_FORM_10K,2022-02-23,0000950170-22-001785,https://www.sec.gov/ix?doc=/Archives/edgar/data/0001596967/000095017022001785/mc-20211231.htm,Item 8. Financial Statements (Derived),Derived from Consolidated Statements of Financial Condition,Item 7 / Item 8,,SRC_MC_2021_net_cash_or_net_debt,DERIVED,SUB_PANEL,"Derived: cash - debt (Inputs: SRC_MC_2021_cash, SRC_MC_2021_debt)"
Moelis & Company,MC,2021,2021-12-31,technology_or_business_investment_if_available,UNAVAILABLE (Bundled into other non-compensation expenses),SEC_FORM_10K,2022-02-23,0000950170-22-001785,https://www.sec.gov/ix?doc=/Archives/edgar/data/0001596967/000095017022001785/mc-20211231.htm,Item 8. Financial Statements,Consolidated Statements of Operations,Item 7 / Item 8,,SRC_MC_2021_technology_or_business_investment_if_available,UNAVAILABLE,UNAVAILABLE,Moelis does not disclose a discrete technology expense line item in 10-K.
Moelis & Company,MC,2022,2022-12-31,net_revenue,Total revenues,SEC_FORM_10K,2023-02-23,0000950170-23-004120,https://www.sec.gov/ix?doc=/Archives/edgar/data/0001596967/000095017023004120/mc-20221231.htm,Item 8. Financial Statements,Consolidated Statements of Earnings / Operations / Income,Item 7 / Item 8,us-gaap:Revenues,SRC_MC_2022_net_revenue,DIRECTLY_REPORTED,DIRECT,Primary GAAP revenue line from Consolidated Statements of Earnings/Operations.
Moelis & Company,MC,2022,2022-12-31,investment_banking_revenue,Revenues (Advisory and Underwriting),SEC_FORM_10K,2023-02-23,0000950170-23-004120,https://www.sec.gov/ix?doc=/Archives/edgar/data/0001596967/000095017023004120/mc-20221231.htm,Item 8. Financial Statements / Notes,Segment Reporting / Consolidated Statements of Earnings,Item 7 / Item 8,us-gaap:InvestmentBankingRevenue,SRC_MC_2022_investment_banking_revenue,DIRECTLY_REPORTED,DIRECT,Gross investment banking / advisory and underwriting fees.
Moelis & Company,MC,2022,2022-12-31,dividends_paid,Dividends and non-controlling interest distributions paid,SEC_FORM_10K,2023-02-23,0000950170-23-004120,https://www.sec.gov/ix?doc=/Archives/edgar/data/0001596967/000095017023004120/mc-20221231.htm,Item 8. Financial Statements,Consolidated Statements of Cash Flows,Item 7 / Item 8,us-gaap:PaymentsOfDividendsCommonStock,SRC_MC_2022_dividends_paid,DIRECTLY_REPORTED,DIRECT,Audited cash outflow from Financing Activities in Consolidated Statement of Cash Flows.
Moelis & Company,MC,2022,2022-12-31,share_repurchases,Purchases of Class A common stock and partnership units,SEC_FORM_10K,2023-02-23,0000950170-23-004120,https://www.sec.gov/ix?doc=/Archives/edgar/data/0001596967/000095017023004120/mc-20221231.htm,Item 8. Financial Statements,Consolidated Statements of Cash Flows,Item 7 / Item 8,us-gaap:PaymentsForRepurchaseOfCommonStock,SRC_MC_2022_share_repurchases,DIRECTLY_REPORTED,DIRECT,Audited cash payments for equity retirement / treasury stock acquired from Financing Activities.
Moelis & Company,MC,2022,2022-12-31,total_cash_returned,Total cash returned (Dividends paid + Share repurchases),SEC_FORM_10K,2023-02-23,0000950170-23-004120,https://www.sec.gov/ix?doc=/Archives/edgar/data/0001596967/000095017023004120/mc-20221231.htm,Item 8. Financial Statements,Consolidated Statements of Cash Flows (Derived),Item 7 / Item 8,Derived: CashFlows,SRC_MC_2022_total_cash_returned,DERIVED,DIRECT,"Derived: dividends_paid + share_repurchases (Inputs: SRC_MC_2022_dividends_paid, SRC_MC_2022_share_repurchases)"
Moelis & Company,MC,2022,2022-12-31,roe,N/A (Structurally non-comparable Up-C partnership / depleted equity),SEC_FORM_10K,2023-02-23,0000950170-23-004120,https://www.sec.gov/ix?doc=/Archives/edgar/data/0001596967/000095017023004120/mc-20221231.htm,Item 7. MD&A,N/A,Item 7 / Item 8,,SRC_MC_2022_roe,STRUCTURALLY_NON_COMPARABLE,STRUCTURALLY_NON_COMPARABLE,"Boutiques operate Up-C partnership structures (EVR, MC) or have legacy equity deficits (LAZ); ROE omitted from 10-K steering metrics."
Moelis & Company,MC,2022,2022-12-31,rotce_or_rote,N/A,SEC_FORM_10K,2023-02-23,0000950170-23-004120,https://www.sec.gov/ix?doc=/Archives/edgar/data/0001596967/000095017023004120/mc-20221231.htm,N/A,N/A,Item 7 / Item 8,,SRC_MC_2022_rotce_or_rote,NOT_APPLICABLE,NOT_APPLICABLE,Boutiques are asset-light and do not manage to or disclose ROTCE/ROTE.
Moelis & Company,MC,2022,2022-12-31,efficiency_ratio_or_overhead_ratio,N/A,SEC_FORM_10K,2023-02-23,0000950170-23-004120,https://www.sec.gov/ix?doc=/Archives/edgar/data/0001596967/000095017023004120/mc-20221231.htm,N/A,N/A,Item 7 / Item 8,,SRC_MC_2022_efficiency_ratio_or_overhead_ratio,NOT_APPLICABLE,NOT_APPLICABLE,Boutiques do not manage to bank efficiency/overhead ratio; they manage to compensation ratio.
Moelis & Company,MC,2022,2022-12-31,cet1_standardized,N/A,SEC_FORM_10K,2023-02-23,0000950170-23-004120,https://www.sec.gov/ix?doc=/Archives/edgar/data/0001596967/000095017023004120/mc-20221231.htm,N/A,N/A,Item 7 / Item 8,,SRC_MC_2022_cet1_standardized,NOT_APPLICABLE,NOT_APPLICABLE,Boutiques are not bank holding companies; Basel III CET1 is not applicable.
Moelis & Company,MC,2022,2022-12-31,tier1_leverage_ratio,N/A,SEC_FORM_10K,2023-02-23,0000950170-23-004120,https://www.sec.gov/ix?doc=/Archives/edgar/data/0001596967/000095017023004120/mc-20221231.htm,N/A,N/A,Item 7 / Item 8,,SRC_MC_2022_tier1_leverage_ratio,NOT_APPLICABLE,NOT_APPLICABLE,Not applicable for non-BHC entities.
Moelis & Company,MC,2022,2022-12-31,supplementary_leverage_ratio,N/A,SEC_FORM_10K,2023-02-23,0000950170-23-004120,https://www.sec.gov/ix?doc=/Archives/edgar/data/0001596967/000095017023004120/mc-20221231.htm,N/A,N/A,Item 7 / Item 8,,SRC_MC_2022_supplementary_leverage_ratio,NOT_APPLICABLE,NOT_APPLICABLE,Not applicable for non-BHC entities.
Moelis & Company,MC,2022,2022-12-31,tangible_common_equity,N/A,SEC_FORM_10K,2023-02-23,0000950170-23-004120,https://www.sec.gov/ix?doc=/Archives/edgar/data/0001596967/000095017023004120/mc-20221231.htm,N/A,N/A,Item 7 / Item 8,,SRC_MC_2022_tangible_common_equity,NOT_APPLICABLE,NOT_APPLICABLE,Not meaningful or tracked for asset-light advisory boutiques.
Moelis & Company,MC,2022,2022-12-31,technology_or_business_investment,N/A,SEC_FORM_10K,2023-02-23,0000950170-23-004120,https://www.sec.gov/ix?doc=/Archives/edgar/data/0001596967/000095017023004120/mc-20221231.htm,N/A,N/A,Item 7 / Item 8,,SRC_MC_2022_technology_or_business_investment,NOT_APPLICABLE,NOT_APPLICABLE,Tracked under advisory-specific technology variable VAR_22 for boutiques.
Moelis & Company,MC,2022,2022-12-31,relevant_balance_sheet_measure,N/A,SEC_FORM_10K,2023-02-23,0000950170-23-004120,https://www.sec.gov/ix?doc=/Archives/edgar/data/0001596967/000095017023004120/mc-20221231.htm,N/A,N/A,Item 7 / Item 8,,SRC_MC_2022_relevant_balance_sheet_measure,NOT_APPLICABLE,NOT_APPLICABLE,Boutique balance sheets are orders of magnitude smaller and asset-light.
Moelis & Company,MC,2022,2022-12-31,compensation_expense,Compensation and benefits,SEC_FORM_10K,2023-02-23,0000950170-23-004120,https://www.sec.gov/ix?doc=/Archives/edgar/data/0001596967/000095017023004120/mc-20221231.htm,Item 8. Financial Statements,Consolidated Statements of Operations / Earnings,Item 7 / Item 8,us-gaap:LaborAndRelatedExpenses,SRC_MC_2022_compensation_expense,DIRECTLY_REPORTED,SUB_PANEL,GAAP compensation and benefits expense. Core capital allocation channel in advisory firms.
Moelis & Company,MC,2022,2022-12-31,compensation_ratio,Compensation ratio,SEC_FORM_10K,2023-02-23,0000950170-23-004120,https://www.sec.gov/ix?doc=/Archives/edgar/data/0001596967/000095017023004120/mc-20221231.htm,Item 7. MD&A,Results of Operations,Item 7 / Item 8,,SRC_MC_2022_compensation_ratio,DIRECTLY_REPORTED,SUB_PANEL,"Primary steering metric in boutique advisory firms (Inputs: SRC_MC_2022_compensation_expense, SRC_MC_2022_net_revenue)"
Moelis & Company,MC,2022,2022-12-31,operating_income,Operating Income,SEC_FORM_10K,2023-02-23,0000950170-23-004120,https://www.sec.gov/ix?doc=/Archives/edgar/data/0001596967/000095017023004120/mc-20221231.htm,Item 8. Financial Statements,Consolidated Statements of Operations,Item 7 / Item 8,us-gaap:OperatingIncomeLoss,SRC_MC_2022_operating_income,DIRECTLY_REPORTED,SUB_PANEL,Directly reported operating income in boutique 10-K.
Moelis & Company,MC,2022,2022-12-31,operating_margin,Operating Margin (Operating Income / Net Revenue),SEC_FORM_10K,2023-02-23,0000950170-23-004120,https://www.sec.gov/ix?doc=/Archives/edgar/data/0001596967/000095017023004120/mc-20221231.htm,Item 8. Financial Statements (Derived),Derived from Statements of Operations,Item 7 / Item 8,,SRC_MC_2022_operating_margin,DERIVED,SUB_PANEL,"Derived: operating_income / net_revenue * 100 (Inputs: SRC_MC_2022_operating_income, SRC_MC_2022_net_revenue)"
Moelis & Company,MC,2022,2022-12-31,cash,Cash and cash equivalents,SEC_FORM_10K,2023-02-23,0000950170-23-004120,https://www.sec.gov/ix?doc=/Archives/edgar/data/0001596967/000095017023004120/mc-20221231.htm,Item 8. Financial Statements,Consolidated Statements of Financial Condition,Item 7 / Item 8,us-gaap:CashAndCashEquivalentsAtCarryingValue,SRC_MC_2022_cash,DIRECTLY_REPORTED,SUB_PANEL,Liquid cash cushion held by advisory boutiques.
Moelis & Company,MC,2022,2022-12-31,debt,Long-term debt / Credit facility borrowings,SEC_FORM_10K,2023-02-23,0000950170-23-004120,https://www.sec.gov/ix?doc=/Archives/edgar/data/0001596967/000095017023004120/mc-20221231.htm,Item 8. Financial Statements,Consolidated Statements of Financial Condition,Item 7 / Item 8,us-gaap:LongTermDebtNoncurrent,SRC_MC_2022_debt,DIRECTLY_REPORTED,SUB_PANEL,Carrying value of funded long-term debt / senior borrowings.
Moelis & Company,MC,2022,2022-12-31,net_cash_or_net_debt,Net cash / (net debt),SEC_FORM_10K,2023-02-23,0000950170-23-004120,https://www.sec.gov/ix?doc=/Archives/edgar/data/0001596967/000095017023004120/mc-20221231.htm,Item 8. Financial Statements (Derived),Derived from Consolidated Statements of Financial Condition,Item 7 / Item 8,,SRC_MC_2022_net_cash_or_net_debt,DERIVED,SUB_PANEL,"Derived: cash - debt (Inputs: SRC_MC_2022_cash, SRC_MC_2022_debt)"
Moelis & Company,MC,2022,2022-12-31,technology_or_business_investment_if_available,UNAVAILABLE (Bundled into other non-compensation expenses),SEC_FORM_10K,2023-02-23,0000950170-23-004120,https://www.sec.gov/ix?doc=/Archives/edgar/data/0001596967/000095017023004120/mc-20221231.htm,Item 8. Financial Statements,Consolidated Statements of Operations,Item 7 / Item 8,,SRC_MC_2022_technology_or_business_investment_if_available,UNAVAILABLE,UNAVAILABLE,Moelis does not disclose a discrete technology expense line item in 10-K.
Moelis & Company,MC,2023,2023-12-31,net_revenue,Total revenues,SEC_FORM_10K,2024-02-22,0000950170-24-018791,https://www.sec.gov/ix?doc=/Archives/edgar/data/0001596967/000095017024018791/mc-20231231.htm,Item 8. Financial Statements,Consolidated Statements of Earnings / Operations / Income,Item 7 / Item 8,us-gaap:Revenues,SRC_MC_2023_net_revenue,DIRECTLY_REPORTED,DIRECT,Primary GAAP revenue line from Consolidated Statements of Earnings/Operations.
Moelis & Company,MC,2023,2023-12-31,investment_banking_revenue,Revenues (Advisory and Underwriting),SEC_FORM_10K,2024-02-22,0000950170-24-018791,https://www.sec.gov/ix?doc=/Archives/edgar/data/0001596967/000095017024018791/mc-20231231.htm,Item 8. Financial Statements / Notes,Segment Reporting / Consolidated Statements of Earnings,Item 7 / Item 8,us-gaap:InvestmentBankingRevenue,SRC_MC_2023_investment_banking_revenue,DIRECTLY_REPORTED,DIRECT,Gross investment banking / advisory and underwriting fees.
Moelis & Company,MC,2023,2023-12-31,dividends_paid,Dividends and non-controlling interest distributions paid,SEC_FORM_10K,2024-02-22,0000950170-24-018791,https://www.sec.gov/ix?doc=/Archives/edgar/data/0001596967/000095017024018791/mc-20231231.htm,Item 8. Financial Statements,Consolidated Statements of Cash Flows,Item 7 / Item 8,us-gaap:PaymentsOfDividendsCommonStock,SRC_MC_2023_dividends_paid,DIRECTLY_REPORTED,DIRECT,Audited cash outflow from Financing Activities in Consolidated Statement of Cash Flows.
Moelis & Company,MC,2023,2023-12-31,share_repurchases,Purchases of Class A common stock and partnership units,SEC_FORM_10K,2024-02-22,0000950170-24-018791,https://www.sec.gov/ix?doc=/Archives/edgar/data/0001596967/000095017024018791/mc-20231231.htm,Item 8. Financial Statements,Consolidated Statements of Cash Flows,Item 7 / Item 8,us-gaap:PaymentsForRepurchaseOfCommonStock,SRC_MC_2023_share_repurchases,DIRECTLY_REPORTED,DIRECT,Audited cash payments for equity retirement / treasury stock acquired from Financing Activities.
Moelis & Company,MC,2023,2023-12-31,total_cash_returned,Total cash returned (Dividends paid + Share repurchases),SEC_FORM_10K,2024-02-22,0000950170-24-018791,https://www.sec.gov/ix?doc=/Archives/edgar/data/0001596967/000095017024018791/mc-20231231.htm,Item 8. Financial Statements,Consolidated Statements of Cash Flows (Derived),Item 7 / Item 8,Derived: CashFlows,SRC_MC_2023_total_cash_returned,DERIVED,DIRECT,"Derived: dividends_paid + share_repurchases (Inputs: SRC_MC_2023_dividends_paid, SRC_MC_2023_share_repurchases)"
Moelis & Company,MC,2023,2023-12-31,roe,N/A (Structurally non-comparable Up-C partnership / depleted equity),SEC_FORM_10K,2024-02-22,0000950170-24-018791,https://www.sec.gov/ix?doc=/Archives/edgar/data/0001596967/000095017024018791/mc-20231231.htm,Item 7. MD&A,N/A,Item 7 / Item 8,,SRC_MC_2023_roe,STRUCTURALLY_NON_COMPARABLE,STRUCTURALLY_NON_COMPARABLE,"Boutiques operate Up-C partnership structures (EVR, MC) or have legacy equity deficits (LAZ); ROE omitted from 10-K steering metrics."
Moelis & Company,MC,2023,2023-12-31,rotce_or_rote,N/A,SEC_FORM_10K,2024-02-22,0000950170-24-018791,https://www.sec.gov/ix?doc=/Archives/edgar/data/0001596967/000095017024018791/mc-20231231.htm,N/A,N/A,Item 7 / Item 8,,SRC_MC_2023_rotce_or_rote,NOT_APPLICABLE,NOT_APPLICABLE,Boutiques are asset-light and do not manage to or disclose ROTCE/ROTE.
Moelis & Company,MC,2023,2023-12-31,efficiency_ratio_or_overhead_ratio,N/A,SEC_FORM_10K,2024-02-22,0000950170-24-018791,https://www.sec.gov/ix?doc=/Archives/edgar/data/0001596967/000095017024018791/mc-20231231.htm,N/A,N/A,Item 7 / Item 8,,SRC_MC_2023_efficiency_ratio_or_overhead_ratio,NOT_APPLICABLE,NOT_APPLICABLE,Boutiques do not manage to bank efficiency/overhead ratio; they manage to compensation ratio.
Moelis & Company,MC,2023,2023-12-31,cet1_standardized,N/A,SEC_FORM_10K,2024-02-22,0000950170-24-018791,https://www.sec.gov/ix?doc=/Archives/edgar/data/0001596967/000095017024018791/mc-20231231.htm,N/A,N/A,Item 7 / Item 8,,SRC_MC_2023_cet1_standardized,NOT_APPLICABLE,NOT_APPLICABLE,Boutiques are not bank holding companies; Basel III CET1 is not applicable.
Moelis & Company,MC,2023,2023-12-31,tier1_leverage_ratio,N/A,SEC_FORM_10K,2024-02-22,0000950170-24-018791,https://www.sec.gov/ix?doc=/Archives/edgar/data/0001596967/000095017024018791/mc-20231231.htm,N/A,N/A,Item 7 / Item 8,,SRC_MC_2023_tier1_leverage_ratio,NOT_APPLICABLE,NOT_APPLICABLE,Not applicable for non-BHC entities.
Moelis & Company,MC,2023,2023-12-31,supplementary_leverage_ratio,N/A,SEC_FORM_10K,2024-02-22,0000950170-24-018791,https://www.sec.gov/ix?doc=/Archives/edgar/data/0001596967/000095017024018791/mc-20231231.htm,N/A,N/A,Item 7 / Item 8,,SRC_MC_2023_supplementary_leverage_ratio,NOT_APPLICABLE,NOT_APPLICABLE,Not applicable for non-BHC entities.
Moelis & Company,MC,2023,2023-12-31,tangible_common_equity,N/A,SEC_FORM_10K,2024-02-22,0000950170-24-018791,https://www.sec.gov/ix?doc=/Archives/edgar/data/0001596967/000095017024018791/mc-20231231.htm,N/A,N/A,Item 7 / Item 8,,SRC_MC_2023_tangible_common_equity,NOT_APPLICABLE,NOT_APPLICABLE,Not meaningful or tracked for asset-light advisory boutiques.
Moelis & Company,MC,2023,2023-12-31,technology_or_business_investment,N/A,SEC_FORM_10K,2024-02-22,0000950170-24-018791,https://www.sec.gov/ix?doc=/Archives/edgar/data/0001596967/000095017024018791/mc-20231231.htm,N/A,N/A,Item 7 / Item 8,,SRC_MC_2023_technology_or_business_investment,NOT_APPLICABLE,NOT_APPLICABLE,Tracked under advisory-specific technology variable VAR_22 for boutiques.
Moelis & Company,MC,2023,2023-12-31,relevant_balance_sheet_measure,N/A,SEC_FORM_10K,2024-02-22,0000950170-24-018791,https://www.sec.gov/ix?doc=/Archives/edgar/data/0001596967/000095017024018791/mc-20231231.htm,N/A,N/A,Item 7 / Item 8,,SRC_MC_2023_relevant_balance_sheet_measure,NOT_APPLICABLE,NOT_APPLICABLE,Boutique balance sheets are orders of magnitude smaller and asset-light.
Moelis & Company,MC,2023,2023-12-31,compensation_expense,Compensation and benefits,SEC_FORM_10K,2024-02-22,0000950170-24-018791,https://www.sec.gov/ix?doc=/Archives/edgar/data/0001596967/000095017024018791/mc-20231231.htm,Item 8. Financial Statements,Consolidated Statements of Operations / Earnings,Item 7 / Item 8,us-gaap:LaborAndRelatedExpenses,SRC_MC_2023_compensation_expense,DIRECTLY_REPORTED,SUB_PANEL,GAAP compensation and benefits expense. Core capital allocation channel in advisory firms.
Moelis & Company,MC,2023,2023-12-31,compensation_ratio,Compensation ratio,SEC_FORM_10K,2024-02-22,0000950170-24-018791,https://www.sec.gov/ix?doc=/Archives/edgar/data/0001596967/000095017024018791/mc-20231231.htm,Item 7. MD&A,Results of Operations,Item 7 / Item 8,,SRC_MC_2023_compensation_ratio,DIRECTLY_REPORTED,SUB_PANEL,"Primary steering metric in boutique advisory firms (Inputs: SRC_MC_2023_compensation_expense, SRC_MC_2023_net_revenue)"
Moelis & Company,MC,2023,2023-12-31,operating_income,Operating Income,SEC_FORM_10K,2024-02-22,0000950170-24-018791,https://www.sec.gov/ix?doc=/Archives/edgar/data/0001596967/000095017024018791/mc-20231231.htm,Item 8. Financial Statements,Consolidated Statements of Operations,Item 7 / Item 8,us-gaap:OperatingIncomeLoss,SRC_MC_2023_operating_income,DIRECTLY_REPORTED,SUB_PANEL,Directly reported operating income in boutique 10-K.
Moelis & Company,MC,2023,2023-12-31,operating_margin,Operating Margin (Operating Income / Net Revenue),SEC_FORM_10K,2024-02-22,0000950170-24-018791,https://www.sec.gov/ix?doc=/Archives/edgar/data/0001596967/000095017024018791/mc-20231231.htm,Item 8. Financial Statements (Derived),Derived from Statements of Operations,Item 7 / Item 8,,SRC_MC_2023_operating_margin,DERIVED,SUB_PANEL,"Derived: operating_income / net_revenue * 100 (Inputs: SRC_MC_2023_operating_income, SRC_MC_2023_net_revenue)"
Moelis & Company,MC,2023,2023-12-31,cash,Cash and cash equivalents,SEC_FORM_10K,2024-02-22,0000950170-24-018791,https://www.sec.gov/ix?doc=/Archives/edgar/data/0001596967/000095017024018791/mc-20231231.htm,Item 8. Financial Statements,Consolidated Statements of Financial Condition,Item 7 / Item 8,us-gaap:CashAndCashEquivalentsAtCarryingValue,SRC_MC_2023_cash,DIRECTLY_REPORTED,SUB_PANEL,Liquid cash cushion held by advisory boutiques.
Moelis & Company,MC,2023,2023-12-31,debt,Long-term debt / Credit facility borrowings,SEC_FORM_10K,2024-02-22,0000950170-24-018791,https://www.sec.gov/ix?doc=/Archives/edgar/data/0001596967/000095017024018791/mc-20231231.htm,Item 8. Financial Statements,Consolidated Statements of Financial Condition,Item 7 / Item 8,us-gaap:LongTermDebtNoncurrent,SRC_MC_2023_debt,DIRECTLY_REPORTED,SUB_PANEL,Carrying value of funded long-term debt / senior borrowings.
Moelis & Company,MC,2023,2023-12-31,net_cash_or_net_debt,Net cash / (net debt),SEC_FORM_10K,2024-02-22,0000950170-24-018791,https://www.sec.gov/ix?doc=/Archives/edgar/data/0001596967/000095017024018791/mc-20231231.htm,Item 8. Financial Statements (Derived),Derived from Consolidated Statements of Financial Condition,Item 7 / Item 8,,SRC_MC_2023_net_cash_or_net_debt,DERIVED,SUB_PANEL,"Derived: cash - debt (Inputs: SRC_MC_2023_cash, SRC_MC_2023_debt)"
Moelis & Company,MC,2023,2023-12-31,technology_or_business_investment_if_available,UNAVAILABLE (Bundled into other non-compensation expenses),SEC_FORM_10K,2024-02-22,0000950170-24-018791,https://www.sec.gov/ix?doc=/Archives/edgar/data/0001596967/000095017024018791/mc-20231231.htm,Item 8. Financial Statements,Consolidated Statements of Operations,Item 7 / Item 8,,SRC_MC_2023_technology_or_business_investment_if_available,UNAVAILABLE,UNAVAILABLE,Moelis does not disclose a discrete technology expense line item in 10-K.
Moelis & Company,MC,2024,2024-12-31,net_revenue,Total revenues,SEC_FORM_10K,2025-02-27,0000950170-25-029070,https://www.sec.gov/ix?doc=/Archives/edgar/data/0001596967/000095017025029070/mc-20241231.htm,Item 8. Financial Statements,Consolidated Statements of Earnings / Operations / Income,Item 7 / Item 8,us-gaap:Revenues,SRC_MC_2024_net_revenue,DIRECTLY_REPORTED,DIRECT,Primary GAAP revenue line from Consolidated Statements of Earnings/Operations.
Moelis & Company,MC,2024,2024-12-31,investment_banking_revenue,Revenues (Advisory and Underwriting),SEC_FORM_10K,2025-02-27,0000950170-25-029070,https://www.sec.gov/ix?doc=/Archives/edgar/data/0001596967/000095017025029070/mc-20241231.htm,Item 8. Financial Statements / Notes,Segment Reporting / Consolidated Statements of Earnings,Item 7 / Item 8,us-gaap:InvestmentBankingRevenue,SRC_MC_2024_investment_banking_revenue,DIRECTLY_REPORTED,DIRECT,Gross investment banking / advisory and underwriting fees.
Moelis & Company,MC,2024,2024-12-31,dividends_paid,Dividends and non-controlling interest distributions paid,SEC_FORM_10K,2025-02-27,0000950170-25-029070,https://www.sec.gov/ix?doc=/Archives/edgar/data/0001596967/000095017025029070/mc-20241231.htm,Item 8. Financial Statements,Consolidated Statements of Cash Flows,Item 7 / Item 8,us-gaap:PaymentsOfDividendsCommonStock,SRC_MC_2024_dividends_paid,DIRECTLY_REPORTED,DIRECT,Audited cash outflow from Financing Activities in Consolidated Statement of Cash Flows.
Moelis & Company,MC,2024,2024-12-31,share_repurchases,Purchases of Class A common stock and partnership units,SEC_FORM_10K,2025-02-27,0000950170-25-029070,https://www.sec.gov/ix?doc=/Archives/edgar/data/0001596967/000095017025029070/mc-20241231.htm,Item 8. Financial Statements,Consolidated Statements of Cash Flows,Item 7 / Item 8,us-gaap:PaymentsForRepurchaseOfCommonStock,SRC_MC_2024_share_repurchases,DIRECTLY_REPORTED,DIRECT,Audited cash payments for equity retirement / treasury stock acquired from Financing Activities.
Moelis & Company,MC,2024,2024-12-31,total_cash_returned,Total cash returned (Dividends paid + Share repurchases),SEC_FORM_10K,2025-02-27,0000950170-25-029070,https://www.sec.gov/ix?doc=/Archives/edgar/data/0001596967/000095017025029070/mc-20241231.htm,Item 8. Financial Statements,Consolidated Statements of Cash Flows (Derived),Item 7 / Item 8,Derived: CashFlows,SRC_MC_2024_total_cash_returned,DERIVED,DIRECT,"Derived: dividends_paid + share_repurchases (Inputs: SRC_MC_2024_dividends_paid, SRC_MC_2024_share_repurchases)"
Moelis & Company,MC,2024,2024-12-31,roe,N/A (Structurally non-comparable Up-C partnership / depleted equity),SEC_FORM_10K,2025-02-27,0000950170-25-029070,https://www.sec.gov/ix?doc=/Archives/edgar/data/0001596967/000095017025029070/mc-20241231.htm,Item 7. MD&A,N/A,Item 7 / Item 8,,SRC_MC_2024_roe,STRUCTURALLY_NON_COMPARABLE,STRUCTURALLY_NON_COMPARABLE,"Boutiques operate Up-C partnership structures (EVR, MC) or have legacy equity deficits (LAZ); ROE omitted from 10-K steering metrics."
Moelis & Company,MC,2024,2024-12-31,rotce_or_rote,N/A,SEC_FORM_10K,2025-02-27,0000950170-25-029070,https://www.sec.gov/ix?doc=/Archives/edgar/data/0001596967/000095017025029070/mc-20241231.htm,N/A,N/A,Item 7 / Item 8,,SRC_MC_2024_rotce_or_rote,NOT_APPLICABLE,NOT_APPLICABLE,Boutiques are asset-light and do not manage to or disclose ROTCE/ROTE.
Moelis & Company,MC,2024,2024-12-31,efficiency_ratio_or_overhead_ratio,N/A,SEC_FORM_10K,2025-02-27,0000950170-25-029070,https://www.sec.gov/ix?doc=/Archives/edgar/data/0001596967/000095017025029070/mc-20241231.htm,N/A,N/A,Item 7 / Item 8,,SRC_MC_2024_efficiency_ratio_or_overhead_ratio,NOT_APPLICABLE,NOT_APPLICABLE,Boutiques do not manage to bank efficiency/overhead ratio; they manage to compensation ratio.
Moelis & Company,MC,2024,2024-12-31,cet1_standardized,N/A,SEC_FORM_10K,2025-02-27,0000950170-25-029070,https://www.sec.gov/ix?doc=/Archives/edgar/data/0001596967/000095017025029070/mc-20241231.htm,N/A,N/A,Item 7 / Item 8,,SRC_MC_2024_cet1_standardized,NOT_APPLICABLE,NOT_APPLICABLE,Boutiques are not bank holding companies; Basel III CET1 is not applicable.
Moelis & Company,MC,2024,2024-12-31,tier1_leverage_ratio,N/A,SEC_FORM_10K,2025-02-27,0000950170-25-029070,https://www.sec.gov/ix?doc=/Archives/edgar/data/0001596967/000095017025029070/mc-20241231.htm,N/A,N/A,Item 7 / Item 8,,SRC_MC_2024_tier1_leverage_ratio,NOT_APPLICABLE,NOT_APPLICABLE,Not applicable for non-BHC entities.
Moelis & Company,MC,2024,2024-12-31,supplementary_leverage_ratio,N/A,SEC_FORM_10K,2025-02-27,0000950170-25-029070,https://www.sec.gov/ix?doc=/Archives/edgar/data/0001596967/000095017025029070/mc-20241231.htm,N/A,N/A,Item 7 / Item 8,,SRC_MC_2024_supplementary_leverage_ratio,NOT_APPLICABLE,NOT_APPLICABLE,Not applicable for non-BHC entities.
Moelis & Company,MC,2024,2024-12-31,tangible_common_equity,N/A,SEC_FORM_10K,2025-02-27,0000950170-25-029070,https://www.sec.gov/ix?doc=/Archives/edgar/data/0001596967/000095017025029070/mc-20241231.htm,N/A,N/A,Item 7 / Item 8,,SRC_MC_2024_tangible_common_equity,NOT_APPLICABLE,NOT_APPLICABLE,Not meaningful or tracked for asset-light advisory boutiques.
Moelis & Company,MC,2024,2024-12-31,technology_or_business_investment,N/A,SEC_FORM_10K,2025-02-27,0000950170-25-029070,https://www.sec.gov/ix?doc=/Archives/edgar/data/0001596967/000095017025029070/mc-20241231.htm,N/A,N/A,Item 7 / Item 8,,SRC_MC_2024_technology_or_business_investment,NOT_APPLICABLE,NOT_APPLICABLE,Tracked under advisory-specific technology variable VAR_22 for boutiques.
Moelis & Company,MC,2024,2024-12-31,relevant_balance_sheet_measure,N/A,SEC_FORM_10K,2025-02-27,0000950170-25-029070,https://www.sec.gov/ix?doc=/Archives/edgar/data/0001596967/000095017025029070/mc-20241231.htm,N/A,N/A,Item 7 / Item 8,,SRC_MC_2024_relevant_balance_sheet_measure,NOT_APPLICABLE,NOT_APPLICABLE,Boutique balance sheets are orders of magnitude smaller and asset-light.
Moelis & Company,MC,2024,2024-12-31,compensation_expense,Compensation and benefits,SEC_FORM_10K,2025-02-27,0000950170-25-029070,https://www.sec.gov/ix?doc=/Archives/edgar/data/0001596967/000095017025029070/mc-20241231.htm,Item 8. Financial Statements,Consolidated Statements of Operations / Earnings,Item 7 / Item 8,us-gaap:LaborAndRelatedExpenses,SRC_MC_2024_compensation_expense,DIRECTLY_REPORTED,SUB_PANEL,GAAP compensation and benefits expense. Core capital allocation channel in advisory firms.
Moelis & Company,MC,2024,2024-12-31,compensation_ratio,Compensation ratio,SEC_FORM_10K,2025-02-27,0000950170-25-029070,https://www.sec.gov/ix?doc=/Archives/edgar/data/0001596967/000095017025029070/mc-20241231.htm,Item 7. MD&A,Results of Operations,Item 7 / Item 8,,SRC_MC_2024_compensation_ratio,DIRECTLY_REPORTED,SUB_PANEL,"Primary steering metric in boutique advisory firms (Inputs: SRC_MC_2024_compensation_expense, SRC_MC_2024_net_revenue)"
Moelis & Company,MC,2024,2024-12-31,operating_income,Operating Income,SEC_FORM_10K,2025-02-27,0000950170-25-029070,https://www.sec.gov/ix?doc=/Archives/edgar/data/0001596967/000095017025029070/mc-20241231.htm,Item 8. Financial Statements,Consolidated Statements of Operations,Item 7 / Item 8,us-gaap:OperatingIncomeLoss,SRC_MC_2024_operating_income,DIRECTLY_REPORTED,SUB_PANEL,Directly reported operating income in boutique 10-K.
Moelis & Company,MC,2024,2024-12-31,operating_margin,Operating Margin (Operating Income / Net Revenue),SEC_FORM_10K,2025-02-27,0000950170-25-029070,https://www.sec.gov/ix?doc=/Archives/edgar/data/0001596967/000095017025029070/mc-20241231.htm,Item 8. Financial Statements (Derived),Derived from Statements of Operations,Item 7 / Item 8,,SRC_MC_2024_operating_margin,DERIVED,SUB_PANEL,"Derived: operating_income / net_revenue * 100 (Inputs: SRC_MC_2024_operating_income, SRC_MC_2024_net_revenue)"
Moelis & Company,MC,2024,2024-12-31,cash,Cash and cash equivalents,SEC_FORM_10K,2025-02-27,0000950170-25-029070,https://www.sec.gov/ix?doc=/Archives/edgar/data/0001596967/000095017025029070/mc-20241231.htm,Item 8. Financial Statements,Consolidated Statements of Financial Condition,Item 7 / Item 8,us-gaap:CashAndCashEquivalentsAtCarryingValue,SRC_MC_2024_cash,DIRECTLY_REPORTED,SUB_PANEL,Liquid cash cushion held by advisory boutiques.
Moelis & Company,MC,2024,2024-12-31,debt,Long-term debt / Credit facility borrowings,SEC_FORM_10K,2025-02-27,0000950170-25-029070,https://www.sec.gov/ix?doc=/Archives/edgar/data/0001596967/000095017025029070/mc-20241231.htm,Item 8. Financial Statements,Consolidated Statements of Financial Condition,Item 7 / Item 8,us-gaap:LongTermDebtNoncurrent,SRC_MC_2024_debt,DIRECTLY_REPORTED,SUB_PANEL,Carrying value of funded long-term debt / senior borrowings.
Moelis & Company,MC,2024,2024-12-31,net_cash_or_net_debt,Net cash / (net debt),SEC_FORM_10K,2025-02-27,0000950170-25-029070,https://www.sec.gov/ix?doc=/Archives/edgar/data/0001596967/000095017025029070/mc-20241231.htm,Item 8. Financial Statements (Derived),Derived from Consolidated Statements of Financial Condition,Item 7 / Item 8,,SRC_MC_2024_net_cash_or_net_debt,DERIVED,SUB_PANEL,"Derived: cash - debt (Inputs: SRC_MC_2024_cash, SRC_MC_2024_debt)"
Moelis & Company,MC,2024,2024-12-31,technology_or_business_investment_if_available,UNAVAILABLE (Bundled into other non-compensation expenses),SEC_FORM_10K,2025-02-27,0000950170-25-029070,https://www.sec.gov/ix?doc=/Archives/edgar/data/0001596967/000095017025029070/mc-20241231.htm,Item 8. Financial Statements,Consolidated Statements of Operations,Item 7 / Item 8,,SRC_MC_2024_technology_or_business_investment_if_available,UNAVAILABLE,UNAVAILABLE,Moelis does not disclose a discrete technology expense line item in 10-K.
Jefferies Financial Group Inc.,JEF,2020,2020-11-30,net_revenue,Total net revenues,SEC_FORM_10K,2021-01-29,0000096223-21-000009,https://www.sec.gov/ix?doc=/Archives/edgar/data/0000096223/000009622321000009/jef-20201130.htm,Item 8. Financial Statements,Consolidated Statements of Earnings / Operations / Income,Item 7 / Item 8,us-gaap:RevenuesNetOfInterestExpense,SRC_JEF_2020_net_revenue,DIRECTLY_REPORTED,DIRECT,Primary GAAP revenue line from Consolidated Statements of Earnings/Operations.
Jefferies Financial Group Inc.,JEF,2020,2020-11-30,investment_banking_revenue,Investment banking,SEC_FORM_10K,2021-01-29,0000096223-21-000009,https://www.sec.gov/ix?doc=/Archives/edgar/data/0000096223/000009622321000009/jef-20201130.htm,Item 8. Financial Statements / Notes,Segment Reporting / Consolidated Statements of Earnings,Item 7 / Item 8,us-gaap:InvestmentBankingRevenue,SRC_JEF_2020_investment_banking_revenue,DIRECTLY_REPORTED,DIRECT,Gross investment banking / advisory and underwriting fees.
Jefferies Financial Group Inc.,JEF,2020,2020-11-30,dividends_paid,Dividends paid,SEC_FORM_10K,2021-01-29,0000096223-21-000009,https://www.sec.gov/ix?doc=/Archives/edgar/data/0000096223/000009622321000009/jef-20201130.htm,Item 8. Financial Statements,Consolidated Statements of Cash Flows,Item 7 / Item 8,us-gaap:PaymentsOfDividends,SRC_JEF_2020_dividends_paid,DIRECTLY_REPORTED,DIRECT,Audited cash outflow from Financing Activities in Consolidated Statement of Cash Flows.
Jefferies Financial Group Inc.,JEF,2020,2020-11-30,share_repurchases,Repurchase of common stock,SEC_FORM_10K,2021-01-29,0000096223-21-000009,https://www.sec.gov/ix?doc=/Archives/edgar/data/0000096223/000009622321000009/jef-20201130.htm,Item 8. Financial Statements,Consolidated Statements of Cash Flows,Item 7 / Item 8,us-gaap:PaymentsForRepurchaseOfCommonStock,SRC_JEF_2020_share_repurchases,DIRECTLY_REPORTED,DIRECT,Audited cash payments for equity retirement / treasury stock acquired from Financing Activities.
Jefferies Financial Group Inc.,JEF,2020,2020-11-30,total_cash_returned,Total cash returned (Dividends paid + Share repurchases),SEC_FORM_10K,2021-01-29,0000096223-21-000009,https://www.sec.gov/ix?doc=/Archives/edgar/data/0000096223/000009622321000009/jef-20201130.htm,Item 8. Financial Statements,Consolidated Statements of Cash Flows (Derived),Item 7 / Item 8,Derived: CashFlows,SRC_JEF_2020_total_cash_returned,DERIVED,DIRECT,"Derived: dividends_paid + share_repurchases (Inputs: SRC_JEF_2020_dividends_paid, SRC_JEF_2020_share_repurchases)"
Jefferies Financial Group Inc.,JEF,2020,2020-11-30,roe,Return on average common shareholders' equity,SEC_FORM_10K,2021-01-29,0000096223-21-000009,https://www.sec.gov/ix?doc=/Archives/edgar/data/0000096223/000009622321000009/jef-20201130.htm,Item 7. MD&A,Selected Financial Data / Highlights,Item 7 / Item 8,,SRC_JEF_2020_roe,DIRECTLY_REPORTED,PARTIAL,Reported for JEF parent; quarantined from primary panels due to non-BHC structure and FY shift.
Jefferies Financial Group Inc.,JEF,2020,2020-11-30,rotce_or_rote,Return on average tangible common equity (ROTE),SEC_FORM_10K,2021-01-29,0000096223-21-000009,https://www.sec.gov/ix?doc=/Archives/edgar/data/0000096223/000009622321000009/jef-20201130.htm,Item 7. MD&A,Non-GAAP Financial Measures Reconciliation,Item 7 / Item 8,,SRC_JEF_2020_rotce_or_rote,DIRECTLY_REPORTED,PARTIAL,ROTE reported by JEF; quarantined as sensitivity observation.
Jefferies Financial Group Inc.,JEF,2020,2020-11-30,efficiency_ratio_or_overhead_ratio,Non-interest expense to net revenues,SEC_FORM_10K,2021-01-29,0000096223-21-000009,https://www.sec.gov/ix?doc=/Archives/edgar/data/0000096223/000009622321000009/jef-20201130.htm,Item 7. MD&A,Selected Financial Data,Item 7 / Item 8,,SRC_JEF_2020_efficiency_ratio_or_overhead_ratio,DIRECTLY_REPORTED,PARTIAL,Operating efficiency metric reported by JEF; quarantined.
Jefferies Financial Group Inc.,JEF,2020,2020-11-30,cet1_standardized,N/A,SEC_FORM_10K,2021-01-29,0000096223-21-000009,https://www.sec.gov/ix?doc=/Archives/edgar/data/0000096223/000009622321000009/jef-20201130.htm,N/A,N/A,Item 7 / Item 8,,SRC_JEF_2020_cet1_standardized,NOT_APPLICABLE,NOT_APPLICABLE,Jefferies is a non-BHC broker-dealer holding company under SEC Rule 15c3-1; exempt from Federal Reserve Basel III CET1.
Jefferies Financial Group Inc.,JEF,2020,2020-11-30,tier1_leverage_ratio,N/A,SEC_FORM_10K,2021-01-29,0000096223-21-000009,https://www.sec.gov/ix?doc=/Archives/edgar/data/0000096223/000009622321000009/jef-20201130.htm,N/A,N/A,Item 7 / Item 8,,SRC_JEF_2020_tier1_leverage_ratio,NOT_APPLICABLE,NOT_APPLICABLE,Not applicable for non-BHC entities.
Jefferies Financial Group Inc.,JEF,2020,2020-11-30,supplementary_leverage_ratio,N/A,SEC_FORM_10K,2021-01-29,0000096223-21-000009,https://www.sec.gov/ix?doc=/Archives/edgar/data/0000096223/000009622321000009/jef-20201130.htm,N/A,N/A,Item 7 / Item 8,,SRC_JEF_2020_supplementary_leverage_ratio,NOT_APPLICABLE,NOT_APPLICABLE,Not applicable for non-BHC entities.
Jefferies Financial Group Inc.,JEF,2020,2020-11-30,tangible_common_equity,Tangible common equity,SEC_FORM_10K,2021-01-29,0000096223-21-000009,https://www.sec.gov/ix?doc=/Archives/edgar/data/0000096223/000009622321000009/jef-20201130.htm,Item 7. MD&A,Tangible Book Value per Share Reconciliation,Item 7 / Item 8,,SRC_JEF_2020_tangible_common_equity,DIRECTLY_REPORTED,PARTIAL,Tangible equity disclosed by JEF; quarantined.
Jefferies Financial Group Inc.,JEF,2020,2020-11-30,technology_or_business_investment,Technology and communications,SEC_FORM_10K,2021-01-29,0000096223-21-000009,https://www.sec.gov/ix?doc=/Archives/edgar/data/0000096223/000009622321000009/jef-20201130.htm,Item 8. Financial Statements / Notes,Non-Interest Expenses / Income Statement,Item 7 / Item 8,us-gaap:CommunicationsAndInformationTechnology,SRC_JEF_2020_technology_or_business_investment,DIRECTLY_REPORTED,PARTIAL,"High-risk variable: captures operating tech expenses (market data, telecom, IT services). Excludes capitalized software and hardware capex. Quarantined."
Jefferies Financial Group Inc.,JEF,2020,2020-11-30,relevant_balance_sheet_measure,Total assets,SEC_FORM_10K,2021-01-29,0000096223-21-000009,https://www.sec.gov/ix?doc=/Archives/edgar/data/0000096223/000009622321000009/jef-20201130.htm,Item 8. Financial Statements,Consolidated Statements of Financial Condition,Item 7 / Item 8,us-gaap:Assets,SRC_JEF_2020_relevant_balance_sheet_measure,DIRECTLY_REPORTED,SUB_PANEL,Total consolidated balance sheet assets under U.S. GAAP.
Jefferies Financial Group Inc.,JEF,2020,2020-11-30,compensation_expense,Compensation and benefits,SEC_FORM_10K,2021-01-29,0000096223-21-000009,https://www.sec.gov/ix?doc=/Archives/edgar/data/0000096223/000009622321000009/jef-20201130.htm,Item 8. Financial Statements,Consolidated Statements of Operations / Earnings,Item 7 / Item 8,us-gaap:LaborAndRelatedExpenses,SRC_JEF_2020_compensation_expense,DIRECTLY_REPORTED,SUB_PANEL,GAAP compensation and benefits expense. Core capital allocation channel in advisory firms.
Jefferies Financial Group Inc.,JEF,2020,2020-11-30,compensation_ratio,Derived compensation ratio,SEC_FORM_10K,2021-01-29,0000096223-21-000009,https://www.sec.gov/ix?doc=/Archives/edgar/data/0000096223/000009622321000009/jef-20201130.htm,Item 8. Financial Statements (Derived),Derived from Statement of Earnings,Item 7 / Item 8,,SRC_JEF_2020_compensation_ratio,DERIVED,PARTIAL,"Derived: compensation_expense / net_revenue * 100 (Inputs: SRC_JEF_2020_compensation_expense, SRC_JEF_2020_net_revenue)"
Jefferies Financial Group Inc.,JEF,2020,2020-11-30,operating_income,N/A (BHCs report Pre-Tax Income; no operating income line),SEC_FORM_10K,2021-01-29,0000096223-21-000009,https://www.sec.gov/ix?doc=/Archives/edgar/data/0000096223/000009622321000009/jef-20201130.htm,Item 8. Financial Statements,N/A,Item 7 / Item 8,,SRC_JEF_2020_operating_income,STRUCTURALLY_NON_COMPARABLE,STRUCTURALLY_NON_COMPARABLE,Bank accounting standards do not present an 'Operating Income' subtotal; banks report Income Before Income Taxes.
Jefferies Financial Group Inc.,JEF,2020,2020-11-30,operating_margin,N/A,SEC_FORM_10K,2021-01-29,0000096223-21-000009,https://www.sec.gov/ix?doc=/Archives/edgar/data/0000096223/000009622321000009/jef-20201130.htm,N/A,N/A,Item 7 / Item 8,,SRC_JEF_2020_operating_margin,STRUCTURALLY_NON_COMPARABLE,STRUCTURALLY_NON_COMPARABLE,Structurally non-comparable for BHCs due to lack of operating income line.
Jefferies Financial Group Inc.,JEF,2020,2020-11-30,cash,N/A (Bank cash represents central bank fractional reserves),SEC_FORM_10K,2021-01-29,0000096223-21-000009,https://www.sec.gov/ix?doc=/Archives/edgar/data/0000096223/000009622321000009/jef-20201130.htm,Item 8. Financial Statements,N/A,Item 7 / Item 8,,SRC_JEF_2020_cash,STRUCTURALLY_NON_COMPARABLE,STRUCTURALLY_NON_COMPARABLE,"Bank cash represents regulatory reserves and clearing balances, not discretionary corporate treasury cushions."
Jefferies Financial Group Inc.,JEF,2020,2020-11-30,debt,N/A (Bank debt funds trading books and earning assets),SEC_FORM_10K,2021-01-29,0000096223-21-000009,https://www.sec.gov/ix?doc=/Archives/edgar/data/0000096223/000009622321000009/jef-20201130.htm,Item 8. Financial Statements,N/A,Item 7 / Item 8,,SRC_JEF_2020_debt,STRUCTURALLY_NON_COMPARABLE,STRUCTURALLY_NON_COMPARABLE,"BHC debt is an operational funding mechanism for balance sheet intermediation, structurally distinct from corporate debt."
Jefferies Financial Group Inc.,JEF,2020,2020-11-30,net_cash_or_net_debt,N/A,SEC_FORM_10K,2021-01-29,0000096223-21-000009,https://www.sec.gov/ix?doc=/Archives/edgar/data/0000096223/000009622321000009/jef-20201130.htm,N/A,N/A,Item 7 / Item 8,,SRC_JEF_2020_net_cash_or_net_debt,NOT_APPLICABLE,NOT_APPLICABLE,Net debt is economically meaningless for bank holding companies.
Jefferies Financial Group Inc.,JEF,2020,2020-11-30,technology_or_business_investment_if_available,N/A,SEC_FORM_10K,2021-01-29,0000096223-21-000009,https://www.sec.gov/ix?doc=/Archives/edgar/data/0000096223/000009622321000009/jef-20201130.htm,N/A,N/A,Item 7 / Item 8,,SRC_JEF_2020_technology_or_business_investment_if_available,NOT_APPLICABLE,NOT_APPLICABLE,Tracked under BHC technology variable VAR_13 for Panel A and JEF.
Jefferies Financial Group Inc.,JEF,2021,2021-11-30,net_revenue,Total net revenues,SEC_FORM_10K,2022-01-28,0000096223-22-000006,https://www.sec.gov/ix?doc=/Archives/edgar/data/0000096223/000009622322000006/jef-20211130.htm,Item 8. Financial Statements,Consolidated Statements of Earnings / Operations / Income,Item 7 / Item 8,us-gaap:RevenuesNetOfInterestExpense,SRC_JEF_2021_net_revenue,DIRECTLY_REPORTED,DIRECT,Primary GAAP revenue line from Consolidated Statements of Earnings/Operations.
Jefferies Financial Group Inc.,JEF,2021,2021-11-30,investment_banking_revenue,Investment banking,SEC_FORM_10K,2022-01-28,0000096223-22-000006,https://www.sec.gov/ix?doc=/Archives/edgar/data/0000096223/000009622322000006/jef-20211130.htm,Item 8. Financial Statements / Notes,Segment Reporting / Consolidated Statements of Earnings,Item 7 / Item 8,us-gaap:InvestmentBankingRevenue,SRC_JEF_2021_investment_banking_revenue,DIRECTLY_REPORTED,DIRECT,Gross investment banking / advisory and underwriting fees.
Jefferies Financial Group Inc.,JEF,2021,2021-11-30,dividends_paid,Dividends paid,SEC_FORM_10K,2022-01-28,0000096223-22-000006,https://www.sec.gov/ix?doc=/Archives/edgar/data/0000096223/000009622322000006/jef-20211130.htm,Item 8. Financial Statements,Consolidated Statements of Cash Flows,Item 7 / Item 8,us-gaap:PaymentsOfDividends,SRC_JEF_2021_dividends_paid,DIRECTLY_REPORTED,DIRECT,Audited cash outflow from Financing Activities in Consolidated Statement of Cash Flows.
Jefferies Financial Group Inc.,JEF,2021,2021-11-30,share_repurchases,Repurchase of common stock,SEC_FORM_10K,2022-01-28,0000096223-22-000006,https://www.sec.gov/ix?doc=/Archives/edgar/data/0000096223/000009622322000006/jef-20211130.htm,Item 8. Financial Statements,Consolidated Statements of Cash Flows,Item 7 / Item 8,us-gaap:PaymentsForRepurchaseOfCommonStock,SRC_JEF_2021_share_repurchases,DIRECTLY_REPORTED,DIRECT,Audited cash payments for equity retirement / treasury stock acquired from Financing Activities.
Jefferies Financial Group Inc.,JEF,2021,2021-11-30,total_cash_returned,Total cash returned (Dividends paid + Share repurchases),SEC_FORM_10K,2022-01-28,0000096223-22-000006,https://www.sec.gov/ix?doc=/Archives/edgar/data/0000096223/000009622322000006/jef-20211130.htm,Item 8. Financial Statements,Consolidated Statements of Cash Flows (Derived),Item 7 / Item 8,Derived: CashFlows,SRC_JEF_2021_total_cash_returned,DERIVED,DIRECT,"Derived: dividends_paid + share_repurchases (Inputs: SRC_JEF_2021_dividends_paid, SRC_JEF_2021_share_repurchases)"
Jefferies Financial Group Inc.,JEF,2021,2021-11-30,roe,Return on average common shareholders' equity,SEC_FORM_10K,2022-01-28,0000096223-22-000006,https://www.sec.gov/ix?doc=/Archives/edgar/data/0000096223/000009622322000006/jef-20211130.htm,Item 7. MD&A,Selected Financial Data / Highlights,Item 7 / Item 8,,SRC_JEF_2021_roe,DIRECTLY_REPORTED,PARTIAL,Reported for JEF parent; quarantined from primary panels due to non-BHC structure and FY shift.
Jefferies Financial Group Inc.,JEF,2021,2021-11-30,rotce_or_rote,Return on average tangible common equity (ROTE),SEC_FORM_10K,2022-01-28,0000096223-22-000006,https://www.sec.gov/ix?doc=/Archives/edgar/data/0000096223/000009622322000006/jef-20211130.htm,Item 7. MD&A,Non-GAAP Financial Measures Reconciliation,Item 7 / Item 8,,SRC_JEF_2021_rotce_or_rote,DIRECTLY_REPORTED,PARTIAL,ROTE reported by JEF; quarantined as sensitivity observation.
Jefferies Financial Group Inc.,JEF,2021,2021-11-30,efficiency_ratio_or_overhead_ratio,Non-interest expense to net revenues,SEC_FORM_10K,2022-01-28,0000096223-22-000006,https://www.sec.gov/ix?doc=/Archives/edgar/data/0000096223/000009622322000006/jef-20211130.htm,Item 7. MD&A,Selected Financial Data,Item 7 / Item 8,,SRC_JEF_2021_efficiency_ratio_or_overhead_ratio,DIRECTLY_REPORTED,PARTIAL,Operating efficiency metric reported by JEF; quarantined.
Jefferies Financial Group Inc.,JEF,2021,2021-11-30,cet1_standardized,N/A,SEC_FORM_10K,2022-01-28,0000096223-22-000006,https://www.sec.gov/ix?doc=/Archives/edgar/data/0000096223/000009622322000006/jef-20211130.htm,N/A,N/A,Item 7 / Item 8,,SRC_JEF_2021_cet1_standardized,NOT_APPLICABLE,NOT_APPLICABLE,Jefferies is a non-BHC broker-dealer holding company under SEC Rule 15c3-1; exempt from Federal Reserve Basel III CET1.
Jefferies Financial Group Inc.,JEF,2021,2021-11-30,tier1_leverage_ratio,N/A,SEC_FORM_10K,2022-01-28,0000096223-22-000006,https://www.sec.gov/ix?doc=/Archives/edgar/data/0000096223/000009622322000006/jef-20211130.htm,N/A,N/A,Item 7 / Item 8,,SRC_JEF_2021_tier1_leverage_ratio,NOT_APPLICABLE,NOT_APPLICABLE,Not applicable for non-BHC entities.
Jefferies Financial Group Inc.,JEF,2021,2021-11-30,supplementary_leverage_ratio,N/A,SEC_FORM_10K,2022-01-28,0000096223-22-000006,https://www.sec.gov/ix?doc=/Archives/edgar/data/0000096223/000009622322000006/jef-20211130.htm,N/A,N/A,Item 7 / Item 8,,SRC_JEF_2021_supplementary_leverage_ratio,NOT_APPLICABLE,NOT_APPLICABLE,Not applicable for non-BHC entities.
Jefferies Financial Group Inc.,JEF,2021,2021-11-30,tangible_common_equity,Tangible common equity,SEC_FORM_10K,2022-01-28,0000096223-22-000006,https://www.sec.gov/ix?doc=/Archives/edgar/data/0000096223/000009622322000006/jef-20211130.htm,Item 7. MD&A,Tangible Book Value per Share Reconciliation,Item 7 / Item 8,,SRC_JEF_2021_tangible_common_equity,DIRECTLY_REPORTED,PARTIAL,Tangible equity disclosed by JEF; quarantined.
Jefferies Financial Group Inc.,JEF,2021,2021-11-30,technology_or_business_investment,Technology and communications,SEC_FORM_10K,2022-01-28,0000096223-22-000006,https://www.sec.gov/ix?doc=/Archives/edgar/data/0000096223/000009622322000006/jef-20211130.htm,Item 8. Financial Statements / Notes,Non-Interest Expenses / Income Statement,Item 7 / Item 8,us-gaap:CommunicationsAndInformationTechnology,SRC_JEF_2021_technology_or_business_investment,DIRECTLY_REPORTED,PARTIAL,"High-risk variable: captures operating tech expenses (market data, telecom, IT services). Excludes capitalized software and hardware capex. Quarantined."
Jefferies Financial Group Inc.,JEF,2021,2021-11-30,relevant_balance_sheet_measure,Total assets,SEC_FORM_10K,2022-01-28,0000096223-22-000006,https://www.sec.gov/ix?doc=/Archives/edgar/data/0000096223/000009622322000006/jef-20211130.htm,Item 8. Financial Statements,Consolidated Statements of Financial Condition,Item 7 / Item 8,us-gaap:Assets,SRC_JEF_2021_relevant_balance_sheet_measure,DIRECTLY_REPORTED,SUB_PANEL,Total consolidated balance sheet assets under U.S. GAAP.
Jefferies Financial Group Inc.,JEF,2021,2021-11-30,compensation_expense,Compensation and benefits,SEC_FORM_10K,2022-01-28,0000096223-22-000006,https://www.sec.gov/ix?doc=/Archives/edgar/data/0000096223/000009622322000006/jef-20211130.htm,Item 8. Financial Statements,Consolidated Statements of Operations / Earnings,Item 7 / Item 8,us-gaap:LaborAndRelatedExpenses,SRC_JEF_2021_compensation_expense,DIRECTLY_REPORTED,SUB_PANEL,GAAP compensation and benefits expense. Core capital allocation channel in advisory firms.
Jefferies Financial Group Inc.,JEF,2021,2021-11-30,compensation_ratio,Derived compensation ratio,SEC_FORM_10K,2022-01-28,0000096223-22-000006,https://www.sec.gov/ix?doc=/Archives/edgar/data/0000096223/000009622322000006/jef-20211130.htm,Item 8. Financial Statements (Derived),Derived from Statement of Earnings,Item 7 / Item 8,,SRC_JEF_2021_compensation_ratio,DERIVED,PARTIAL,"Derived: compensation_expense / net_revenue * 100 (Inputs: SRC_JEF_2021_compensation_expense, SRC_JEF_2021_net_revenue)"
Jefferies Financial Group Inc.,JEF,2021,2021-11-30,operating_income,N/A (BHCs report Pre-Tax Income; no operating income line),SEC_FORM_10K,2022-01-28,0000096223-22-000006,https://www.sec.gov/ix?doc=/Archives/edgar/data/0000096223/000009622322000006/jef-20211130.htm,Item 8. Financial Statements,N/A,Item 7 / Item 8,,SRC_JEF_2021_operating_income,STRUCTURALLY_NON_COMPARABLE,STRUCTURALLY_NON_COMPARABLE,Bank accounting standards do not present an 'Operating Income' subtotal; banks report Income Before Income Taxes.
Jefferies Financial Group Inc.,JEF,2021,2021-11-30,operating_margin,N/A,SEC_FORM_10K,2022-01-28,0000096223-22-000006,https://www.sec.gov/ix?doc=/Archives/edgar/data/0000096223/000009622322000006/jef-20211130.htm,N/A,N/A,Item 7 / Item 8,,SRC_JEF_2021_operating_margin,STRUCTURALLY_NON_COMPARABLE,STRUCTURALLY_NON_COMPARABLE,Structurally non-comparable for BHCs due to lack of operating income line.
Jefferies Financial Group Inc.,JEF,2021,2021-11-30,cash,N/A (Bank cash represents central bank fractional reserves),SEC_FORM_10K,2022-01-28,0000096223-22-000006,https://www.sec.gov/ix?doc=/Archives/edgar/data/0000096223/000009622322000006/jef-20211130.htm,Item 8. Financial Statements,N/A,Item 7 / Item 8,,SRC_JEF_2021_cash,STRUCTURALLY_NON_COMPARABLE,STRUCTURALLY_NON_COMPARABLE,"Bank cash represents regulatory reserves and clearing balances, not discretionary corporate treasury cushions."
Jefferies Financial Group Inc.,JEF,2021,2021-11-30,debt,N/A (Bank debt funds trading books and earning assets),SEC_FORM_10K,2022-01-28,0000096223-22-000006,https://www.sec.gov/ix?doc=/Archives/edgar/data/0000096223/000009622322000006/jef-20211130.htm,Item 8. Financial Statements,N/A,Item 7 / Item 8,,SRC_JEF_2021_debt,STRUCTURALLY_NON_COMPARABLE,STRUCTURALLY_NON_COMPARABLE,"BHC debt is an operational funding mechanism for balance sheet intermediation, structurally distinct from corporate debt."
Jefferies Financial Group Inc.,JEF,2021,2021-11-30,net_cash_or_net_debt,N/A,SEC_FORM_10K,2022-01-28,0000096223-22-000006,https://www.sec.gov/ix?doc=/Archives/edgar/data/0000096223/000009622322000006/jef-20211130.htm,N/A,N/A,Item 7 / Item 8,,SRC_JEF_2021_net_cash_or_net_debt,NOT_APPLICABLE,NOT_APPLICABLE,Net debt is economically meaningless for bank holding companies.
Jefferies Financial Group Inc.,JEF,2021,2021-11-30,technology_or_business_investment_if_available,N/A,SEC_FORM_10K,2022-01-28,0000096223-22-000006,https://www.sec.gov/ix?doc=/Archives/edgar/data/0000096223/000009622322000006/jef-20211130.htm,N/A,N/A,Item 7 / Item 8,,SRC_JEF_2021_technology_or_business_investment_if_available,NOT_APPLICABLE,NOT_APPLICABLE,Tracked under BHC technology variable VAR_13 for Panel A and JEF.
Jefferies Financial Group Inc.,JEF,2022,2022-11-30,net_revenue,Total net revenues,SEC_FORM_10K,2023-01-27,0000096223-23-000009,https://www.sec.gov/ix?doc=/Archives/edgar/data/0000096223/000009622323000009/jef-20221130.htm,Item 8. Financial Statements,Consolidated Statements of Earnings / Operations / Income,Item 7 / Item 8,us-gaap:RevenuesNetOfInterestExpense,SRC_JEF_2022_net_revenue,DIRECTLY_REPORTED,DIRECT,Primary GAAP revenue line from Consolidated Statements of Earnings/Operations.
Jefferies Financial Group Inc.,JEF,2022,2022-11-30,investment_banking_revenue,Investment banking,SEC_FORM_10K,2023-01-27,0000096223-23-000009,https://www.sec.gov/ix?doc=/Archives/edgar/data/0000096223/000009622323000009/jef-20221130.htm,Item 8. Financial Statements / Notes,Segment Reporting / Consolidated Statements of Earnings,Item 7 / Item 8,us-gaap:InvestmentBankingRevenue,SRC_JEF_2022_investment_banking_revenue,DIRECTLY_REPORTED,DIRECT,Gross investment banking / advisory and underwriting fees.
Jefferies Financial Group Inc.,JEF,2022,2022-11-30,dividends_paid,Dividends paid,SEC_FORM_10K,2023-01-27,0000096223-23-000009,https://www.sec.gov/ix?doc=/Archives/edgar/data/0000096223/000009622323000009/jef-20221130.htm,Item 8. Financial Statements,Consolidated Statements of Cash Flows,Item 7 / Item 8,us-gaap:PaymentsOfDividends,SRC_JEF_2022_dividends_paid,DIRECTLY_REPORTED,DIRECT,Audited cash outflow from Financing Activities in Consolidated Statement of Cash Flows.
Jefferies Financial Group Inc.,JEF,2022,2022-11-30,share_repurchases,Repurchase of common stock,SEC_FORM_10K,2023-01-27,0000096223-23-000009,https://www.sec.gov/ix?doc=/Archives/edgar/data/0000096223/000009622323000009/jef-20221130.htm,Item 8. Financial Statements,Consolidated Statements of Cash Flows,Item 7 / Item 8,us-gaap:PaymentsForRepurchaseOfCommonStock,SRC_JEF_2022_share_repurchases,DIRECTLY_REPORTED,DIRECT,Audited cash payments for equity retirement / treasury stock acquired from Financing Activities.
Jefferies Financial Group Inc.,JEF,2022,2022-11-30,total_cash_returned,Total cash returned (Dividends paid + Share repurchases),SEC_FORM_10K,2023-01-27,0000096223-23-000009,https://www.sec.gov/ix?doc=/Archives/edgar/data/0000096223/000009622323000009/jef-20221130.htm,Item 8. Financial Statements,Consolidated Statements of Cash Flows (Derived),Item 7 / Item 8,Derived: CashFlows,SRC_JEF_2022_total_cash_returned,DERIVED,DIRECT,"Derived: dividends_paid + share_repurchases (Inputs: SRC_JEF_2022_dividends_paid, SRC_JEF_2022_share_repurchases)"
Jefferies Financial Group Inc.,JEF,2022,2022-11-30,roe,Return on average common shareholders' equity,SEC_FORM_10K,2023-01-27,0000096223-23-000009,https://www.sec.gov/ix?doc=/Archives/edgar/data/0000096223/000009622323000009/jef-20221130.htm,Item 7. MD&A,Selected Financial Data / Highlights,Item 7 / Item 8,,SRC_JEF_2022_roe,DIRECTLY_REPORTED,PARTIAL,Reported for JEF parent; quarantined from primary panels due to non-BHC structure and FY shift.
Jefferies Financial Group Inc.,JEF,2022,2022-11-30,rotce_or_rote,Return on average tangible common equity (ROTE),SEC_FORM_10K,2023-01-27,0000096223-23-000009,https://www.sec.gov/ix?doc=/Archives/edgar/data/0000096223/000009622323000009/jef-20221130.htm,Item 7. MD&A,Non-GAAP Financial Measures Reconciliation,Item 7 / Item 8,,SRC_JEF_2022_rotce_or_rote,DIRECTLY_REPORTED,PARTIAL,ROTE reported by JEF; quarantined as sensitivity observation.
Jefferies Financial Group Inc.,JEF,2022,2022-11-30,efficiency_ratio_or_overhead_ratio,Non-interest expense to net revenues,SEC_FORM_10K,2023-01-27,0000096223-23-000009,https://www.sec.gov/ix?doc=/Archives/edgar/data/0000096223/000009622323000009/jef-20221130.htm,Item 7. MD&A,Selected Financial Data,Item 7 / Item 8,,SRC_JEF_2022_efficiency_ratio_or_overhead_ratio,DIRECTLY_REPORTED,PARTIAL,Operating efficiency metric reported by JEF; quarantined.
Jefferies Financial Group Inc.,JEF,2022,2022-11-30,cet1_standardized,N/A,SEC_FORM_10K,2023-01-27,0000096223-23-000009,https://www.sec.gov/ix?doc=/Archives/edgar/data/0000096223/000009622323000009/jef-20221130.htm,N/A,N/A,Item 7 / Item 8,,SRC_JEF_2022_cet1_standardized,NOT_APPLICABLE,NOT_APPLICABLE,Jefferies is a non-BHC broker-dealer holding company under SEC Rule 15c3-1; exempt from Federal Reserve Basel III CET1.
Jefferies Financial Group Inc.,JEF,2022,2022-11-30,tier1_leverage_ratio,N/A,SEC_FORM_10K,2023-01-27,0000096223-23-000009,https://www.sec.gov/ix?doc=/Archives/edgar/data/0000096223/000009622323000009/jef-20221130.htm,N/A,N/A,Item 7 / Item 8,,SRC_JEF_2022_tier1_leverage_ratio,NOT_APPLICABLE,NOT_APPLICABLE,Not applicable for non-BHC entities.
Jefferies Financial Group Inc.,JEF,2022,2022-11-30,supplementary_leverage_ratio,N/A,SEC_FORM_10K,2023-01-27,0000096223-23-000009,https://www.sec.gov/ix?doc=/Archives/edgar/data/0000096223/000009622323000009/jef-20221130.htm,N/A,N/A,Item 7 / Item 8,,SRC_JEF_2022_supplementary_leverage_ratio,NOT_APPLICABLE,NOT_APPLICABLE,Not applicable for non-BHC entities.
Jefferies Financial Group Inc.,JEF,2022,2022-11-30,tangible_common_equity,Tangible common equity,SEC_FORM_10K,2023-01-27,0000096223-23-000009,https://www.sec.gov/ix?doc=/Archives/edgar/data/0000096223/000009622323000009/jef-20221130.htm,Item 7. MD&A,Tangible Book Value per Share Reconciliation,Item 7 / Item 8,,SRC_JEF_2022_tangible_common_equity,DIRECTLY_REPORTED,PARTIAL,Tangible equity disclosed by JEF; quarantined.
Jefferies Financial Group Inc.,JEF,2022,2022-11-30,technology_or_business_investment,Technology and communications,SEC_FORM_10K,2023-01-27,0000096223-23-000009,https://www.sec.gov/ix?doc=/Archives/edgar/data/0000096223/000009622323000009/jef-20221130.htm,Item 8. Financial Statements / Notes,Non-Interest Expenses / Income Statement,Item 7 / Item 8,us-gaap:CommunicationsAndInformationTechnology,SRC_JEF_2022_technology_or_business_investment,DIRECTLY_REPORTED,PARTIAL,"High-risk variable: captures operating tech expenses (market data, telecom, IT services). Excludes capitalized software and hardware capex. Quarantined."
Jefferies Financial Group Inc.,JEF,2022,2022-11-30,relevant_balance_sheet_measure,Total assets,SEC_FORM_10K,2023-01-27,0000096223-23-000009,https://www.sec.gov/ix?doc=/Archives/edgar/data/0000096223/000009622323000009/jef-20221130.htm,Item 8. Financial Statements,Consolidated Statements of Financial Condition,Item 7 / Item 8,us-gaap:Assets,SRC_JEF_2022_relevant_balance_sheet_measure,DIRECTLY_REPORTED,SUB_PANEL,Total consolidated balance sheet assets under U.S. GAAP.
Jefferies Financial Group Inc.,JEF,2022,2022-11-30,compensation_expense,Compensation and benefits,SEC_FORM_10K,2023-01-27,0000096223-23-000009,https://www.sec.gov/ix?doc=/Archives/edgar/data/0000096223/000009622323000009/jef-20221130.htm,Item 8. Financial Statements,Consolidated Statements of Operations / Earnings,Item 7 / Item 8,us-gaap:LaborAndRelatedExpenses,SRC_JEF_2022_compensation_expense,DIRECTLY_REPORTED,SUB_PANEL,GAAP compensation and benefits expense. Core capital allocation channel in advisory firms.
Jefferies Financial Group Inc.,JEF,2022,2022-11-30,compensation_ratio,Derived compensation ratio,SEC_FORM_10K,2023-01-27,0000096223-23-000009,https://www.sec.gov/ix?doc=/Archives/edgar/data/0000096223/000009622323000009/jef-20221130.htm,Item 8. Financial Statements (Derived),Derived from Statement of Earnings,Item 7 / Item 8,,SRC_JEF_2022_compensation_ratio,DERIVED,PARTIAL,"Derived: compensation_expense / net_revenue * 100 (Inputs: SRC_JEF_2022_compensation_expense, SRC_JEF_2022_net_revenue)"
Jefferies Financial Group Inc.,JEF,2022,2022-11-30,operating_income,N/A (BHCs report Pre-Tax Income; no operating income line),SEC_FORM_10K,2023-01-27,0000096223-23-000009,https://www.sec.gov/ix?doc=/Archives/edgar/data/0000096223/000009622323000009/jef-20221130.htm,Item 8. Financial Statements,N/A,Item 7 / Item 8,,SRC_JEF_2022_operating_income,STRUCTURALLY_NON_COMPARABLE,STRUCTURALLY_NON_COMPARABLE,Bank accounting standards do not present an 'Operating Income' subtotal; banks report Income Before Income Taxes.
Jefferies Financial Group Inc.,JEF,2022,2022-11-30,operating_margin,N/A,SEC_FORM_10K,2023-01-27,0000096223-23-000009,https://www.sec.gov/ix?doc=/Archives/edgar/data/0000096223/000009622323000009/jef-20221130.htm,N/A,N/A,Item 7 / Item 8,,SRC_JEF_2022_operating_margin,STRUCTURALLY_NON_COMPARABLE,STRUCTURALLY_NON_COMPARABLE,Structurally non-comparable for BHCs due to lack of operating income line.
Jefferies Financial Group Inc.,JEF,2022,2022-11-30,cash,N/A (Bank cash represents central bank fractional reserves),SEC_FORM_10K,2023-01-27,0000096223-23-000009,https://www.sec.gov/ix?doc=/Archives/edgar/data/0000096223/000009622323000009/jef-20221130.htm,Item 8. Financial Statements,N/A,Item 7 / Item 8,,SRC_JEF_2022_cash,STRUCTURALLY_NON_COMPARABLE,STRUCTURALLY_NON_COMPARABLE,"Bank cash represents regulatory reserves and clearing balances, not discretionary corporate treasury cushions."
Jefferies Financial Group Inc.,JEF,2022,2022-11-30,debt,N/A (Bank debt funds trading books and earning assets),SEC_FORM_10K,2023-01-27,0000096223-23-000009,https://www.sec.gov/ix?doc=/Archives/edgar/data/0000096223/000009622323000009/jef-20221130.htm,Item 8. Financial Statements,N/A,Item 7 / Item 8,,SRC_JEF_2022_debt,STRUCTURALLY_NON_COMPARABLE,STRUCTURALLY_NON_COMPARABLE,"BHC debt is an operational funding mechanism for balance sheet intermediation, structurally distinct from corporate debt."
Jefferies Financial Group Inc.,JEF,2022,2022-11-30,net_cash_or_net_debt,N/A,SEC_FORM_10K,2023-01-27,0000096223-23-000009,https://www.sec.gov/ix?doc=/Archives/edgar/data/0000096223/000009622323000009/jef-20221130.htm,N/A,N/A,Item 7 / Item 8,,SRC_JEF_2022_net_cash_or_net_debt,NOT_APPLICABLE,NOT_APPLICABLE,Net debt is economically meaningless for bank holding companies.
Jefferies Financial Group Inc.,JEF,2022,2022-11-30,technology_or_business_investment_if_available,N/A,SEC_FORM_10K,2023-01-27,0000096223-23-000009,https://www.sec.gov/ix?doc=/Archives/edgar/data/0000096223/000009622323000009/jef-20221130.htm,N/A,N/A,Item 7 / Item 8,,SRC_JEF_2022_technology_or_business_investment_if_available,NOT_APPLICABLE,NOT_APPLICABLE,Tracked under BHC technology variable VAR_13 for Panel A and JEF.
Jefferies Financial Group Inc.,JEF,2023,2023-11-30,net_revenue,Total net revenues,SEC_FORM_10K,2024-01-26,0000096223-24-000006,https://www.sec.gov/ix?doc=/Archives/edgar/data/0000096223/000009622324000006/jef-20231130.htm,Item 8. Financial Statements,Consolidated Statements of Earnings / Operations / Income,Item 7 / Item 8,us-gaap:RevenuesNetOfInterestExpense,SRC_JEF_2023_net_revenue,DIRECTLY_REPORTED,DIRECT,Primary GAAP revenue line from Consolidated Statements of Earnings/Operations.
Jefferies Financial Group Inc.,JEF,2023,2023-11-30,investment_banking_revenue,Investment banking,SEC_FORM_10K,2024-01-26,0000096223-24-000006,https://www.sec.gov/ix?doc=/Archives/edgar/data/0000096223/000009622324000006/jef-20231130.htm,Item 8. Financial Statements / Notes,Segment Reporting / Consolidated Statements of Earnings,Item 7 / Item 8,us-gaap:InvestmentBankingRevenue,SRC_JEF_2023_investment_banking_revenue,DIRECTLY_REPORTED,DIRECT,Gross investment banking / advisory and underwriting fees.
Jefferies Financial Group Inc.,JEF,2023,2023-11-30,dividends_paid,Dividends paid,SEC_FORM_10K,2024-01-26,0000096223-24-000006,https://www.sec.gov/ix?doc=/Archives/edgar/data/0000096223/000009622324000006/jef-20231130.htm,Item 8. Financial Statements,Consolidated Statements of Cash Flows,Item 7 / Item 8,us-gaap:PaymentsOfDividends,SRC_JEF_2023_dividends_paid,DIRECTLY_REPORTED,DIRECT,Audited cash outflow from Financing Activities in Consolidated Statement of Cash Flows.
Jefferies Financial Group Inc.,JEF,2023,2023-11-30,share_repurchases,Repurchase of common stock,SEC_FORM_10K,2024-01-26,0000096223-24-000006,https://www.sec.gov/ix?doc=/Archives/edgar/data/0000096223/000009622324000006/jef-20231130.htm,Item 8. Financial Statements,Consolidated Statements of Cash Flows,Item 7 / Item 8,us-gaap:PaymentsForRepurchaseOfCommonStock,SRC_JEF_2023_share_repurchases,DIRECTLY_REPORTED,DIRECT,Audited cash payments for equity retirement / treasury stock acquired from Financing Activities.
Jefferies Financial Group Inc.,JEF,2023,2023-11-30,total_cash_returned,Total cash returned (Dividends paid + Share repurchases),SEC_FORM_10K,2024-01-26,0000096223-24-000006,https://www.sec.gov/ix?doc=/Archives/edgar/data/0000096223/000009622324000006/jef-20231130.htm,Item 8. Financial Statements,Consolidated Statements of Cash Flows (Derived),Item 7 / Item 8,Derived: CashFlows,SRC_JEF_2023_total_cash_returned,DERIVED,DIRECT,"Derived: dividends_paid + share_repurchases (Inputs: SRC_JEF_2023_dividends_paid, SRC_JEF_2023_share_repurchases)"
Jefferies Financial Group Inc.,JEF,2023,2023-11-30,roe,Return on average common shareholders' equity,SEC_FORM_10K,2024-01-26,0000096223-24-000006,https://www.sec.gov/ix?doc=/Archives/edgar/data/0000096223/000009622324000006/jef-20231130.htm,Item 7. MD&A,Selected Financial Data / Highlights,Item 7 / Item 8,,SRC_JEF_2023_roe,DIRECTLY_REPORTED,PARTIAL,Reported for JEF parent; quarantined from primary panels due to non-BHC structure and FY shift.
Jefferies Financial Group Inc.,JEF,2023,2023-11-30,rotce_or_rote,Return on average tangible common equity (ROTE),SEC_FORM_10K,2024-01-26,0000096223-24-000006,https://www.sec.gov/ix?doc=/Archives/edgar/data/0000096223/000009622324000006/jef-20231130.htm,Item 7. MD&A,Non-GAAP Financial Measures Reconciliation,Item 7 / Item 8,,SRC_JEF_2023_rotce_or_rote,DIRECTLY_REPORTED,PARTIAL,ROTE reported by JEF; quarantined as sensitivity observation.
Jefferies Financial Group Inc.,JEF,2023,2023-11-30,efficiency_ratio_or_overhead_ratio,Non-interest expense to net revenues,SEC_FORM_10K,2024-01-26,0000096223-24-000006,https://www.sec.gov/ix?doc=/Archives/edgar/data/0000096223/000009622324000006/jef-20231130.htm,Item 7. MD&A,Selected Financial Data,Item 7 / Item 8,,SRC_JEF_2023_efficiency_ratio_or_overhead_ratio,DIRECTLY_REPORTED,PARTIAL,Operating efficiency metric reported by JEF; quarantined.
Jefferies Financial Group Inc.,JEF,2023,2023-11-30,cet1_standardized,N/A,SEC_FORM_10K,2024-01-26,0000096223-24-000006,https://www.sec.gov/ix?doc=/Archives/edgar/data/0000096223/000009622324000006/jef-20231130.htm,N/A,N/A,Item 7 / Item 8,,SRC_JEF_2023_cet1_standardized,NOT_APPLICABLE,NOT_APPLICABLE,Jefferies is a non-BHC broker-dealer holding company under SEC Rule 15c3-1; exempt from Federal Reserve Basel III CET1.
Jefferies Financial Group Inc.,JEF,2023,2023-11-30,tier1_leverage_ratio,N/A,SEC_FORM_10K,2024-01-26,0000096223-24-000006,https://www.sec.gov/ix?doc=/Archives/edgar/data/0000096223/000009622324000006/jef-20231130.htm,N/A,N/A,Item 7 / Item 8,,SRC_JEF_2023_tier1_leverage_ratio,NOT_APPLICABLE,NOT_APPLICABLE,Not applicable for non-BHC entities.
Jefferies Financial Group Inc.,JEF,2023,2023-11-30,supplementary_leverage_ratio,N/A,SEC_FORM_10K,2024-01-26,0000096223-24-000006,https://www.sec.gov/ix?doc=/Archives/edgar/data/0000096223/000009622324000006/jef-20231130.htm,N/A,N/A,Item 7 / Item 8,,SRC_JEF_2023_supplementary_leverage_ratio,NOT_APPLICABLE,NOT_APPLICABLE,Not applicable for non-BHC entities.
Jefferies Financial Group Inc.,JEF,2023,2023-11-30,tangible_common_equity,Tangible common equity,SEC_FORM_10K,2024-01-26,0000096223-24-000006,https://www.sec.gov/ix?doc=/Archives/edgar/data/0000096223/000009622324000006/jef-20231130.htm,Item 7. MD&A,Tangible Book Value per Share Reconciliation,Item 7 / Item 8,,SRC_JEF_2023_tangible_common_equity,DIRECTLY_REPORTED,PARTIAL,Tangible equity disclosed by JEF; quarantined.
Jefferies Financial Group Inc.,JEF,2023,2023-11-30,technology_or_business_investment,Technology and communications,SEC_FORM_10K,2024-01-26,0000096223-24-000006,https://www.sec.gov/ix?doc=/Archives/edgar/data/0000096223/000009622324000006/jef-20231130.htm,Item 8. Financial Statements / Notes,Non-Interest Expenses / Income Statement,Item 7 / Item 8,us-gaap:CommunicationsAndInformationTechnology,SRC_JEF_2023_technology_or_business_investment,DIRECTLY_REPORTED,PARTIAL,"High-risk variable: captures operating tech expenses (market data, telecom, IT services). Excludes capitalized software and hardware capex. Quarantined."
Jefferies Financial Group Inc.,JEF,2023,2023-11-30,relevant_balance_sheet_measure,Total assets,SEC_FORM_10K,2024-01-26,0000096223-24-000006,https://www.sec.gov/ix?doc=/Archives/edgar/data/0000096223/000009622324000006/jef-20231130.htm,Item 8. Financial Statements,Consolidated Statements of Financial Condition,Item 7 / Item 8,us-gaap:Assets,SRC_JEF_2023_relevant_balance_sheet_measure,DIRECTLY_REPORTED,SUB_PANEL,Total consolidated balance sheet assets under U.S. GAAP.
Jefferies Financial Group Inc.,JEF,2023,2023-11-30,compensation_expense,Compensation and benefits,SEC_FORM_10K,2024-01-26,0000096223-24-000006,https://www.sec.gov/ix?doc=/Archives/edgar/data/0000096223/000009622324000006/jef-20231130.htm,Item 8. Financial Statements,Consolidated Statements of Operations / Earnings,Item 7 / Item 8,us-gaap:LaborAndRelatedExpenses,SRC_JEF_2023_compensation_expense,DIRECTLY_REPORTED,SUB_PANEL,GAAP compensation and benefits expense. Core capital allocation channel in advisory firms.
Jefferies Financial Group Inc.,JEF,2023,2023-11-30,compensation_ratio,Derived compensation ratio,SEC_FORM_10K,2024-01-26,0000096223-24-000006,https://www.sec.gov/ix?doc=/Archives/edgar/data/0000096223/000009622324000006/jef-20231130.htm,Item 8. Financial Statements (Derived),Derived from Statement of Earnings,Item 7 / Item 8,,SRC_JEF_2023_compensation_ratio,DERIVED,PARTIAL,"Derived: compensation_expense / net_revenue * 100 (Inputs: SRC_JEF_2023_compensation_expense, SRC_JEF_2023_net_revenue)"
Jefferies Financial Group Inc.,JEF,2023,2023-11-30,operating_income,N/A (BHCs report Pre-Tax Income; no operating income line),SEC_FORM_10K,2024-01-26,0000096223-24-000006,https://www.sec.gov/ix?doc=/Archives/edgar/data/0000096223/000009622324000006/jef-20231130.htm,Item 8. Financial Statements,N/A,Item 7 / Item 8,,SRC_JEF_2023_operating_income,STRUCTURALLY_NON_COMPARABLE,STRUCTURALLY_NON_COMPARABLE,Bank accounting standards do not present an 'Operating Income' subtotal; banks report Income Before Income Taxes.
Jefferies Financial Group Inc.,JEF,2023,2023-11-30,operating_margin,N/A,SEC_FORM_10K,2024-01-26,0000096223-24-000006,https://www.sec.gov/ix?doc=/Archives/edgar/data/0000096223/000009622324000006/jef-20231130.htm,N/A,N/A,Item 7 / Item 8,,SRC_JEF_2023_operating_margin,STRUCTURALLY_NON_COMPARABLE,STRUCTURALLY_NON_COMPARABLE,Structurally non-comparable for BHCs due to lack of operating income line.
Jefferies Financial Group Inc.,JEF,2023,2023-11-30,cash,N/A (Bank cash represents central bank fractional reserves),SEC_FORM_10K,2024-01-26,0000096223-24-000006,https://www.sec.gov/ix?doc=/Archives/edgar/data/0000096223/000009622324000006/jef-20231130.htm,Item 8. Financial Statements,N/A,Item 7 / Item 8,,SRC_JEF_2023_cash,STRUCTURALLY_NON_COMPARABLE,STRUCTURALLY_NON_COMPARABLE,"Bank cash represents regulatory reserves and clearing balances, not discretionary corporate treasury cushions."
Jefferies Financial Group Inc.,JEF,2023,2023-11-30,debt,N/A (Bank debt funds trading books and earning assets),SEC_FORM_10K,2024-01-26,0000096223-24-000006,https://www.sec.gov/ix?doc=/Archives/edgar/data/0000096223/000009622324000006/jef-20231130.htm,Item 8. Financial Statements,N/A,Item 7 / Item 8,,SRC_JEF_2023_debt,STRUCTURALLY_NON_COMPARABLE,STRUCTURALLY_NON_COMPARABLE,"BHC debt is an operational funding mechanism for balance sheet intermediation, structurally distinct from corporate debt."
Jefferies Financial Group Inc.,JEF,2023,2023-11-30,net_cash_or_net_debt,N/A,SEC_FORM_10K,2024-01-26,0000096223-24-000006,https://www.sec.gov/ix?doc=/Archives/edgar/data/0000096223/000009622324000006/jef-20231130.htm,N/A,N/A,Item 7 / Item 8,,SRC_JEF_2023_net_cash_or_net_debt,NOT_APPLICABLE,NOT_APPLICABLE,Net debt is economically meaningless for bank holding companies.
Jefferies Financial Group Inc.,JEF,2023,2023-11-30,technology_or_business_investment_if_available,N/A,SEC_FORM_10K,2024-01-26,0000096223-24-000006,https://www.sec.gov/ix?doc=/Archives/edgar/data/0000096223/000009622324000006/jef-20231130.htm,N/A,N/A,Item 7 / Item 8,,SRC_JEF_2023_technology_or_business_investment_if_available,NOT_APPLICABLE,NOT_APPLICABLE,Tracked under BHC technology variable VAR_13 for Panel A and JEF.
Jefferies Financial Group Inc.,JEF,2024,2024-11-30,net_revenue,Total net revenues,SEC_FORM_10K,2025-01-28,0001628280-25-002833,https://www.sec.gov/ix?doc=/Archives/edgar/data/0000096223/000162828025002833/jef-20241130.htm,Item 8. Financial Statements,Consolidated Statements of Earnings / Operations / Income,Item 7 / Item 8,us-gaap:RevenuesNetOfInterestExpense,SRC_JEF_2024_net_revenue,DIRECTLY_REPORTED,DIRECT,Primary GAAP revenue line from Consolidated Statements of Earnings/Operations.
Jefferies Financial Group Inc.,JEF,2024,2024-11-30,investment_banking_revenue,Investment banking,SEC_FORM_10K,2025-01-28,0001628280-25-002833,https://www.sec.gov/ix?doc=/Archives/edgar/data/0000096223/000162828025002833/jef-20241130.htm,Item 8. Financial Statements / Notes,Segment Reporting / Consolidated Statements of Earnings,Item 7 / Item 8,us-gaap:InvestmentBankingRevenue,SRC_JEF_2024_investment_banking_revenue,DIRECTLY_REPORTED,DIRECT,Gross investment banking / advisory and underwriting fees.
Jefferies Financial Group Inc.,JEF,2024,2024-11-30,dividends_paid,Dividends paid,SEC_FORM_10K,2025-01-28,0001628280-25-002833,https://www.sec.gov/ix?doc=/Archives/edgar/data/0000096223/000162828025002833/jef-20241130.htm,Item 8. Financial Statements,Consolidated Statements of Cash Flows,Item 7 / Item 8,us-gaap:PaymentsOfDividends,SRC_JEF_2024_dividends_paid,DIRECTLY_REPORTED,DIRECT,Audited cash outflow from Financing Activities in Consolidated Statement of Cash Flows.
Jefferies Financial Group Inc.,JEF,2024,2024-11-30,share_repurchases,Repurchase of common stock,SEC_FORM_10K,2025-01-28,0001628280-25-002833,https://www.sec.gov/ix?doc=/Archives/edgar/data/0000096223/000162828025002833/jef-20241130.htm,Item 8. Financial Statements,Consolidated Statements of Cash Flows,Item 7 / Item 8,us-gaap:PaymentsForRepurchaseOfCommonStock,SRC_JEF_2024_share_repurchases,DIRECTLY_REPORTED,DIRECT,Audited cash payments for equity retirement / treasury stock acquired from Financing Activities.
Jefferies Financial Group Inc.,JEF,2024,2024-11-30,total_cash_returned,Total cash returned (Dividends paid + Share repurchases),SEC_FORM_10K,2025-01-28,0001628280-25-002833,https://www.sec.gov/ix?doc=/Archives/edgar/data/0000096223/000162828025002833/jef-20241130.htm,Item 8. Financial Statements,Consolidated Statements of Cash Flows (Derived),Item 7 / Item 8,Derived: CashFlows,SRC_JEF_2024_total_cash_returned,DERIVED,DIRECT,"Derived: dividends_paid + share_repurchases (Inputs: SRC_JEF_2024_dividends_paid, SRC_JEF_2024_share_repurchases)"
Jefferies Financial Group Inc.,JEF,2024,2024-11-30,roe,Return on average common shareholders' equity,SEC_FORM_10K,2025-01-28,0001628280-25-002833,https://www.sec.gov/ix?doc=/Archives/edgar/data/0000096223/000162828025002833/jef-20241130.htm,Item 7. MD&A,Selected Financial Data / Highlights,Item 7 / Item 8,,SRC_JEF_2024_roe,DIRECTLY_REPORTED,PARTIAL,Reported for JEF parent; quarantined from primary panels due to non-BHC structure and FY shift.
Jefferies Financial Group Inc.,JEF,2024,2024-11-30,rotce_or_rote,Return on average tangible common equity (ROTE),SEC_FORM_10K,2025-01-28,0001628280-25-002833,https://www.sec.gov/ix?doc=/Archives/edgar/data/0000096223/000162828025002833/jef-20241130.htm,Item 7. MD&A,Non-GAAP Financial Measures Reconciliation,Item 7 / Item 8,,SRC_JEF_2024_rotce_or_rote,DIRECTLY_REPORTED,PARTIAL,ROTE reported by JEF; quarantined as sensitivity observation.
Jefferies Financial Group Inc.,JEF,2024,2024-11-30,efficiency_ratio_or_overhead_ratio,Non-interest expense to net revenues,SEC_FORM_10K,2025-01-28,0001628280-25-002833,https://www.sec.gov/ix?doc=/Archives/edgar/data/0000096223/000162828025002833/jef-20241130.htm,Item 7. MD&A,Selected Financial Data,Item 7 / Item 8,,SRC_JEF_2024_efficiency_ratio_or_overhead_ratio,DIRECTLY_REPORTED,PARTIAL,Operating efficiency metric reported by JEF; quarantined.
Jefferies Financial Group Inc.,JEF,2024,2024-11-30,cet1_standardized,N/A,SEC_FORM_10K,2025-01-28,0001628280-25-002833,https://www.sec.gov/ix?doc=/Archives/edgar/data/0000096223/000162828025002833/jef-20241130.htm,N/A,N/A,Item 7 / Item 8,,SRC_JEF_2024_cet1_standardized,NOT_APPLICABLE,NOT_APPLICABLE,Jefferies is a non-BHC broker-dealer holding company under SEC Rule 15c3-1; exempt from Federal Reserve Basel III CET1.
Jefferies Financial Group Inc.,JEF,2024,2024-11-30,tier1_leverage_ratio,N/A,SEC_FORM_10K,2025-01-28,0001628280-25-002833,https://www.sec.gov/ix?doc=/Archives/edgar/data/0000096223/000162828025002833/jef-20241130.htm,N/A,N/A,Item 7 / Item 8,,SRC_JEF_2024_tier1_leverage_ratio,NOT_APPLICABLE,NOT_APPLICABLE,Not applicable for non-BHC entities.
Jefferies Financial Group Inc.,JEF,2024,2024-11-30,supplementary_leverage_ratio,N/A,SEC_FORM_10K,2025-01-28,0001628280-25-002833,https://www.sec.gov/ix?doc=/Archives/edgar/data/0000096223/000162828025002833/jef-20241130.htm,N/A,N/A,Item 7 / Item 8,,SRC_JEF_2024_supplementary_leverage_ratio,NOT_APPLICABLE,NOT_APPLICABLE,Not applicable for non-BHC entities.
Jefferies Financial Group Inc.,JEF,2024,2024-11-30,tangible_common_equity,Tangible common equity,SEC_FORM_10K,2025-01-28,0001628280-25-002833,https://www.sec.gov/ix?doc=/Archives/edgar/data/0000096223/000162828025002833/jef-20241130.htm,Item 7. MD&A,Tangible Book Value per Share Reconciliation,Item 7 / Item 8,,SRC_JEF_2024_tangible_common_equity,DIRECTLY_REPORTED,PARTIAL,Tangible equity disclosed by JEF; quarantined.
Jefferies Financial Group Inc.,JEF,2024,2024-11-30,technology_or_business_investment,Technology and communications,SEC_FORM_10K,2025-01-28,0001628280-25-002833,https://www.sec.gov/ix?doc=/Archives/edgar/data/0000096223/000162828025002833/jef-20241130.htm,Item 8. Financial Statements / Notes,Non-Interest Expenses / Income Statement,Item 7 / Item 8,us-gaap:CommunicationsAndInformationTechnology,SRC_JEF_2024_technology_or_business_investment,DIRECTLY_REPORTED,PARTIAL,"High-risk variable: captures operating tech expenses (market data, telecom, IT services). Excludes capitalized software and hardware capex. Quarantined."
Jefferies Financial Group Inc.,JEF,2024,2024-11-30,relevant_balance_sheet_measure,Total assets,SEC_FORM_10K,2025-01-28,0001628280-25-002833,https://www.sec.gov/ix?doc=/Archives/edgar/data/0000096223/000162828025002833/jef-20241130.htm,Item 8. Financial Statements,Consolidated Statements of Financial Condition,Item 7 / Item 8,us-gaap:Assets,SRC_JEF_2024_relevant_balance_sheet_measure,DIRECTLY_REPORTED,SUB_PANEL,Total consolidated balance sheet assets under U.S. GAAP.
Jefferies Financial Group Inc.,JEF,2024,2024-11-30,compensation_expense,Compensation and benefits,SEC_FORM_10K,2025-01-28,0001628280-25-002833,https://www.sec.gov/ix?doc=/Archives/edgar/data/0000096223/000162828025002833/jef-20241130.htm,Item 8. Financial Statements,Consolidated Statements of Operations / Earnings,Item 7 / Item 8,us-gaap:LaborAndRelatedExpenses,SRC_JEF_2024_compensation_expense,DIRECTLY_REPORTED,SUB_PANEL,GAAP compensation and benefits expense. Core capital allocation channel in advisory firms.
Jefferies Financial Group Inc.,JEF,2024,2024-11-30,compensation_ratio,Derived compensation ratio,SEC_FORM_10K,2025-01-28,0001628280-25-002833,https://www.sec.gov/ix?doc=/Archives/edgar/data/0000096223/000162828025002833/jef-20241130.htm,Item 8. Financial Statements (Derived),Derived from Statement of Earnings,Item 7 / Item 8,,SRC_JEF_2024_compensation_ratio,DERIVED,PARTIAL,"Derived: compensation_expense / net_revenue * 100 (Inputs: SRC_JEF_2024_compensation_expense, SRC_JEF_2024_net_revenue)"
Jefferies Financial Group Inc.,JEF,2024,2024-11-30,operating_income,N/A (BHCs report Pre-Tax Income; no operating income line),SEC_FORM_10K,2025-01-28,0001628280-25-002833,https://www.sec.gov/ix?doc=/Archives/edgar/data/0000096223/000162828025002833/jef-20241130.htm,Item 8. Financial Statements,N/A,Item 7 / Item 8,,SRC_JEF_2024_operating_income,STRUCTURALLY_NON_COMPARABLE,STRUCTURALLY_NON_COMPARABLE,Bank accounting standards do not present an 'Operating Income' subtotal; banks report Income Before Income Taxes.
Jefferies Financial Group Inc.,JEF,2024,2024-11-30,operating_margin,N/A,SEC_FORM_10K,2025-01-28,0001628280-25-002833,https://www.sec.gov/ix?doc=/Archives/edgar/data/0000096223/000162828025002833/jef-20241130.htm,N/A,N/A,Item 7 / Item 8,,SRC_JEF_2024_operating_margin,STRUCTURALLY_NON_COMPARABLE,STRUCTURALLY_NON_COMPARABLE,Structurally non-comparable for BHCs due to lack of operating income line.
Jefferies Financial Group Inc.,JEF,2024,2024-11-30,cash,N/A (Bank cash represents central bank fractional reserves),SEC_FORM_10K,2025-01-28,0001628280-25-002833,https://www.sec.gov/ix?doc=/Archives/edgar/data/0000096223/000162828025002833/jef-20241130.htm,Item 8. Financial Statements,N/A,Item 7 / Item 8,,SRC_JEF_2024_cash,STRUCTURALLY_NON_COMPARABLE,STRUCTURALLY_NON_COMPARABLE,"Bank cash represents regulatory reserves and clearing balances, not discretionary corporate treasury cushions."
Jefferies Financial Group Inc.,JEF,2024,2024-11-30,debt,N/A (Bank debt funds trading books and earning assets),SEC_FORM_10K,2025-01-28,0001628280-25-002833,https://www.sec.gov/ix?doc=/Archives/edgar/data/0000096223/000162828025002833/jef-20241130.htm,Item 8. Financial Statements,N/A,Item 7 / Item 8,,SRC_JEF_2024_debt,STRUCTURALLY_NON_COMPARABLE,STRUCTURALLY_NON_COMPARABLE,"BHC debt is an operational funding mechanism for balance sheet intermediation, structurally distinct from corporate debt."
Jefferies Financial Group Inc.,JEF,2024,2024-11-30,net_cash_or_net_debt,N/A,SEC_FORM_10K,2025-01-28,0001628280-25-002833,https://www.sec.gov/ix?doc=/Archives/edgar/data/0000096223/000162828025002833/jef-20241130.htm,N/A,N/A,Item 7 / Item 8,,SRC_JEF_2024_net_cash_or_net_debt,NOT_APPLICABLE,NOT_APPLICABLE,Net debt is economically meaningless for bank holding companies.
Jefferies Financial Group Inc.,JEF,2024,2024-11-30,technology_or_business_investment_if_available,N/A,SEC_FORM_10K,2025-01-28,0001628280-25-002833,https://www.sec.gov/ix?doc=/Archives/edgar/data/0000096223/000162828025002833/jef-20241130.htm,N/A,N/A,Item 7 / Item 8,,SRC_JEF_2024_technology_or_business_investment_if_available,NOT_APPLICABLE,NOT_APPLICABLE,Tracked under BHC technology variable VAR_13 for Panel A and JEF.
